location_id,latitude,longitude,timestamp,activity_type
LOC_01502,16.688884,74.254515,2026-01-28 15:33:00,pickup
LOC_02587,16.731476,74.188504,2026-03-17 00:07:00,pickup
LOC_02654,16.734039,74.201271,2026-02-04 17:27:00,commute
LOC_01056,16.721374,74.253921,2026-02-15 08:06:00,delivery
LOC_00706,16.697192,74.237973,2026-01-31 20:07:00,visit
LOC_00107,16.6974,74.239128,2026-03-30 15:20:00,pickup
LOC_00590,16.717889,74.251967,2026-01-03 00:06:00,commute
LOC_02469,16.727263,74.198277,2026-03-13 23:15:00,dropoff
LOC_02414,16.72196,74.190834,2026-01-28 15:10:00,commute
LOC_01601,16.692868,74.268685,2026-01-28 19:16:00,pickup
LOC_02465,16.730285,74.208495,2026-03-05 06:18:00,delivery
LOC_00229,16.698174,74.238307,2026-03-07 07:10:00,visit
LOC_00916,16.694952,74.259498,2026-01-23 00:15:00,commute
LOC_00795,16.690706,74.231063,2026-02-13 02:28:00,visit
LOC_03022,18.532737,73.844864,2026-02-06 09:18:00,delivery
LOC_03544,19.063368,72.874661,2026-02-02 12:11:00,visit
LOC_01074,16.706214,74.254653,2026-02-27 23:13:00,dropoff
LOC_03352,18.505414,73.87026,2026-02-13 09:29:00,visit
LOC_01745,16.68218,74.210822,2026-03-08 03:49:00,pickup
LOC_01085,16.689056,74.255024,2026-02-14 00:05:00,commute
LOC_00927,16.689134,74.261848,2026-01-16 03:28:00,commute
LOC_03050,18.510605,73.853865,2026-01-28 14:40:00,delivery
LOC_01118,16.717873,74.257432,2026-01-25 16:20:00,commute
LOC_00643,16.721421,74.23802,2026-02-19 07:13:00,visit
LOC_04768,17.666587,74.728539,2026-01-20 06:53:00,visit
LOC_00502,16.712161,74.247498,2026-01-07 09:53:00,delivery
LOC_04067,19.564191,74.259595,2026-02-11 10:43:00,pickup
LOC_00334,16.69689,74.248063,2026-03-22 08:59:00,commute
LOC_04685,19.2444,74.529847,2026-03-19 17:59:00,delivery
LOC_00487,16.698764,74.246748,2026-01-12 04:03:00,delivery
LOC_01963,16.677587,74.224766,2026-02-15 07:40:00,commute
LOC_00394,16.708675,74.238752,2026-01-04 19:54:00,commute
LOC_04843,18.764607,73.653738,2026-03-21 03:02:00,pickup
LOC_04867,19.182393,72.501751,2026-01-22 04:05:00,commute
LOC_01756,16.700227,74.223009,2026-03-27 18:21:00,dropoff
LOC_02516,16.733637,74.208034,2026-02-09 10:58:00,commute
LOC_03586,19.070574,72.897173,2026-01-01 08:02:00,visit
LOC_04316,19.85043,72.759706,2026-02-18 03:18:00,commute
LOC_04967,18.845193,75.090462,2026-02-20 03:33:00,delivery
LOC_02100,16.665223,74.22927,2026-01-18 00:56:00,dropoff
LOC_03600,19.071077,72.884901,2026-02-21 02:30:00,visit
LOC_04122,16.98154,72.819169,2026-01-10 23:56:00,dropoff
LOC_00030,16.708447,74.242776,2026-03-29 12:16:00,commute
LOC_00066,16.711347,74.25226,2026-02-16 23:47:00,dropoff
LOC_00839,16.719699,74.241869,2026-03-29 09:46:00,commute
LOC_03907,16.851787,73.691995,2026-03-10 11:56:00,delivery
LOC_03774,19.077341,72.867916,2026-03-23 16:10:00,dropoff
LOC_04636,18.242485,72.955819,2026-01-28 08:47:00,visit
LOC_03162,18.530174,73.860343,2026-03-19 09:17:00,dropoff
LOC_02660,16.733087,74.199059,2026-02-14 15:44:00,visit
LOC_04616,18.732553,72.591588,2026-02-07 12:05:00,dropoff
LOC_04629,16.948812,75.140437,2026-01-12 12:51:00,commute
LOC_02452,16.728666,74.187786,2026-02-03 09:52:00,visit
LOC_02847,16.728951,74.199974,2026-02-27 21:00:00,dropoff
LOC_01145,16.702696,74.258805,2026-01-08 03:47:00,commute
LOC_03079,18.523719,73.864159,2026-03-12 05:31:00,pickup
LOC_01104,16.703432,74.271438,2026-03-20 02:55:00,delivery
LOC_00169,16.703747,74.240305,2026-03-02 04:13:00,pickup
LOC_01671,16.684668,74.229913,2026-01-21 18:38:00,dropoff
LOC_02571,16.733614,74.203295,2026-03-07 05:28:00,visit
LOC_02378,16.728723,74.205596,2026-03-19 02:53:00,visit
LOC_04396,16.643252,73.091026,2026-02-11 16:15:00,commute
LOC_04258,17.12277,72.795261,2026-02-09 08:54:00,pickup
LOC_03863,19.079122,72.877721,2026-02-24 00:55:00,pickup
LOC_00024,16.703764,74.243504,2026-02-01 11:03:00,commute
LOC_02634,16.728616,74.214993,2026-03-29 00:34:00,pickup
LOC_03341,18.523432,73.85745,2026-02-24 07:22:00,delivery
LOC_02216,16.672353,74.225922,2026-01-15 10:38:00,visit
LOC_03683,19.067957,72.905445,2026-03-03 21:13:00,commute
LOC_04725,18.34748,73.878882,2026-02-12 22:37:00,visit
LOC_01908,16.668783,74.234182,2026-02-23 22:39:00,pickup
LOC_00085,16.695433,74.245477,2026-03-13 22:58:00,delivery
LOC_00228,16.720015,74.265474,2026-01-21 03:43:00,dropoff
LOC_00297,16.707368,74.246785,2026-01-10 10:24:00,visit
LOC_01002,16.706249,74.247821,2026-03-23 20:05:00,delivery
LOC_02139,16.674996,74.225043,2026-02-12 23:53:00,pickup
LOC_00712,16.710613,74.244119,2026-01-12 03:42:00,visit
LOC_02802,16.736609,74.195477,2026-03-04 08:43:00,visit
LOC_02528,16.731904,74.201659,2026-01-04 09:24:00,commute
LOC_03753,19.069665,72.87332,2026-03-17 09:13:00,commute
LOC_03322,18.508817,73.833101,2026-01-12 09:49:00,visit
LOC_03182,18.538817,73.841942,2026-02-08 15:32:00,delivery
LOC_04184,17.920269,74.336996,2026-03-25 01:11:00,visit
LOC_01616,16.706153,74.266473,2026-01-14 13:36:00,delivery
LOC_03025,18.511209,73.860787,2026-01-02 07:09:00,visit
LOC_01414,16.702854,74.259771,2026-03-19 06:01:00,commute
LOC_00764,16.710095,74.243629,2026-02-04 01:49:00,visit
LOC_00656,16.707555,74.24699,2026-03-19 08:35:00,dropoff
LOC_04798,19.235877,72.852983,2026-03-30 13:10:00,visit
LOC_03850,19.081277,72.874063,2026-01-25 13:48:00,visit
LOC_04154,19.947064,73.380629,2026-01-07 15:11:00,visit
LOC_00469,16.713848,74.23112,2026-02-23 09:08:00,delivery
LOC_00158,16.712862,74.240001,2026-02-14 06:18:00,dropoff
LOC_01296,16.692769,74.262266,2026-02-23 17:10:00,dropoff
LOC_00498,16.702315,74.237142,2026-03-02 16:15:00,pickup
LOC_04741,18.818556,73.566482,2026-03-10 14:05:00,commute
LOC_02941,16.733457,74.197534,2026-03-13 04:31:00,visit
LOC_03457,18.506731,73.84209,2026-03-22 12:18:00,visit
LOC_00374,16.711735,74.24926,2026-02-09 12:37:00,delivery
LOC_00080,16.702525,74.243606,2026-01-24 11:07:00,commute
LOC_01554,16.704986,74.264719,2026-01-22 03:28:00,pickup
LOC_01670,16.689059,74.221341,2026-02-05 12:16:00,commute
LOC_02132,16.678455,74.22373,2026-03-27 04:32:00,dropoff
LOC_04440,19.840147,72.798313,2026-03-28 09:23:00,visit
LOC_00466,16.701331,74.25769,2026-01-20 18:17:00,commute
LOC_00249,16.728241,74.250789,2026-01-30 00:27:00,visit
LOC_00932,16.690164,74.258577,2026-03-11 19:34:00,commute
LOC_01336,16.694789,74.261635,2026-01-26 23:08:00,commute
LOC_04525,17.358807,74.980599,2026-03-25 03:47:00,commute
LOC_01339,16.7154,74.265126,2026-03-21 13:39:00,commute
LOC_01407,16.703582,74.276733,2026-03-20 22:56:00,visit
LOC_01091,16.693425,74.251727,2026-03-11 09:28:00,visit
LOC_04210,18.863616,74.0702,2026-03-12 06:46:00,pickup
LOC_00743,16.696835,74.241609,2026-02-01 06:58:00,commute
LOC_02324,16.677974,74.229918,2026-02-14 17:21:00,dropoff
LOC_03602,19.089105,72.867052,2026-03-31 23:19:00,visit
LOC_02124,16.678889,74.213198,2026-02-15 16:12:00,visit
LOC_02095,16.685359,74.215314,2026-01-04 05:18:00,visit
LOC_00241,16.697985,74.238231,2026-01-10 20:12:00,delivery
LOC_02352,16.728584,74.206528,2026-02-18 02:14:00,commute
LOC_01371,16.697574,74.251338,2026-01-10 04:10:00,pickup
LOC_01058,16.688344,74.254968,2026-03-24 23:26:00,delivery
LOC_04817,19.448893,74.933285,2026-02-13 00:46:00,dropoff
LOC_00200,16.703692,74.2465,2026-01-14 21:15:00,delivery
LOC_02281,16.696563,74.224179,2026-03-20 16:44:00,delivery
LOC_04750,19.3095,73.7966,2026-01-06 08:10:00,pickup
LOC_02221,16.680828,74.217781,2026-03-28 18:05:00,delivery
LOC_04772,17.081512,74.269088,2026-02-16 03:06:00,visit
LOC_02820,16.730142,74.19969,2026-03-12 21:25:00,visit
LOC_03151,18.523707,73.858692,2026-01-18 23:40:00,commute
LOC_04257,19.354597,73.008676,2026-03-12 04:27:00,pickup
LOC_03108,18.530197,73.860462,2026-01-28 16:33:00,delivery
LOC_01974,16.679522,74.222639,2026-02-21 12:27:00,visit
LOC_01376,16.6829,74.266129,2026-01-15 11:38:00,commute
LOC_03969,18.107922,75.074669,2026-01-16 19:14:00,commute
LOC_04063,19.102223,73.55409,2026-02-20 17:40:00,delivery
LOC_04446,16.584642,72.771668,2026-03-10 09:55:00,dropoff
LOC_03558,19.081897,72.88692,2026-02-09 00:12:00,visit
LOC_00965,16.700033,74.25126,2026-03-18 12:21:00,visit
LOC_00180,16.707287,74.251364,2026-02-10 13:14:00,pickup
LOC_03699,19.086815,72.870715,2026-01-03 00:05:00,visit
LOC_03822,19.073831,72.879175,2026-01-20 01:42:00,delivery
LOC_04879,19.981734,73.085623,2026-03-06 20:34:00,pickup
LOC_03900,19.092895,72.862131,2026-01-30 09:27:00,commute
LOC_04488,16.812854,73.688055,2026-03-25 20:26:00,pickup
LOC_03239,18.523378,73.852287,2026-01-14 14:40:00,visit
LOC_02975,16.716565,74.190653,2026-03-09 22:45:00,dropoff
LOC_03581,19.068449,72.869197,2026-01-31 01:07:00,commute
LOC_02888,16.725503,74.192967,2026-01-21 15:22:00,delivery
LOC_02576,16.737358,74.19143,2026-02-27 11:02:00,commute
LOC_01420,16.694181,74.254273,2026-03-30 13:03:00,visit
LOC_03908,19.293354,72.535577,2026-01-18 03:20:00,delivery
LOC_04674,17.700931,73.663518,2026-01-12 09:50:00,visit
LOC_04903,17.975946,74.241665,2026-03-16 16:03:00,visit
LOC_01861,16.678047,74.21637,2026-03-14 19:34:00,commute
LOC_00009,16.704866,74.227504,2026-03-25 12:31:00,delivery
LOC_02895,16.736491,74.196235,2026-01-18 22:34:00,visit
LOC_02848,16.734449,74.208392,2026-02-18 01:36:00,pickup
LOC_03665,19.055404,72.879259,2026-03-20 10:43:00,visit
LOC_00145,16.698496,74.242122,2026-02-11 17:56:00,delivery
LOC_02105,16.673858,74.212993,2026-03-04 03:03:00,commute
LOC_03144,18.508398,73.854918,2026-02-08 04:52:00,pickup
LOC_00842,16.705285,74.23042,2026-02-08 06:13:00,pickup
LOC_01129,16.688378,74.261571,2026-03-03 03:01:00,commute
LOC_00152,16.696715,74.237166,2026-02-14 22:15:00,dropoff
LOC_03592,19.077542,72.900829,2026-03-29 13:54:00,pickup
LOC_01053,16.698928,74.256738,2026-01-30 00:18:00,commute
LOC_01591,16.699315,74.252772,2026-02-16 11:30:00,delivery
LOC_03009,18.513972,73.852217,2026-02-12 21:22:00,commute
LOC_02030,16.674332,74.228404,2026-01-02 22:46:00,commute
LOC_03419,18.523276,73.835091,2026-03-05 20:03:00,commute
LOC_01808,16.689266,74.223917,2026-02-08 07:44:00,delivery
LOC_02697,16.737877,74.196667,2026-03-30 12:51:00,delivery
LOC_03040,18.540983,73.88399,2026-03-01 01:15:00,visit
LOC_00473,16.702725,74.242822,2026-01-09 19:28:00,commute
LOC_03290,18.513052,73.849456,2026-02-13 18:10:00,visit
LOC_04075,20.030271,74.964606,2026-03-20 02:46:00,visit
LOC_03497,18.520551,73.845537,2026-03-17 08:23:00,dropoff
LOC_00280,16.707102,74.22622,2026-02-06 17:58:00,delivery
LOC_01742,16.687067,74.218898,2026-02-18 07:32:00,delivery
LOC_04625,19.374111,74.233112,2026-03-27 06:24:00,delivery
LOC_02887,16.719518,74.2006,2026-03-14 10:01:00,visit
LOC_01942,16.680376,74.213743,2026-02-28 20:23:00,delivery
LOC_00101,16.701975,74.229212,2026-02-10 17:12:00,commute
LOC_02805,16.739295,74.192599,2026-01-09 10:02:00,pickup
LOC_03571,19.076523,72.860427,2026-01-20 22:35:00,pickup
LOC_03685,19.076193,72.867384,2026-03-21 07:42:00,dropoff
LOC_03662,19.090384,72.865671,2026-01-04 16:26:00,commute
LOC_00531,16.702106,74.252808,2026-01-25 08:51:00,delivery
LOC_01887,16.668413,74.228573,2026-03-05 15:27:00,visit
LOC_00682,16.710001,74.245475,2026-01-17 07:39:00,delivery
LOC_03795,19.078041,72.887116,2026-02-24 13:05:00,pickup
LOC_03945,17.738004,74.233432,2026-03-13 21:58:00,visit
LOC_04667,19.626418,72.77132,2026-03-19 16:33:00,delivery
LOC_02019,16.681751,74.225955,2026-02-04 01:04:00,delivery
LOC_01097,16.698348,74.258034,2026-03-25 01:57:00,commute
LOC_00830,16.683617,74.240755,2026-01-25 19:59:00,visit
LOC_02806,16.721178,74.189914,2026-01-21 07:02:00,visit
LOC_03830,19.071646,72.868579,2026-03-02 21:24:00,delivery
LOC_04382,18.597534,74.282164,2026-01-05 12:59:00,pickup
LOC_03892,19.06265,72.865558,2026-03-16 14:28:00,visit
LOC_00765,16.707726,74.237575,2026-02-07 15:19:00,commute
LOC_02768,16.730251,74.210309,2026-01-12 00:54:00,dropoff
LOC_04329,19.609797,74.031073,2026-01-29 19:37:00,dropoff
LOC_03296,18.521797,73.849556,2026-01-22 08:29:00,visit
LOC_02195,16.68343,74.231555,2026-02-24 16:24:00,dropoff
LOC_02358,16.716054,74.197893,2026-02-23 03:46:00,visit
LOC_03426,18.510204,73.850573,2026-02-23 07:17:00,delivery
LOC_03980,17.65897,72.585227,2026-01-10 04:14:00,visit
LOC_00912,16.696631,74.255785,2026-03-07 13:45:00,commute
LOC_03146,18.529163,73.859308,2026-03-31 09:07:00,delivery
LOC_01000,16.691872,74.265139,2026-01-22 07:13:00,visit
LOC_03654,19.050642,72.893255,2026-01-27 16:24:00,commute
LOC_02484,16.728561,74.19737,2026-03-01 08:32:00,visit
LOC_04077,17.979908,73.931896,2026-01-12 13:07:00,dropoff
LOC_02371,16.724504,74.205983,2026-03-23 08:54:00,visit
LOC_04839,17.343588,75.175782,2026-03-14 12:42:00,pickup
LOC_00034,16.69849,74.233624,2026-03-24 23:17:00,dropoff
LOC_03790,19.050438,72.858964,2026-01-03 04:30:00,visit
LOC_01021,16.701484,74.257471,2026-02-19 14:54:00,visit
LOC_01648,16.694185,74.261093,2026-02-19 11:12:00,commute
LOC_00734,16.703499,74.237375,2026-01-15 15:46:00,dropoff
LOC_04583,17.545417,73.598514,2026-01-28 03:36:00,pickup
LOC_03275,18.521609,73.857346,2026-01-10 06:29:00,visit
LOC_01621,16.705571,74.262547,2026-02-07 20:57:00,pickup
LOC_03136,18.51849,73.841804,2026-03-14 19:05:00,commute
LOC_02690,16.715463,74.185184,2026-01-17 14:42:00,dropoff
LOC_02708,16.718244,74.213434,2026-03-04 20:05:00,commute
LOC_00298,16.702025,74.239926,2026-03-10 08:10:00,pickup
LOC_02340,16.680583,74.227922,2026-03-04 11:33:00,pickup
LOC_00654,16.69617,74.245642,2026-02-15 09:49:00,commute
LOC_03775,19.074826,72.861955,2026-03-15 22:41:00,delivery
LOC_01256,16.695028,74.26289,2026-03-21 18:13:00,visit
LOC_04521,17.791448,75.098759,2026-01-16 19:04:00,dropoff
LOC_00231,16.693292,74.24495,2026-02-01 11:33:00,visit
LOC_03277,18.531958,73.873755,2026-03-05 23:30:00,visit
LOC_03231,18.517615,73.851683,2026-02-01 12:43:00,visit
LOC_00692,16.703034,74.249719,2026-03-06 12:11:00,delivery
LOC_02755,16.740862,74.196266,2026-02-01 23:11:00,commute
LOC_04864,17.475784,74.769173,2026-03-18 15:54:00,dropoff
LOC_00970,16.706872,74.26014,2026-02-15 14:16:00,commute
LOC_00634,16.689505,74.24564,2026-01-05 15:43:00,commute
LOC_04093,19.023883,72.658073,2026-03-25 09:40:00,dropoff
LOC_04078,17.835485,72.676615,2026-01-28 01:05:00,delivery
LOC_01322,16.708514,74.286168,2026-03-04 06:42:00,delivery
LOC_01832,16.681083,74.221783,2026-01-24 11:21:00,commute
LOC_02179,16.677859,74.233679,2026-01-08 20:24:00,commute
LOC_01418,16.700101,74.252419,2026-02-23 13:39:00,pickup
LOC_01783,16.673268,74.214739,2026-03-28 00:03:00,commute
LOC_04716,16.711103,73.766187,2026-02-10 14:18:00,dropoff
LOC_04702,18.841274,73.997412,2026-02-04 02:22:00,pickup
LOC_04119,17.830254,73.45513,2026-02-24 19:17:00,pickup
LOC_01653,16.681211,74.219608,2026-03-09 14:46:00,commute
LOC_01484,16.702472,74.265778,2026-02-07 01:51:00,commute
LOC_02276,16.678121,74.225809,2026-03-02 02:42:00,delivery
LOC_00878,16.695119,74.259431,2026-01-04 03:25:00,pickup
LOC_03526,19.073068,72.873171,2026-01-02 04:05:00,commute
LOC_02017,16.694496,74.208363,2026-01-16 04:36:00,pickup
LOC_00427,16.711429,74.238202,2026-01-18 05:29:00,visit
LOC_00627,16.701707,74.259768,2026-01-14 14:49:00,pickup
LOC_01590,16.705747,74.274076,2026-02-23 06:43:00,commute
LOC_02224,16.665026,74.228659,2026-01-14 02:45:00,dropoff
LOC_02218,16.673138,74.210296,2026-03-13 03:48:00,commute
LOC_04484,17.940596,73.649387,2026-01-24 06:48:00,delivery
LOC_01486,16.691811,74.257733,2026-02-11 20:37:00,pickup
LOC_01740,16.683732,74.214505,2026-01-29 06:24:00,delivery
LOC_02481,16.733226,74.207111,2026-01-31 06:52:00,visit
LOC_02585,16.728297,74.206114,2026-02-25 16:20:00,delivery
LOC_02894,16.726415,74.194715,2026-01-28 18:44:00,delivery
LOC_00150,16.706256,74.24959,2026-02-12 12:43:00,pickup
LOC_00677,16.724061,74.252588,2026-02-20 16:12:00,visit
LOC_01262,16.701724,74.264266,2026-03-01 14:22:00,commute
LOC_04918,18.735733,74.441992,2026-02-13 10:29:00,commute
LOC_00013,16.705528,74.242533,2026-01-12 01:54:00,pickup
LOC_01834,16.678082,74.209246,2026-01-02 06:42:00,commute
LOC_03249,18.492548,73.845796,2026-01-06 01:47:00,visit
LOC_01492,16.714408,74.251397,2026-03-24 06:15:00,pickup
LOC_02728,16.749803,74.209527,2026-02-15 01:18:00,pickup
LOC_03687,19.07377,72.89138,2026-02-07 16:05:00,commute
LOC_01425,16.712546,74.25646,2026-01-05 09:04:00,visit
LOC_04606,16.646345,74.787233,2026-03-23 10:41:00,commute
LOC_04596,19.869083,74.537393,2026-01-19 03:25:00,pickup
LOC_00732,16.705466,74.241776,2026-01-31 17:43:00,delivery
LOC_01232,16.684915,74.262798,2026-03-11 18:55:00,visit
LOC_01635,16.69643,74.262931,2026-03-22 08:57:00,commute
LOC_03937,17.451707,74.524146,2026-02-10 14:38:00,commute
LOC_01211,16.705181,74.264468,2026-03-15 23:50:00,delivery
LOC_03269,18.51217,73.869805,2026-02-19 13:45:00,visit
LOC_01935,16.671972,74.216078,2026-03-18 20:04:00,commute
LOC_00554,16.721281,74.239067,2026-02-03 15:13:00,pickup
LOC_00492,16.707932,74.246422,2026-03-30 20:35:00,visit
LOC_02963,16.73873,74.195309,2026-03-13 04:12:00,visit
LOC_02330,16.672341,74.209364,2026-02-03 13:32:00,delivery
LOC_02196,16.689051,74.210066,2026-01-07 19:25:00,commute
LOC_03065,18.528772,73.853838,2026-03-12 12:22:00,visit
LOC_00658,16.706419,74.242655,2026-02-10 08:13:00,pickup
LOC_02375,16.733882,74.206092,2026-03-23 12:00:00,delivery
LOC_02226,16.680896,74.211646,2026-03-31 19:00:00,visit
LOC_04265,19.164485,73.166237,2026-01-29 12:26:00,commute
LOC_01171,16.69739,74.258741,2026-03-23 06:44:00,pickup
LOC_00133,16.710081,74.244836,2026-02-09 03:59:00,dropoff
LOC_00472,16.701743,74.238514,2026-03-08 01:45:00,visit
LOC_03226,18.51857,73.853789,2026-02-22 00:04:00,visit
LOC_01406,16.69855,74.262077,2026-02-02 17:48:00,commute
LOC_02877,16.707197,74.205652,2026-01-12 20:34:00,dropoff
LOC_04505,17.045033,73.960555,2026-02-26 18:18:00,dropoff
LOC_04693,16.573799,73.95592,2026-01-13 21:22:00,commute
LOC_02827,16.72542,74.198557,2026-02-22 09:37:00,delivery
LOC_00288,16.70542,74.243298,2026-01-12 10:48:00,commute
LOC_01870,16.668131,74.218075,2026-01-20 00:46:00,commute
LOC_03115,18.521238,73.857062,2026-03-31 21:27:00,delivery
LOC_03626,19.069415,72.885821,2026-03-22 10:31:00,commute
LOC_02313,16.684095,74.226945,2026-02-21 07:24:00,visit
LOC_04924,17.572507,74.181452,2026-01-21 15:34:00,delivery
LOC_01619,16.702247,74.246089,2026-02-19 23:54:00,visit
LOC_00995,16.69093,74.247212,2026-02-06 06:08:00,delivery
LOC_01804,16.688885,74.21939,2026-01-08 03:06:00,commute
LOC_02643,16.741706,74.208609,2026-01-09 12:30:00,delivery
LOC_04803,18.32762,74.12557,2026-02-09 14:33:00,commute
LOC_03536,19.076106,72.860404,2026-02-11 20:11:00,delivery
LOC_04832,17.453719,73.126946,2026-02-10 03:05:00,commute
LOC_03912,18.269571,74.547756,2026-03-13 19:51:00,commute
LOC_02108,16.67132,74.22097,2026-02-04 11:08:00,pickup
LOC_03045,18.517941,73.857198,2026-01-17 08:14:00,visit
LOC_00417,16.713714,74.236312,2026-02-15 20:01:00,visit
LOC_00978,16.68993,74.249585,2026-01-25 01:26:00,visit
LOC_02418,16.7212,74.207149,2026-03-09 23:09:00,dropoff
LOC_00506,16.700652,74.246729,2026-03-09 20:08:00,delivery
LOC_04153,18.58198,73.38533,2026-02-13 07:55:00,commute
LOC_04256,19.821683,74.931022,2026-03-01 21:16:00,visit
LOC_03942,19.039334,72.56907,2026-02-08 03:02:00,dropoff
LOC_00415,16.702721,74.242604,2026-02-16 15:38:00,visit
LOC_04149,16.720479,74.712448,2026-03-22 15:06:00,commute
LOC_01184,16.694076,74.26821,2026-02-06 04:41:00,dropoff
LOC_00486,16.703637,74.257876,2026-03-25 09:36:00,pickup
LOC_00894,16.696117,74.248183,2026-03-26 23:17:00,visit
LOC_00806,16.7138,74.230463,2026-03-25 15:09:00,dropoff
LOC_00556,16.702543,74.248557,2026-02-28 14:53:00,delivery
LOC_03826,19.062402,72.886357,2026-02-11 23:04:00,commute
LOC_01198,16.696469,74.26349,2026-03-03 09:44:00,delivery
LOC_04254,19.138008,74.457657,2026-03-01 15:26:00,dropoff
LOC_04059,18.127741,74.139968,2026-03-18 07:02:00,delivery
LOC_01294,16.70467,74.27022,2026-01-14 11:25:00,visit
LOC_02222,16.675526,74.220274,2026-02-03 23:09:00,pickup
LOC_03505,19.066514,72.882845,2026-01-30 23:37:00,pickup
LOC_03655,19.080525,72.858683,2026-03-11 02:58:00,visit
LOC_04759,19.564755,74.435751,2026-03-07 00:58:00,dropoff
LOC_03007,18.532753,73.854719,2026-02-06 19:24:00,delivery
LOC_02094,16.684376,74.223849,2026-02-01 15:53:00,dropoff
LOC_02188,16.672131,74.218471,2026-03-23 13:21:00,delivery
LOC_03037,18.508888,73.862601,2026-01-28 10:00:00,pickup
LOC_03919,17.603109,73.36633,2026-01-13 17:57:00,delivery
LOC_01273,16.695329,74.25403,2026-02-01 10:36:00,visit
LOC_00291,16.702984,74.25675,2026-02-17 21:59:00,visit
LOC_04828,16.689548,73.793423,2026-01-12 18:41:00,pickup
LOC_00253,16.71883,74.247787,2026-03-02 03:13:00,visit
LOC_03246,18.512894,73.857937,2026-02-28 16:56:00,visit
LOC_00351,16.707947,74.23242,2026-01-18 16:23:00,commute
LOC_01188,16.696751,74.256469,2026-02-07 06:12:00,delivery
LOC_01962,16.683118,74.209041,2026-02-18 11:07:00,visit
LOC_00423,16.700245,74.24,2026-01-18 15:46:00,pickup
LOC_00091,16.710323,74.244693,2026-02-28 03:00:00,visit
LOC_03730,19.078208,72.880638,2026-03-08 06:45:00,commute
LOC_02237,16.690118,74.217329,2026-01-02 22:26:00,dropoff
LOC_00671,16.711279,74.232856,2026-03-05 14:37:00,delivery
LOC_03041,18.499696,73.853903,2026-03-02 16:40:00,commute
LOC_00027,16.709258,74.242901,2026-01-12 13:33:00,commute
LOC_00430,16.708143,74.241256,2026-01-08 00:49:00,delivery
LOC_00684,16.700829,74.233681,2026-03-02 17:35:00,delivery
LOC_04464,19.812629,73.624886,2026-03-14 09:05:00,dropoff
LOC_03946,18.313727,74.825834,2026-01-18 05:44:00,delivery
LOC_03524,19.05372,72.887547,2026-03-10 12:55:00,commute
LOC_01542,16.699277,74.259703,2026-01-04 22:44:00,visit
LOC_02032,16.693939,74.224893,2026-03-27 05:39:00,delivery
LOC_02233,16.687926,74.213912,2026-02-26 02:41:00,dropoff
LOC_04121,16.802243,72.897154,2026-02-27 00:23:00,visit
LOC_03236,18.541665,73.853309,2026-01-30 00:21:00,visit
LOC_00255,16.703038,74.234221,2026-01-21 05:41:00,pickup
LOC_01030,16.705347,74.25155,2026-03-20 04:47:00,delivery
LOC_04393,18.751007,74.291206,2026-03-07 10:30:00,commute
LOC_03801,19.073869,72.8856,2026-01-31 21:44:00,commute
LOC_04311,18.10849,73.25628,2026-02-11 20:10:00,dropoff
LOC_02510,16.730067,74.189719,2026-01-29 21:12:00,pickup
LOC_02293,16.675812,74.232632,2026-01-30 02:45:00,delivery
LOC_01324,16.722516,74.254485,2026-02-13 06:45:00,commute
LOC_01551,16.702054,74.258025,2026-03-15 05:41:00,visit
LOC_04648,19.177684,75.056314,2026-03-01 16:54:00,delivery
LOC_00316,16.702627,74.236113,2026-02-22 08:31:00,delivery
LOC_01243,16.706257,74.256955,2026-01-12 15:53:00,commute
LOC_02451,16.724644,74.21688,2026-01-05 08:02:00,visit
LOC_01579,16.700637,74.263114,2026-02-12 02:28:00,pickup
LOC_04626,19.171394,72.99071,2026-01-25 23:32:00,dropoff
LOC_03117,18.506219,73.870296,2026-02-12 19:09:00,commute
LOC_00070,16.70347,74.227954,2026-02-10 06:22:00,delivery
LOC_00860,16.689847,74.256447,2026-01-08 11:27:00,visit
LOC_02754,16.73754,74.214428,2026-01-19 05:13:00,visit
LOC_01633,16.697002,74.248009,2026-03-14 14:24:00,delivery
LOC_01651,16.680134,74.198619,2026-01-19 21:45:00,pickup
LOC_03861,19.067929,72.874481,2026-01-25 09:07:00,commute
LOC_03107,18.535626,73.846591,2026-01-22 18:56:00,dropoff
LOC_01075,16.68591,74.262369,2026-01-24 09:02:00,delivery
LOC_04002,19.322481,73.600562,2026-01-27 01:46:00,commute
LOC_00788,16.703377,74.250791,2026-01-29 07:29:00,delivery
LOC_02606,16.735951,74.196295,2026-01-05 08:55:00,delivery
LOC_03631,19.076293,72.879659,2026-01-18 09:15:00,dropoff
LOC_02122,16.678233,74.227531,2026-03-28 12:54:00,commute
LOC_01875,16.686747,74.21371,2026-03-07 10:32:00,commute
LOC_00812,16.700377,74.234199,2026-03-11 07:23:00,dropoff
LOC_00388,16.709194,74.247564,2026-02-12 18:02:00,commute
LOC_02883,16.741173,74.201238,2026-02-04 03:28:00,commute
LOC_01176,16.707689,74.239102,2026-01-25 17:14:00,visit
LOC_03198,18.527621,73.87485,2026-01-02 01:37:00,commute
LOC_02624,16.739543,74.208478,2026-03-11 02:21:00,pickup
LOC_01352,16.715527,74.263859,2026-01-20 12:05:00,dropoff
LOC_00411,16.693143,74.250995,2026-02-17 22:24:00,visit
LOC_04213,18.095288,72.914827,2026-03-08 02:47:00,dropoff
LOC_00110,16.691181,74.246264,2026-01-27 02:02:00,visit
LOC_04996,19.828085,73.203742,2026-03-07 05:55:00,pickup
LOC_03430,18.507338,73.837425,2026-01-29 07:04:00,visit
LOC_02810,16.722398,74.194233,2026-03-06 03:05:00,visit
LOC_02595,16.733868,74.20078,2026-01-20 02:22:00,visit
LOC_02837,16.731733,74.199649,2026-02-05 09:36:00,visit
LOC_02373,16.727389,74.197783,2026-02-24 05:36:00,visit
LOC_01236,16.698025,74.271063,2026-03-07 19:45:00,dropoff
LOC_02147,16.687233,74.217338,2026-01-26 12:53:00,visit
LOC_04976,16.517272,73.92113,2026-01-05 15:45:00,delivery
LOC_00600,16.6908,74.238254,2026-02-26 21:53:00,commute
LOC_01435,16.689314,74.25316,2026-01-26 14:34:00,delivery
LOC_04997,16.502255,74.809206,2026-01-06 16:17:00,visit
LOC_00539,16.685846,74.245691,2026-02-10 22:12:00,dropoff
LOC_00722,16.714024,74.241241,2026-03-26 07:43:00,visit
LOC_04411,19.677486,73.217291,2026-02-20 02:45:00,dropoff
LOC_01873,16.689797,74.215255,2026-01-27 14:29:00,visit
LOC_02846,16.727351,74.202796,2026-01-19 10:06:00,delivery
LOC_02054,16.668386,74.229377,2026-03-07 21:58:00,commute
LOC_02908,16.734583,74.190026,2026-03-31 11:46:00,dropoff
LOC_02255,16.679027,74.230327,2026-01-04 04:24:00,commute
LOC_03913,18.251612,74.40492,2026-03-15 15:44:00,delivery
LOC_00178,16.70628,74.243288,2026-03-28 14:21:00,visit
LOC_02891,16.722422,74.191062,2026-01-28 12:10:00,commute
LOC_03674,19.077602,72.867761,2026-02-23 02:42:00,commute
LOC_00081,16.708654,74.243048,2026-02-07 23:21:00,delivery
LOC_02562,16.727612,74.191766,2026-03-04 09:36:00,delivery
LOC_01724,16.683136,74.204218,2026-02-27 19:32:00,delivery
LOC_01618,16.703642,74.257689,2026-01-29 11:03:00,commute
LOC_01655,16.666316,74.227717,2026-01-11 06:39:00,visit
LOC_02329,16.68867,74.229913,2026-02-13 20:43:00,pickup
LOC_04614,18.008007,74.807864,2026-01-25 20:53:00,dropoff
LOC_00222,16.70694,74.234083,2026-03-10 01:09:00,visit
LOC_00094,16.704362,74.252602,2026-01-07 23:55:00,dropoff
LOC_02610,16.729299,74.205113,2026-03-03 22:59:00,delivery
LOC_03383,18.532668,73.8546,2026-03-30 08:38:00,dropoff
LOC_04416,19.944865,73.066686,2026-01-15 07:50:00,delivery
LOC_01398,16.698148,74.273421,2026-03-12 21:08:00,visit
LOC_04687,17.10814,73.130695,2026-02-08 03:32:00,delivery
LOC_01293,16.691623,74.251973,2026-02-23 20:10:00,commute
LOC_02165,16.678632,74.214193,2026-02-19 05:46:00,delivery
LOC_02940,16.734428,74.199464,2026-02-25 20:00:00,dropoff
LOC_03669,19.080408,72.873252,2026-02-26 01:21:00,dropoff
LOC_00813,16.707023,74.242179,2026-01-04 06:24:00,commute
LOC_01259,16.701325,74.263648,2026-03-26 06:21:00,visit
LOC_00890,16.705126,74.256185,2026-01-07 23:30:00,pickup
LOC_01452,16.70827,74.260711,2026-03-06 07:37:00,delivery
LOC_03317,18.509263,73.845605,2026-03-25 22:55:00,commute
LOC_02560,16.730742,74.186524,2026-03-01 04:10:00,visit
LOC_03575,19.091457,72.87984,2026-02-24 20:51:00,commute
LOC_02681,16.728189,74.20074,2026-01-07 16:18:00,delivery
LOC_04652,19.921186,72.732017,2026-02-17 15:32:00,commute
LOC_04812,17.126505,73.443467,2026-01-10 20:33:00,pickup
LOC_04680,17.945611,73.805118,2026-01-12 08:12:00,dropoff
LOC_02965,16.741253,74.21632,2026-02-07 15:57:00,dropoff
LOC_02673,16.732383,74.194823,2026-01-03 05:21:00,pickup
LOC_00562,16.707674,74.260838,2026-01-23 08:18:00,dropoff
LOC_02779,16.743116,74.1908,2026-02-20 22:57:00,visit
LOC_02949,16.72976,74.194209,2026-03-21 00:29:00,visit
LOC_02818,16.701766,74.199529,2026-02-19 06:26:00,pickup
LOC_02759,16.728964,74.173894,2026-03-02 15:27:00,pickup
LOC_01757,16.67687,74.230169,2026-03-04 17:59:00,visit
LOC_00725,16.697617,74.231371,2026-01-14 14:14:00,commute
LOC_00220,16.699432,74.242381,2026-02-15 00:27:00,visit
LOC_04140,18.028413,74.018492,2026-03-23 17:32:00,pickup
LOC_03958,17.876357,74.066648,2026-03-16 16:44:00,dropoff
LOC_01589,16.710801,74.257438,2026-03-07 17:48:00,dropoff
LOC_03348,18.528191,73.847001,2026-02-18 03:06:00,visit
LOC_03971,17.787106,73.692318,2026-01-12 18:22:00,delivery
LOC_04708,17.486081,73.937045,2026-01-21 08:32:00,pickup
LOC_00044,16.706857,74.243309,2026-01-11 19:26:00,delivery
LOC_03002,18.503081,73.856701,2026-02-09 17:39:00,commute
LOC_00211,16.712327,74.241771,2026-01-28 17:25:00,visit
LOC_00678,16.708362,74.241637,2026-01-19 00:23:00,commute
LOC_00355,16.713548,74.237795,2026-03-20 09:52:00,delivery
LOC_01434,16.70377,74.264619,2026-01-21 12:04:00,pickup
LOC_00950,16.707967,74.264729,2026-01-16 01:29:00,delivery
LOC_02844,16.715318,74.186917,2026-03-22 05:10:00,delivery
LOC_00578,16.714984,74.250369,2026-02-16 08:41:00,pickup
LOC_03929,19.543867,73.451256,2026-02-20 05:42:00,pickup
LOC_00545,16.702973,74.22803,2026-02-18 18:06:00,visit
LOC_00368,16.698422,74.225002,2026-02-01 16:46:00,commute
LOC_01613,16.700645,74.25401,2026-01-12 14:20:00,pickup
LOC_03551,19.058307,72.891481,2026-03-02 01:36:00,dropoff
LOC_03717,19.081673,72.878994,2026-01-27 20:24:00,visit
LOC_03780,19.090207,72.873922,2026-03-13 09:01:00,commute
LOC_00136,16.696875,74.248056,2026-01-21 00:18:00,commute
LOC_04481,17.192696,74.526903,2026-01-10 01:40:00,visit
LOC_01438,16.706905,74.260232,2026-01-22 09:53:00,commute
LOC_00048,16.706789,74.236101,2026-03-31 02:01:00,visit
LOC_01361,16.688699,74.268953,2026-03-20 11:25:00,dropoff
LOC_00735,16.707225,74.242045,2026-01-11 01:24:00,visit
LOC_01535,16.689674,74.266783,2026-02-16 19:55:00,dropoff
LOC_02005,16.696444,74.213839,2026-02-09 14:19:00,pickup
LOC_03796,19.063286,72.855659,2026-01-23 07:55:00,pickup
LOC_02520,16.734228,74.190963,2026-02-17 05:08:00,pickup
LOC_01973,16.686213,74.224201,2026-01-16 14:01:00,commute
LOC_00997,16.694748,74.274327,2026-01-12 03:52:00,visit
LOC_00062,16.702321,74.246176,2026-03-21 09:29:00,commute
LOC_01109,16.695613,74.26933,2026-02-01 12:37:00,dropoff
LOC_02406,16.727184,74.188666,2026-01-06 19:59:00,delivery
LOC_00096,16.693423,74.240154,2026-03-10 20:27:00,visit
LOC_00479,16.705051,74.24201,2026-01-18 23:34:00,commute
LOC_04360,16.759964,75.094837,2026-03-15 13:42:00,dropoff
LOC_04113,19.57738,75.148419,2026-03-22 23:34:00,dropoff
LOC_03708,19.071302,72.898548,2026-01-06 13:21:00,commute
LOC_01102,16.69755,74.262187,2026-03-29 00:36:00,delivery
LOC_02747,16.726131,74.188863,2026-03-25 06:29:00,commute
LOC_02171,16.676123,74.215513,2026-03-21 09:09:00,dropoff
LOC_00323,16.71437,74.242065,2026-02-16 16:55:00,dropoff
LOC_04255,19.799679,73.882161,2026-03-14 11:40:00,visit
LOC_03143,18.517819,73.850198,2026-01-30 20:11:00,commute
LOC_03538,19.066573,72.880765,2026-03-04 16:56:00,delivery
LOC_04926,16.976133,73.440466,2026-02-25 23:57:00,pickup
LOC_02925,16.737649,74.20702,2026-01-22 18:16:00,delivery
LOC_01150,16.709195,74.267115,2026-02-09 06:17:00,delivery
LOC_03618,19.068496,72.869288,2026-01-21 12:35:00,commute
LOC_00292,16.706221,74.224443,2026-03-18 13:07:00,commute
LOC_03750,19.073545,72.888442,2026-03-29 07:11:00,delivery
LOC_03587,19.075422,72.86935,2026-02-10 11:58:00,visit
LOC_00534,16.708619,74.241683,2026-03-03 21:04:00,commute
LOC_03608,19.077113,72.854237,2026-02-28 22:40:00,dropoff
LOC_02649,16.719378,74.196425,2026-03-05 01:24:00,pickup
LOC_04811,19.801777,75.044924,2026-02-08 20:56:00,delivery
LOC_01984,16.685156,74.223911,2026-01-20 03:37:00,dropoff
LOC_02933,16.732248,74.202187,2026-02-25 19:08:00,pickup
LOC_01537,16.710691,74.266545,2026-01-24 12:40:00,visit
LOC_04535,16.522253,74.530002,2026-02-08 00:06:00,delivery
LOC_04173,18.068953,73.145825,2026-03-23 18:44:00,commute
LOC_03361,18.524733,73.859409,2026-03-18 21:55:00,visit
LOC_03666,19.067406,72.868617,2026-01-03 00:12:00,visit
LOC_04006,16.621027,74.07268,2026-03-29 17:37:00,delivery
LOC_03627,19.080188,72.865941,2026-03-22 14:36:00,pickup
LOC_00587,16.695587,74.23948,2026-03-17 01:24:00,dropoff
LOC_03257,18.526432,73.883234,2026-03-03 11:07:00,delivery
LOC_02299,16.684996,74.221789,2026-03-30 19:42:00,visit
LOC_03989,17.633415,73.75884,2026-01-04 13:55:00,pickup
LOC_00585,16.710715,74.244896,2026-01-09 17:50:00,pickup
LOC_02424,16.744211,74.204398,2026-02-25 03:15:00,dropoff
LOC_01392,16.697744,74.253074,2026-01-26 19:15:00,commute
LOC_04526,19.316011,74.025376,2026-02-14 08:40:00,visit
LOC_04921,18.204051,72.83637,2026-02-01 09:44:00,commute
LOC_04801,19.390189,74.377191,2026-02-11 23:14:00,pickup
LOC_03241,18.51022,73.861852,2026-02-10 17:03:00,visit
LOC_04282,18.024546,74.457515,2026-03-23 22:13:00,visit
LOC_03339,18.517694,73.853099,2026-03-11 14:17:00,delivery
LOC_03221,18.533435,73.853011,2026-03-10 22:32:00,delivery
LOC_02112,16.676951,74.216973,2026-01-10 23:33:00,visit
LOC_01175,16.690944,74.253403,2026-02-10 10:45:00,visit
LOC_04863,18.972099,73.360212,2026-02-21 00:16:00,pickup
LOC_03812,19.096776,72.879803,2026-01-06 20:27:00,commute
LOC_01868,16.684888,74.225613,2026-02-23 00:34:00,visit
LOC_02615,16.735243,74.194679,2026-01-18 16:12:00,visit
LOC_03867,19.071706,72.872836,2026-01-11 21:15:00,visit
LOC_04886,18.224225,74.176422,2026-01-14 23:49:00,delivery
LOC_03779,19.073812,72.866059,2026-01-18 01:46:00,visit
LOC_03847,19.074254,72.893038,2026-01-13 02:49:00,commute
LOC_02417,16.721203,74.211179,2026-02-08 02:33:00,commute
LOC_00071,16.694795,74.240457,2026-03-05 09:52:00,delivery
LOC_04881,17.750751,74.926941,2026-01-06 11:03:00,visit
LOC_01127,16.699498,74.265078,2026-02-10 04:34:00,pickup
LOC_04025,18.238151,72.976452,2026-02-23 04:16:00,pickup
LOC_03251,18.515903,73.850599,2026-03-29 18:19:00,commute
LOC_03902,16.830192,74.027991,2026-01-07 20:25:00,commute
LOC_01096,16.689586,74.268093,2026-03-31 18:55:00,visit
LOC_04546,18.303233,74.662768,2026-01-29 04:12:00,delivery
LOC_01213,16.701106,74.264377,2026-01-02 09:11:00,commute
LOC_03922,18.119496,73.134393,2026-03-11 12:44:00,pickup
LOC_01426,16.703078,74.268361,2026-02-23 13:35:00,visit
LOC_03067,18.519211,73.848809,2026-03-28 15:13:00,visit
LOC_04520,18.574865,72.650678,2026-03-31 21:30:00,dropoff
LOC_02101,16.677493,74.218391,2026-01-12 05:56:00,visit
LOC_00808,16.695046,74.228921,2026-01-09 11:46:00,pickup
LOC_04744,19.953649,73.836204,2026-01-23 21:47:00,visit
LOC_03751,19.068223,72.8786,2026-02-17 06:39:00,delivery
LOC_01363,16.688951,74.266942,2026-01-06 20:07:00,visit
LOC_02318,16.683372,74.219663,2026-02-21 22:15:00,dropoff
LOC_04582,17.594022,74.905063,2026-02-01 11:13:00,visit
LOC_04742,19.684108,72.552678,2026-01-31 09:50:00,delivery
LOC_01026,16.699659,74.266321,2026-02-09 21:15:00,commute
LOC_03110,18.526333,73.868454,2026-01-05 05:25:00,commute
LOC_02111,16.664469,74.226362,2026-03-04 23:30:00,visit
LOC_01042,16.69818,74.253297,2026-03-25 04:06:00,delivery
LOC_01877,16.688391,74.212276,2026-01-15 10:28:00,commute
LOC_00882,16.698435,74.252438,2026-03-01 09:51:00,delivery
LOC_04300,18.813125,74.929017,2026-01-10 23:44:00,pickup
LOC_01193,16.704432,74.25052,2026-01-17 15:16:00,visit
LOC_04588,19.992596,73.715513,2026-03-19 09:06:00,delivery
LOC_04511,19.176054,74.395504,2026-02-05 03:35:00,commute
LOC_03671,19.102304,72.886162,2026-01-20 18:19:00,visit
LOC_00625,16.708769,74.241474,2026-01-01 06:48:00,pickup
LOC_02797,16.730179,74.19814,2026-02-18 15:30:00,commute
LOC_04292,19.899657,74.775703,2026-03-30 13:16:00,commute
LOC_04969,16.79149,73.16139,2026-02-13 18:32:00,pickup
LOC_00234,16.714647,74.243495,2026-01-24 15:48:00,pickup
LOC_04567,18.951455,73.645066,2026-03-16 14:55:00,delivery
LOC_01663,16.677311,74.222725,2026-01-03 17:05:00,commute
LOC_00416,16.706582,74.242076,2026-03-27 16:09:00,visit
LOC_04247,16.991475,72.946033,2026-02-16 08:38:00,visit
LOC_02174,16.690043,74.229596,2026-01-27 09:12:00,commute
LOC_01457,16.703278,74.257099,2026-01-06 18:47:00,commute
LOC_00747,16.719381,74.245567,2026-02-24 11:05:00,delivery
LOC_00018,16.697329,74.239744,2026-01-19 03:18:00,visit
LOC_01201,16.716494,74.261368,2026-01-16 20:39:00,pickup
LOC_01700,16.684681,74.221993,2026-03-07 18:19:00,commute
LOC_03254,18.537164,73.858278,2026-02-14 01:07:00,commute
LOC_00597,16.700835,74.261606,2026-03-11 06:29:00,visit
LOC_03227,18.506099,73.862312,2026-01-01 23:08:00,delivery
LOC_04406,17.699157,74.947584,2026-01-26 15:42:00,commute
LOC_04720,17.728983,74.410517,2026-01-12 08:00:00,delivery
LOC_01506,16.686818,74.255734,2026-02-26 23:30:00,visit
LOC_01413,16.708606,74.261968,2026-02-05 21:06:00,delivery
LOC_01966,16.68435,74.228064,2026-03-14 15:07:00,pickup
LOC_00372,16.715632,74.253325,2026-01-02 15:49:00,commute
LOC_01341,16.700372,74.253212,2026-01-13 19:19:00,delivery
LOC_00599,16.706933,74.240547,2026-02-15 03:38:00,delivery
LOC_00239,16.696501,74.248226,2026-01-01 19:03:00,commute
LOC_03401,18.514186,73.861462,2026-03-26 08:05:00,delivery
LOC_02068,16.691582,74.219172,2026-02-25 22:28:00,delivery
LOC_00811,16.703383,74.262096,2026-02-10 02:16:00,commute
LOC_01095,16.708468,74.25457,2026-02-28 16:53:00,delivery
LOC_04325,16.692846,74.886436,2026-03-10 09:02:00,pickup
LOC_04761,18.466653,74.968039,2026-03-31 23:22:00,commute
LOC_03677,19.078216,72.879678,2026-02-07 10:32:00,visit
LOC_03465,18.529045,73.842935,2026-01-31 10:50:00,commute
LOC_03104,18.529094,73.846126,2026-02-19 07:25:00,visit
LOC_02750,16.744587,74.191534,2026-03-01 02:20:00,delivery
LOC_02296,16.671966,74.202687,2026-01-10 14:01:00,delivery
LOC_04193,20.038709,74.888082,2026-02-02 15:37:00,pickup
LOC_03709,19.091552,72.873319,2026-03-17 19:29:00,pickup
LOC_03019,18.527563,73.8655,2026-03-16 12:46:00,delivery
LOC_04253,19.409736,72.747999,2026-03-12 17:33:00,visit
LOC_00804,16.708034,74.239915,2026-01-28 18:16:00,commute
LOC_04191,17.502881,74.583059,2026-03-26 23:24:00,commute
LOC_03706,19.078968,72.9011,2026-01-09 16:28:00,visit
LOC_00752,16.702606,74.252062,2026-01-10 17:49:00,commute
LOC_04645,18.895164,74.664797,2026-01-11 23:27:00,pickup
LOC_02532,16.747965,74.201553,2026-01-27 06:35:00,commute
LOC_00622,16.705257,74.252,2026-03-17 20:08:00,delivery
LOC_02298,16.692887,74.223284,2026-01-13 10:12:00,visit
LOC_03829,19.065245,72.877103,2026-01-11 18:00:00,delivery
LOC_00567,16.703723,74.260834,2026-03-10 19:54:00,visit
LOC_01136,16.708779,74.277591,2026-01-19 18:51:00,visit
LOC_01205,16.704128,74.266206,2026-03-21 17:03:00,visit
LOC_01048,16.714214,74.259556,2026-03-31 01:11:00,commute
LOC_00052,16.71005,74.24382,2026-01-12 22:17:00,delivery
LOC_03652,19.076684,72.882694,2026-01-16 18:02:00,visit
LOC_01045,16.702979,74.259595,2026-02-12 16:44:00,pickup
LOC_02182,16.675428,74.225651,2026-03-21 13:09:00,pickup
LOC_02689,16.724647,74.191926,2026-03-23 19:21:00,commute
LOC_00535,16.692474,74.228983,2026-01-12 22:37:00,delivery
LOC_03185,18.510284,73.848926,2026-02-12 00:43:00,commute
LOC_03858,19.063149,72.894701,2026-02-05 17:52:00,visit
LOC_00444,16.715565,74.225966,2026-03-08 13:54:00,pickup
LOC_03605,19.070089,72.872501,2026-02-23 03:48:00,visit
LOC_00196,16.697842,74.236126,2026-01-03 21:26:00,dropoff
LOC_01116,16.689465,74.27207,2026-01-02 12:20:00,visit
LOC_00766,16.690731,74.247257,2026-02-04 15:57:00,dropoff
LOC_01946,16.66791,74.221997,2026-02-03 05:57:00,visit
LOC_03248,18.500283,73.851135,2026-01-16 20:02:00,dropoff
LOC_03003,18.515518,73.865205,2026-01-15 21:05:00,pickup
LOC_01433,16.702815,74.268172,2026-02-22 05:05:00,pickup
LOC_04201,19.411679,73.267688,2026-02-10 11:09:00,dropoff
LOC_03096,18.51832,73.881132,2026-03-06 16:48:00,visit
LOC_02923,16.733098,74.197916,2026-01-11 19:24:00,commute
LOC_00645,16.702301,74.240171,2026-01-01 18:06:00,commute
LOC_01050,16.702164,74.254184,2026-01-06 20:51:00,delivery
LOC_03746,19.087373,72.870573,2026-01-03 03:29:00,delivery
LOC_04094,17.307104,74.64696,2026-03-05 22:49:00,pickup
LOC_04404,18.043644,74.390733,2026-01-31 14:55:00,delivery
LOC_00121,16.696812,74.240738,2026-01-30 11:16:00,visit
LOC_02053,16.677709,74.222185,2026-02-21 07:00:00,dropoff
LOC_04259,17.592712,73.029795,2026-02-24 04:43:00,dropoff
LOC_04889,16.773455,74.349944,2026-02-13 23:26:00,pickup
LOC_04335,20.184195,73.383061,2026-03-03 19:03:00,delivery
LOC_04692,17.207085,73.625192,2026-01-16 04:06:00,commute
LOC_00135,16.693234,74.245995,2026-03-31 15:33:00,delivery
LOC_02461,16.717567,74.206243,2026-02-01 18:59:00,pickup
LOC_01955,16.680712,74.228881,2026-01-25 02:19:00,pickup
LOC_02464,16.73104,74.204112,2026-03-26 14:08:00,visit
LOC_00185,16.70843,74.238777,2026-01-13 23:08:00,visit
LOC_01393,16.701932,74.270251,2026-02-17 15:11:00,visit
LOC_02277,16.685131,74.222191,2026-02-04 09:26:00,delivery
LOC_00512,16.702621,74.25033,2026-03-18 02:42:00,delivery
LOC_04730,16.831901,73.777515,2026-02-12 20:35:00,dropoff
LOC_04055,17.778785,74.647606,2026-01-04 02:05:00,commute
LOC_03138,18.512195,73.85673,2026-02-02 12:25:00,dropoff
LOC_02670,16.734488,74.193428,2026-03-05 21:23:00,commute
LOC_04774,19.88451,73.377942,2026-03-12 11:35:00,visit
LOC_04862,16.62042,72.871341,2026-03-01 17:56:00,visit
LOC_02118,16.678159,74.227953,2026-01-05 02:22:00,delivery
LOC_00252,16.707732,74.247913,2026-02-17 13:39:00,dropoff
LOC_03527,19.067217,72.878956,2026-02-15 03:23:00,visit
LOC_03560,19.091663,72.87386,2026-02-08 10:23:00,visit
LOC_04012,19.840034,74.790341,2026-03-27 10:40:00,pickup
LOC_01508,16.706292,74.259556,2026-01-18 01:38:00,pickup
LOC_00123,16.70676,74.244785,2026-02-25 13:35:00,dropoff
LOC_04260,19.958015,72.712153,2026-02-27 12:52:00,commute
LOC_03334,18.508661,73.853068,2026-02-17 06:19:00,visit
LOC_01872,16.657771,74.211649,2026-03-10 20:22:00,visit
LOC_03693,19.083781,72.885966,2026-02-12 17:24:00,pickup
LOC_00568,16.699777,74.250964,2026-03-14 22:15:00,delivery
LOC_01372,16.708764,74.263157,2026-02-06 17:07:00,commute
LOC_03186,18.508157,73.847964,2026-01-07 05:38:00,commute
LOC_03956,17.048686,74.579804,2026-01-15 19:55:00,pickup
LOC_01057,16.697892,74.267866,2026-02-13 07:23:00,visit
LOC_00857,16.70091,74.249825,2026-02-06 16:42:00,commute
LOC_03839,19.084152,72.859693,2026-02-12 09:44:00,pickup
LOC_02861,16.727055,74.200598,2026-01-20 04:45:00,visit
LOC_04770,18.415254,72.647648,2026-03-27 07:08:00,pickup
LOC_00777,16.696252,74.224246,2026-01-27 05:36:00,visit
LOC_00721,16.704231,74.243201,2026-03-23 14:01:00,visit
LOC_02711,16.720617,74.194128,2026-03-09 17:14:00,commute
LOC_02655,16.727774,74.19338,2026-02-12 00:31:00,commute
LOC_04878,19.282708,74.703167,2026-01-09 01:41:00,pickup
LOC_00603,16.715196,74.242158,2026-03-30 11:30:00,visit
LOC_03823,19.099816,72.883792,2026-01-01 06:07:00,commute
LOC_01245,16.698141,74.245272,2026-02-16 18:15:00,visit
LOC_04846,16.826223,74.329461,2026-01-15 23:04:00,visit
LOC_04842,18.515321,72.58636,2026-01-11 09:04:00,commute
LOC_00319,16.712917,74.239706,2026-01-03 00:01:00,pickup
LOC_00829,16.714714,74.237192,2026-03-09 16:14:00,commute
LOC_03264,18.520675,73.853773,2026-02-06 20:18:00,commute
LOC_00275,16.717587,74.241527,2026-01-16 16:42:00,visit
LOC_02665,16.73572,74.207467,2026-01-25 09:38:00,commute
LOC_00550,16.710301,74.231721,2026-01-03 21:12:00,dropoff
LOC_03642,19.053967,72.881524,2026-01-29 13:56:00,delivery
LOC_04054,18.519674,73.074399,2026-02-07 02:07:00,visit
LOC_04893,18.547586,73.841818,2026-01-05 08:36:00,commute
LOC_02935,16.727992,74.207179,2026-02-20 20:42:00,commute
LOC_00606,16.709329,74.242086,2026-01-04 19:28:00,visit
LOC_00897,16.718648,74.251557,2026-01-31 18:38:00,delivery
LOC_00528,16.706052,74.244418,2026-02-14 00:48:00,visit
LOC_04608,18.309562,73.852571,2026-02-13 08:53:00,delivery
LOC_02348,16.679237,74.208725,2026-01-29 13:00:00,visit
LOC_03440,18.517585,73.856351,2026-01-02 00:59:00,dropoff
LOC_04999,16.621649,73.320921,2026-01-15 23:10:00,dropoff
LOC_04827,19.453553,72.760551,2026-03-31 02:40:00,pickup
LOC_03923,19.558789,72.860234,2026-01-26 08:13:00,pickup
LOC_00299,16.690946,74.251152,2026-03-30 14:53:00,pickup
LOC_02120,16.68684,74.217004,2026-01-31 00:39:00,commute
LOC_02537,16.739332,74.194758,2026-03-29 15:14:00,visit
LOC_04204,18.845434,72.743795,2026-01-25 19:08:00,pickup
LOC_03255,18.526814,73.842262,2026-01-11 02:22:00,dropoff
LOC_03726,19.077862,72.894607,2026-03-22 00:54:00,pickup
LOC_01261,16.681926,74.249377,2026-03-19 08:33:00,visit
LOC_01559,16.700034,74.261697,2026-03-29 01:54:00,commute
LOC_03270,18.514765,73.849895,2026-03-02 16:12:00,visit
LOC_04047,17.833558,74.737447,2026-03-27 00:11:00,delivery
LOC_00757,16.697633,74.247065,2026-03-16 04:57:00,visit
LOC_01011,16.709724,74.27938,2026-01-27 07:25:00,visit
LOC_02795,16.728868,74.199815,2026-03-26 00:56:00,dropoff
LOC_02906,16.726186,74.196506,2026-01-01 09:36:00,visit
LOC_01871,16.685306,74.215464,2026-03-14 23:02:00,visit
LOC_02230,16.67426,74.212875,2026-02-09 13:03:00,commute
LOC_01174,16.684665,74.250274,2026-03-06 07:25:00,pickup
LOC_01833,16.693745,74.225759,2026-01-19 00:21:00,visit
LOC_00377,16.703359,74.24883,2026-01-23 06:57:00,commute
LOC_03854,19.061575,72.883256,2026-01-27 22:10:00,visit
LOC_03617,19.087395,72.878579,2026-01-31 13:10:00,visit
LOC_00799,16.713207,74.241571,2026-01-11 23:09:00,delivery
LOC_00379,16.717834,74.247476,2026-02-26 20:13:00,dropoff
LOC_01159,16.697301,74.259213,2026-02-04 21:10:00,pickup
LOC_03820,19.065527,72.87418,2026-02-24 21:24:00,visit
LOC_02793,16.730627,74.184969,2026-01-31 21:48:00,delivery
LOC_02241,16.680626,74.216792,2026-03-27 04:11:00,visit
LOC_04036,17.046002,74.04067,2026-01-14 16:12:00,commute
LOC_02663,16.719253,74.20382,2026-03-03 22:22:00,visit
LOC_04013,19.395063,74.785537,2026-02-22 23:15:00,delivery
LOC_02958,16.739717,74.187452,2026-03-05 20:29:00,visit
LOC_03928,18.723688,74.587028,2026-03-30 07:18:00,visit
LOC_01039,16.715778,74.271844,2026-01-18 12:19:00,visit
LOC_03260,18.504974,73.895087,2026-01-27 02:18:00,delivery
LOC_01345,16.697369,74.259784,2026-01-31 15:08:00,visit
LOC_02506,16.734153,74.18663,2026-03-28 02:25:00,delivery
LOC_01722,16.688999,74.219655,2026-03-23 03:44:00,pickup
LOC_04664,18.525244,73.318176,2026-03-30 19:14:00,pickup
LOC_00176,16.706381,74.240084,2026-02-12 03:34:00,visit
LOC_04894,19.717795,72.710444,2026-01-15 19:14:00,delivery
LOC_01910,16.691987,74.207853,2026-03-25 14:30:00,delivery
LOC_00046,16.70675,74.251395,2026-01-07 10:01:00,commute
LOC_03410,18.51372,73.862714,2026-02-15 23:17:00,commute
LOC_04675,17.496431,74.424053,2026-03-14 12:58:00,dropoff
LOC_01076,16.706905,74.262502,2026-02-05 18:14:00,visit
LOC_02830,16.741204,74.198623,2026-03-22 02:41:00,delivery
LOC_01505,16.706449,74.27016,2026-02-24 05:34:00,commute
LOC_02310,16.672842,74.228313,2026-03-17 10:45:00,dropoff
LOC_01437,16.697321,74.256233,2026-02-25 15:40:00,visit
LOC_02419,16.736694,74.195833,2026-02-22 21:53:00,delivery
LOC_03987,18.352933,74.410407,2026-02-01 21:01:00,delivery
LOC_03099,18.52642,73.857711,2026-02-17 17:15:00,commute
LOC_04589,19.75876,74.187117,2026-01-06 02:47:00,visit
LOC_00284,16.708635,74.254054,2026-01-31 00:28:00,commute
LOC_04919,17.208824,74.25797,2026-03-21 02:41:00,commute
LOC_00843,16.71903,74.231944,2026-01-05 08:16:00,visit
LOC_01514,16.685178,74.258681,2026-01-01 14:51:00,visit
LOC_01169,16.693452,74.242278,2026-03-31 23:54:00,commute
LOC_01593,16.689422,74.252241,2026-01-10 21:49:00,commute
LOC_03461,18.512201,73.843768,2026-02-15 22:59:00,pickup
LOC_03166,18.54131,73.845171,2026-02-25 22:53:00,pickup
LOC_02285,16.686457,74.240889,2026-02-15 19:41:00,visit
LOC_03576,19.073099,72.881012,2026-02-17 16:21:00,visit
LOC_04871,16.425114,73.655381,2026-03-02 21:03:00,commute
LOC_02306,16.68548,74.217329,2026-03-23 04:05:00,visit
LOC_00953,16.699394,74.257213,2026-02-12 07:42:00,dropoff
LOC_04943,19.305626,73.06186,2026-01-17 14:45:00,dropoff
LOC_03054,18.514251,73.875841,2026-03-07 21:18:00,delivery
LOC_04560,18.196931,74.359053,2026-02-06 13:40:00,visit
LOC_02686,16.740218,74.198575,2026-02-23 12:54:00,visit
LOC_01490,16.699603,74.261459,2026-03-15 01:39:00,pickup
LOC_00928,16.693272,74.261882,2026-02-13 01:32:00,visit
LOC_01210,16.695951,74.26447,2026-01-12 01:37:00,visit
LOC_03974,19.719332,74.699653,2026-02-13 16:20:00,pickup
LOC_03546,19.069457,72.896645,2026-01-15 20:58:00,delivery
LOC_04362,20.037672,73.290136,2026-03-17 18:31:00,pickup
LOC_01922,16.677488,74.224989,2026-02-09 01:45:00,delivery
LOC_00352,16.711773,74.23911,2026-02-23 22:45:00,visit
LOC_04899,17.64655,74.058037,2026-03-10 18:17:00,dropoff
LOC_03394,18.505571,73.859407,2026-02-01 15:10:00,commute
LOC_02722,16.722657,74.198886,2026-02-16 16:00:00,dropoff
LOC_04982,18.1971,72.988742,2026-01-04 14:21:00,visit
LOC_00719,16.702192,74.248838,2026-01-27 16:48:00,visit
LOC_02703,16.723972,74.191339,2026-01-02 05:20:00,visit
LOC_02723,16.729941,74.201628,2026-01-16 01:27:00,visit
LOC_04562,16.791703,73.251312,2026-01-25 23:18:00,visit
LOC_00309,16.709661,74.223393,2026-03-22 06:15:00,visit
LOC_01676,16.667992,74.219935,2026-02-06 05:24:00,commute
LOC_00834,16.701962,74.252827,2026-01-04 19:42:00,commute
LOC_00367,16.699051,74.228515,2026-01-10 10:24:00,dropoff
LOC_04507,17.679732,73.081197,2026-01-12 19:59:00,delivery
LOC_02079,16.674867,74.229842,2026-02-13 00:20:00,dropoff
LOC_04039,19.986033,74.432089,2026-02-22 17:28:00,dropoff
LOC_04847,17.979113,74.158918,2026-03-25 08:01:00,visit
LOC_04480,17.971067,73.120516,2026-01-14 01:45:00,delivery
LOC_01747,16.683508,74.223315,2026-02-20 15:46:00,commute
LOC_00020,16.704601,74.242627,2026-03-21 22:12:00,commute
LOC_01323,16.692172,74.25046,2026-01-19 01:12:00,pickup
LOC_03568,19.077024,72.875087,2026-03-22 08:42:00,visit
LOC_02522,16.728852,74.189354,2026-01-07 21:13:00,visit
LOC_00219,16.703764,74.254561,2026-03-27 00:04:00,dropoff
LOC_01488,16.693603,74.246968,2026-01-19 17:53:00,visit
LOC_00439,16.699766,74.259028,2026-02-27 10:26:00,commute
LOC_04175,17.23664,74.322938,2026-01-10 03:23:00,pickup
LOC_02751,16.731655,74.202054,2026-01-24 05:10:00,dropoff
LOC_03289,18.535406,73.820391,2026-01-01 10:44:00,delivery
LOC_03434,18.5176,73.836984,2026-03-29 23:46:00,commute
LOC_02526,16.734351,74.213166,2026-03-21 10:15:00,visit
LOC_04651,18.113345,75.1281,2026-02-14 17:51:00,pickup
LOC_03689,19.090384,72.871874,2026-01-27 16:11:00,delivery
LOC_02764,16.731699,74.209616,2026-02-01 19:26:00,visit
LOC_00803,16.707757,74.24729,2026-03-10 18:58:00,delivery
LOC_02998,16.739264,74.195485,2026-01-28 20:11:00,delivery
LOC_02229,16.692564,74.208314,2026-01-30 01:41:00,dropoff
LOC_04786,17.022013,73.492642,2026-03-16 03:37:00,visit
LOC_02078,16.690297,74.230179,2026-03-04 20:19:00,visit
LOC_00583,16.70265,74.236054,2026-03-08 10:07:00,visit
LOC_00204,16.710152,74.262561,2026-01-16 01:30:00,delivery
LOC_04347,16.995533,74.066486,2026-03-21 12:38:00,dropoff
LOC_03479,18.514744,73.84642,2026-01-01 00:34:00,visit
LOC_02930,16.720513,74.20201,2026-01-13 21:04:00,delivery
LOC_03086,18.533903,73.856668,2026-01-09 13:56:00,visit
LOC_01019,16.69001,74.263161,2026-02-02 20:42:00,visit
LOC_01584,16.691599,74.260473,2026-02-24 19:52:00,visit
LOC_01033,16.695011,74.268793,2026-03-24 19:27:00,visit
LOC_01719,16.689013,74.228084,2026-02-20 16:14:00,pickup
LOC_01282,16.715027,74.248664,2026-02-16 17:43:00,delivery
LOC_02499,16.725889,74.196662,2026-03-30 13:08:00,visit
LOC_03351,18.519643,73.863079,2026-02-17 00:21:00,pickup
LOC_00518,16.699493,74.253629,2026-02-10 04:12:00,pickup
LOC_01748,16.682734,74.221752,2026-01-24 18:55:00,commute
LOC_04653,20.131955,72.933864,2026-02-27 02:34:00,visit
LOC_03733,19.083758,72.877631,2026-01-17 04:44:00,dropoff
LOC_00669,16.700818,74.240479,2026-01-21 09:48:00,commute
LOC_04060,17.342951,74.738728,2026-03-25 15:51:00,commute
LOC_03027,18.52785,73.857154,2026-03-19 18:19:00,visit
LOC_04933,19.954617,74.377792,2026-02-14 02:47:00,pickup
LOC_03287,18.505901,73.847434,2026-01-10 17:35:00,delivery
LOC_02651,16.738525,74.211642,2026-03-04 17:31:00,commute
LOC_04454,18.092019,74.917764,2026-03-31 18:15:00,commute
LOC_03193,18.512287,73.850228,2026-02-09 18:17:00,pickup
LOC_02125,16.686787,74.220738,2026-01-31 06:21:00,dropoff
LOC_03376,18.504377,73.866226,2026-02-19 02:48:00,pickup
LOC_03393,18.542748,73.872393,2026-03-16 19:58:00,visit
LOC_03486,18.499877,73.847045,2026-03-24 19:15:00,commute
LOC_00760,16.70854,74.23993,2026-01-26 03:24:00,commute
LOC_03380,18.526407,73.852009,2026-02-17 21:23:00,visit
LOC_04441,18.265919,73.312979,2026-01-19 22:05:00,pickup
LOC_02527,16.72825,74.200474,2026-02-14 07:26:00,visit
LOC_04859,16.848254,72.991607,2026-01-08 16:17:00,pickup
LOC_00908,16.697837,74.259209,2026-02-10 18:39:00,commute
LOC_02684,16.73912,74.205096,2026-03-28 20:39:00,pickup
LOC_00215,16.702379,74.237845,2026-01-14 18:33:00,visit
LOC_03332,18.548243,73.85307,2026-03-19 12:00:00,visit
LOC_04459,16.90257,73.318777,2026-01-06 12:32:00,commute
LOC_00694,16.686986,74.24216,2026-02-11 23:39:00,commute
LOC_01504,16.700561,74.259341,2026-01-30 22:51:00,dropoff
LOC_02415,16.719687,74.216379,2026-01-29 20:20:00,pickup
LOC_02119,16.678627,74.211591,2026-01-24 03:53:00,delivery
LOC_03859,19.075166,72.900672,2026-03-23 15:45:00,delivery
LOC_02463,16.729634,74.189777,2026-03-08 13:29:00,delivery
LOC_03636,19.072535,72.871565,2026-03-26 21:51:00,commute
LOC_04106,19.496549,73.47544,2026-02-02 22:04:00,pickup
LOC_04479,19.216185,74.036197,2026-01-19 16:12:00,dropoff
LOC_00197,16.710147,74.238699,2026-01-20 09:27:00,commute
LOC_04668,17.272176,74.127474,2026-02-24 18:37:00,dropoff
LOC_01544,16.697808,74.26081,2026-02-09 13:30:00,pickup
LOC_01331,16.711228,74.265637,2026-03-06 05:41:00,visit
LOC_00880,16.699282,74.263001,2026-01-26 07:29:00,dropoff
LOC_04503,18.850965,73.873288,2026-01-22 05:37:00,dropoff
LOC_03502,19.078504,72.898264,2026-01-11 07:32:00,pickup
LOC_03895,19.07461,72.872125,2026-03-01 19:47:00,pickup
LOC_04991,17.976281,73.84205,2026-02-06 11:59:00,dropoff
LOC_00888,16.701776,74.27425,2026-01-12 21:57:00,commute
LOC_01346,16.696629,74.261723,2026-03-21 03:34:00,commute
LOC_00069,16.711864,74.253907,2026-02-07 07:26:00,visit
LOC_04211,19.452005,72.824439,2026-02-23 15:58:00,pickup
LOC_01816,16.695799,74.222282,2026-03-27 01:11:00,delivery
LOC_00569,16.709387,74.250769,2026-01-01 12:39:00,visit
LOC_02168,16.675755,74.219272,2026-03-18 21:09:00,dropoff
LOC_00097,16.694418,74.245687,2026-01-19 14:05:00,commute
LOC_04182,18.209216,72.99772,2026-03-26 00:26:00,dropoff
LOC_03354,18.513454,73.861454,2026-03-11 05:30:00,visit
LOC_00140,16.728311,74.239138,2026-03-08 20:40:00,delivery
LOC_04955,19.61471,74.114749,2026-01-09 03:07:00,commute
LOC_02603,16.726858,74.192478,2026-01-17 01:33:00,pickup
LOC_04024,19.728704,73.970896,2026-03-04 11:04:00,delivery
LOC_04773,18.686287,74.184663,2026-03-20 23:11:00,pickup
LOC_01607,16.704776,74.251936,2026-03-11 01:02:00,pickup
LOC_01630,16.694114,74.267269,2026-01-15 07:41:00,delivery
LOC_01540,16.687553,74.262665,2026-01-15 23:56:00,dropoff
LOC_01695,16.676103,74.225382,2026-02-13 13:54:00,visit
LOC_02060,16.68136,74.221645,2026-02-17 22:15:00,dropoff
LOC_00464,16.688416,74.246232,2026-01-16 17:35:00,commute
LOC_02331,16.680193,74.224558,2026-01-08 23:58:00,visit
LOC_03044,18.529589,73.868662,2026-03-09 03:58:00,visit
LOC_04735,18.150654,72.82033,2026-01-23 11:57:00,dropoff
LOC_00595,16.694751,74.241848,2026-03-23 08:24:00,visit
LOC_03815,19.060621,72.875585,2026-01-03 17:02:00,visit
LOC_00626,16.700732,74.241698,2026-02-13 04:21:00,dropoff
LOC_00451,16.703951,74.243428,2026-02-17 03:30:00,pickup
LOC_01500,16.707746,74.259612,2026-01-15 10:56:00,visit
LOC_02457,16.73459,74.207994,2026-01-06 17:24:00,commute
LOC_04723,18.197688,75.18245,2026-01-28 02:13:00,visit
LOC_02985,16.727411,74.205564,2026-02-05 17:41:00,dropoff
LOC_01570,16.703903,74.262383,2026-02-24 01:50:00,commute
LOC_01035,16.691001,74.261669,2026-01-23 08:33:00,visit
LOC_03519,19.071126,72.870947,2026-02-15 16:21:00,pickup
LOC_01558,16.692745,74.255394,2026-01-19 09:25:00,delivery
LOC_03625,19.075143,72.87494,2026-02-12 02:33:00,delivery
LOC_04665,19.920102,74.734813,2026-03-08 00:42:00,commute
LOC_00151,16.703731,74.242526,2026-02-18 15:28:00,commute
LOC_01421,16.700323,74.260801,2026-03-26 01:07:00,delivery
LOC_02012,16.67119,74.232287,2026-02-15 06:15:00,commute
LOC_02687,16.729059,74.196913,2026-03-15 02:39:00,visit
LOC_01787,16.689095,74.216374,2026-02-09 12:45:00,commute
LOC_00089,16.708846,74.250522,2026-03-27 18:17:00,dropoff
LOC_00458,16.698235,74.252863,2026-03-29 06:01:00,delivery
LOC_01306,16.705677,74.260071,2026-01-10 19:33:00,visit
LOC_02926,16.735618,74.203178,2026-02-11 08:51:00,delivery
LOC_03271,18.505076,73.860622,2026-01-29 14:08:00,commute
LOC_03228,18.533048,73.847555,2026-03-04 22:26:00,pickup
LOC_01989,16.675834,74.22707,2026-01-25 18:01:00,commute
LOC_03755,19.083199,72.860724,2026-03-22 17:31:00,visit
LOC_03647,19.064924,72.85759,2026-02-12 19:41:00,dropoff
LOC_00832,16.717492,74.234797,2026-02-07 06:37:00,visit
LOC_00240,16.700764,74.240786,2026-03-31 03:00:00,visit
LOC_04682,18.721239,74.823363,2026-01-02 22:06:00,dropoff
LOC_03023,18.507036,73.878005,2026-03-27 05:03:00,visit
LOC_03149,18.508977,73.839868,2026-03-17 02:22:00,visit
LOC_01947,16.688516,74.204705,2026-02-23 15:41:00,dropoff
LOC_02776,16.733352,74.193835,2026-03-19 22:33:00,visit
LOC_00193,16.701935,74.248589,2026-02-18 11:41:00,pickup
LOC_04850,18.293709,75.075371,2026-03-10 21:28:00,commute
LOC_04940,16.777369,72.705023,2026-01-24 04:23:00,commute
LOC_00945,16.697012,74.241327,2026-03-15 04:46:00,visit
LOC_01269,16.700998,74.264029,2026-01-19 10:52:00,delivery
LOC_04232,19.582916,73.360008,2026-02-21 02:44:00,pickup
LOC_02308,16.67954,74.222692,2026-01-05 09:41:00,commute
LOC_04425,18.574067,72.64625,2026-02-08 11:29:00,pickup
LOC_04712,18.673543,72.638063,2026-01-18 11:26:00,delivery
LOC_02314,16.696596,74.219301,2026-03-05 04:14:00,delivery
LOC_03215,18.505456,73.862938,2026-03-04 21:29:00,dropoff
LOC_02733,16.732316,74.208393,2026-03-05 17:25:00,commute
LOC_01927,16.681625,74.217399,2026-01-09 19:02:00,visit
LOC_04228,18.499845,73.48548,2026-01-28 17:43:00,delivery
LOC_04677,16.571271,73.315364,2026-02-02 07:29:00,delivery
LOC_00801,16.69824,74.238947,2026-03-06 06:49:00,commute
LOC_03672,19.070834,72.876657,2026-03-01 08:37:00,dropoff
LOC_04194,19.620476,73.202391,2026-01-13 10:22:00,dropoff
LOC_02969,16.725956,74.205682,2026-02-02 02:50:00,delivery
LOC_04794,16.921296,75.026035,2026-03-27 05:28:00,pickup
LOC_04369,20.15326,72.959623,2026-02-10 07:03:00,delivery
LOC_02777,16.715578,74.19028,2026-01-22 17:00:00,commute
LOC_02971,16.726459,74.193386,2026-02-03 04:42:00,dropoff
LOC_03868,19.056065,72.875425,2026-03-31 03:21:00,visit
LOC_01744,16.676695,74.208356,2026-01-31 13:59:00,dropoff
LOC_03949,19.819601,73.429071,2026-02-10 15:03:00,pickup
LOC_03803,19.061284,72.885996,2026-03-07 13:32:00,commute
LOC_02025,16.687929,74.217212,2026-03-17 23:40:00,visit
LOC_02275,16.682837,74.224572,2026-01-09 22:34:00,visit
LOC_00100,16.697756,74.213813,2026-01-20 11:54:00,commute
LOC_04922,17.30372,74.532962,2026-02-13 00:59:00,dropoff
LOC_03408,18.522261,73.868071,2026-01-01 07:15:00,visit
LOC_04246,19.89969,73.073278,2026-02-15 05:29:00,pickup
LOC_04620,16.955523,74.335681,2026-02-19 03:12:00,delivery
LOC_04917,18.724924,74.898162,2026-03-28 16:08:00,delivery
LOC_00192,16.703564,74.250791,2026-03-11 05:33:00,visit
LOC_04697,18.851687,74.656353,2026-02-01 19:07:00,dropoff
LOC_01785,16.686237,74.225025,2026-03-17 04:08:00,delivery
LOC_01533,16.698982,74.263024,2026-01-31 11:35:00,commute
LOC_02835,16.724783,74.211298,2026-02-11 06:07:00,pickup
LOC_04445,16.782617,72.840093,2026-02-04 07:54:00,pickup
LOC_04916,19.64689,73.648856,2026-01-28 14:30:00,delivery
LOC_01599,16.690186,74.255998,2026-03-12 07:53:00,pickup
LOC_01780,16.688584,74.211315,2026-01-17 13:53:00,commute
LOC_04901,16.587286,72.912199,2026-02-01 08:17:00,commute
LOC_02575,16.728654,74.209209,2026-01-05 15:18:00,commute
LOC_03399,18.52072,73.866284,2026-03-19 17:41:00,delivery
LOC_03976,20.198912,73.675847,2026-01-07 16:05:00,delivery
LOC_03771,19.084123,72.893782,2026-02-03 03:48:00,visit
LOC_00167,16.712453,74.243417,2026-02-06 21:20:00,delivery
LOC_01752,16.678366,74.224867,2026-01-04 07:36:00,visit
LOC_01480,16.70516,74.275558,2026-03-20 13:15:00,pickup
LOC_01025,16.704453,74.267107,2026-02-17 07:19:00,delivery
LOC_01789,16.689593,74.219941,2026-03-23 17:55:00,commute
LOC_02265,16.683035,74.224452,2026-01-13 13:58:00,commute
LOC_02474,16.734913,74.202497,2026-01-07 22:15:00,visit
LOC_01823,16.680205,74.215115,2026-02-07 14:38:00,delivery
LOC_01221,16.697495,74.265861,2026-01-25 12:56:00,commute
LOC_01667,16.665746,74.226269,2026-03-11 11:35:00,pickup
LOC_02961,16.741345,74.191699,2026-01-06 19:48:00,dropoff
LOC_00153,16.691603,74.239684,2026-01-08 10:30:00,visit
LOC_02535,16.740204,74.202932,2026-01-06 06:49:00,visit
LOC_04689,18.496225,74.285993,2026-03-05 14:51:00,pickup
LOC_01979,16.67414,74.225568,2026-02-21 15:15:00,dropoff
LOC_01470,16.705806,74.247562,2026-01-03 19:17:00,pickup
LOC_02808,16.719287,74.206462,2026-01-19 04:32:00,pickup
LOC_02513,16.737416,74.199337,2026-03-22 18:33:00,visit
LOC_02944,16.719587,74.207668,2026-02-17 23:41:00,pickup
LOC_02981,16.729482,74.193005,2026-02-27 18:40:00,pickup
LOC_04823,18.433911,74.880236,2026-02-02 15:51:00,visit
LOC_03018,18.541941,73.868283,2026-02-15 15:13:00,dropoff
LOC_01567,16.691195,74.257481,2026-03-12 14:47:00,visit
LOC_00032,16.701749,74.250581,2026-03-23 06:14:00,commute
LOC_00938,16.693321,74.257451,2026-01-31 19:24:00,dropoff
LOC_01216,16.698706,74.269016,2026-02-08 05:57:00,dropoff
LOC_01938,16.683288,74.231999,2026-01-14 20:47:00,visit
LOC_01130,16.696409,74.250206,2026-03-17 20:07:00,pickup
LOC_00310,16.718858,74.231659,2026-01-25 18:04:00,visit
LOC_04902,16.647988,73.592435,2026-01-10 18:00:00,pickup
LOC_02169,16.689087,74.213354,2026-01-24 05:21:00,visit
LOC_03114,18.496127,73.854726,2026-02-10 19:48:00,visit
LOC_00496,16.712484,74.261479,2026-01-08 22:56:00,visit
LOC_00206,16.70461,74.254776,2026-02-26 09:32:00,visit
LOC_02674,16.742019,74.203762,2026-03-18 11:02:00,commute
LOC_03358,18.521313,73.871384,2026-01-16 20:12:00,commute
LOC_03831,19.066502,72.865074,2026-02-12 05:27:00,delivery
LOC_00306,16.696577,74.243885,2026-01-16 22:19:00,commute
LOC_03794,19.078161,72.880976,2026-02-08 19:57:00,delivery
LOC_02202,16.704815,74.217691,2026-03-30 07:21:00,dropoff
LOC_01062,16.704438,74.264136,2026-02-09 10:57:00,dropoff
LOC_00844,16.704254,74.238745,2026-03-21 03:31:00,dropoff
LOC_03873,19.082964,72.856451,2026-01-12 13:30:00,commute
LOC_02252,16.675976,74.226139,2026-03-31 20:00:00,visit
LOC_00212,16.694389,74.254632,2026-02-07 02:28:00,commute
LOC_03998,19.63737,74.846652,2026-01-01 12:33:00,dropoff
LOC_00680,16.703665,74.247938,2026-03-03 04:52:00,visit
LOC_00566,16.710915,74.236183,2026-02-05 11:11:00,delivery
LOC_03291,18.529019,73.842884,2026-03-26 10:00:00,pickup
LOC_04355,19.72416,73.997134,2026-02-03 18:24:00,visit
LOC_00681,16.711534,74.247443,2026-02-11 14:40:00,pickup
LOC_00181,16.715448,74.252501,2026-02-23 00:10:00,visit
LOC_04280,19.192686,73.728364,2026-01-22 19:20:00,commute
LOC_02496,16.723008,74.214016,2026-03-13 08:20:00,visit
LOC_02317,16.675706,74.226703,2026-02-26 06:11:00,dropoff
LOC_04274,16.72915,73.484104,2026-02-09 05:56:00,dropoff
LOC_00279,16.714529,74.241049,2026-02-07 03:07:00,visit
LOC_03684,19.066126,72.874326,2026-01-24 10:21:00,pickup
LOC_04763,18.895177,74.026848,2026-03-14 11:27:00,delivery
LOC_00433,16.703951,74.226887,2026-01-06 10:31:00,delivery
LOC_00290,16.704172,74.24303,2026-01-17 23:37:00,visit
LOC_01028,16.694191,74.248526,2026-02-25 12:59:00,visit
LOC_00536,16.7101,74.243753,2026-01-05 06:19:00,pickup
LOC_03632,19.076289,72.874396,2026-02-25 19:34:00,delivery
LOC_00189,16.694055,74.249445,2026-02-28 03:43:00,commute
LOC_02175,16.673175,74.235644,2026-01-12 04:04:00,visit
LOC_03916,17.105268,74.461658,2026-02-11 19:35:00,delivery
LOC_01863,16.667326,74.220621,2026-01-02 20:29:00,visit
LOC_00271,16.699228,74.246603,2026-02-27 07:42:00,delivery
LOC_01729,16.67624,74.230009,2026-03-02 02:10:00,commute
LOC_04076,19.425859,72.591715,2026-03-21 12:38:00,dropoff
LOC_02158,16.67899,74.221642,2026-01-20 21:42:00,visit
LOC_03932,17.763743,74.502757,2026-02-08 03:01:00,pickup
LOC_00112,16.706902,74.244048,2026-02-19 21:15:00,commute
LOC_02385,16.728999,74.190743,2026-01-06 04:17:00,commute
LOC_00221,16.703209,74.241425,2026-01-15 01:49:00,pickup
LOC_00628,16.715901,74.231343,2026-03-30 00:34:00,commute
LOC_01182,16.695543,74.260623,2026-02-07 00:21:00,commute
LOC_03382,18.500843,73.844955,2026-03-27 16:00:00,delivery
LOC_02423,16.72277,74.184985,2026-02-08 20:26:00,commute
LOC_00791,16.699031,74.231231,2026-01-07 02:53:00,visit
LOC_04276,17.631426,73.622749,2026-03-30 14:18:00,pickup
LOC_00462,16.698333,74.249437,2026-02-03 05:00:00,visit
LOC_04403,17.548149,75.042098,2026-02-16 20:02:00,commute
LOC_00552,16.709452,74.240408,2026-02-25 07:04:00,commute
LOC_03130,18.515514,73.863681,2026-03-17 06:44:00,commute
LOC_01445,16.694808,74.262868,2026-02-08 22:07:00,delivery
LOC_00199,16.704959,74.235355,2026-03-29 19:10:00,visit
LOC_02590,16.740622,74.195485,2026-01-04 03:56:00,visit
LOC_00403,16.711564,74.236625,2026-01-13 13:44:00,visit
LOC_03960,17.884972,73.32012,2026-01-26 07:58:00,pickup
LOC_04190,19.826544,72.855675,2026-01-05 05:46:00,commute
LOC_04764,18.63654,73.658033,2026-02-04 00:55:00,pickup
LOC_02096,16.658665,74.221175,2026-02-11 14:08:00,pickup
LOC_02901,16.718893,74.212719,2026-01-02 16:39:00,commute
LOC_04463,17.464737,75.083654,2026-03-06 18:49:00,pickup
LOC_00651,16.719783,74.23847,2026-03-29 15:44:00,delivery
LOC_00709,16.703228,74.249473,2026-02-20 19:25:00,visit
LOC_01481,16.716436,74.2625,2026-03-24 16:18:00,dropoff
LOC_04415,16.757865,72.810187,2026-03-14 06:59:00,pickup
LOC_03066,18.523885,73.844604,2026-01-19 13:29:00,delivery
LOC_02396,16.724951,74.208822,2026-02-04 10:49:00,commute
LOC_01770,16.677763,74.225199,2026-03-01 00:44:00,commute
LOC_00315,16.711624,74.235119,2026-03-25 01:57:00,visit
LOC_03762,19.066738,72.883354,2026-02-27 02:26:00,dropoff
LOC_04910,17.337972,73.166189,2026-03-22 10:13:00,visit
LOC_00114,16.693432,74.242122,2026-02-25 23:13:00,visit
LOC_00961,16.701594,74.265713,2026-02-09 13:54:00,delivery
LOC_02911,16.719237,74.197156,2026-03-16 12:43:00,pickup
LOC_03406,18.51609,73.849994,2026-03-03 23:14:00,visit
LOC_01624,16.699194,74.268314,2026-03-31 21:36:00,delivery
LOC_03323,18.510664,73.88271,2026-03-26 20:25:00,commute
LOC_05000,19.362507,73.900729,2026-03-13 17:46:00,commute
LOC_01819,16.68663,74.223065,2026-02-17 09:31:00,dropoff
LOC_03195,18.523998,73.859379,2026-01-01 21:47:00,commute
LOC_03008,18.52402,73.832602,2026-03-11 21:35:00,pickup
LOC_03415,18.509427,73.826365,2026-01-17 07:25:00,visit
LOC_04529,17.160657,73.917803,2026-01-05 15:19:00,commute
LOC_01898,16.69221,74.212713,2026-02-14 16:14:00,visit
LOC_01919,16.663009,74.218014,2026-03-21 04:16:00,dropoff
LOC_01271,16.68771,74.264856,2026-03-24 15:30:00,dropoff
LOC_04177,16.639471,73.71986,2026-01-12 09:52:00,dropoff
LOC_04963,17.930111,73.487275,2026-02-26 08:30:00,pickup
LOC_04884,17.844166,72.735517,2026-02-21 14:57:00,pickup
LOC_04095,18.214228,73.852043,2026-01-07 14:20:00,dropoff
LOC_03160,18.532513,73.85595,2026-03-10 08:06:00,delivery
LOC_01814,16.692429,74.217074,2026-02-04 02:29:00,visit
LOC_02427,16.73461,74.202094,2026-02-15 02:21:00,visit
LOC_03951,16.984225,74.78969,2026-03-05 03:36:00,dropoff
LOC_04429,19.886895,72.616787,2026-01-07 18:18:00,visit
LOC_02143,16.686089,74.206963,2026-02-12 11:05:00,visit
LOC_01627,16.705059,74.26151,2026-03-14 21:34:00,visit
LOC_00790,16.703792,74.24137,2026-03-11 15:42:00,visit
LOC_03787,19.093383,72.869856,2026-02-26 19:37:00,dropoff
LOC_01865,16.671027,74.217427,2026-03-09 08:13:00,pickup
LOC_02866,16.709154,74.201485,2026-01-07 18:25:00,delivery
LOC_00872,16.699754,74.263363,2026-01-25 15:11:00,visit
LOC_03272,18.52886,73.866547,2026-03-02 14:50:00,visit
LOC_03834,19.08261,72.901525,2026-02-13 23:43:00,commute
LOC_00074,16.708977,74.238428,2026-02-12 02:07:00,visit
LOC_01753,16.664877,74.221677,2026-02-26 04:41:00,dropoff
LOC_01422,16.697502,74.248035,2026-02-17 20:03:00,delivery
LOC_04222,18.293386,73.325647,2026-01-27 17:28:00,commute
LOC_04694,19.585495,72.960488,2026-03-05 19:08:00,commute
LOC_04370,18.007871,73.468283,2026-03-01 05:12:00,dropoff
LOC_04576,18.499367,74.148937,2026-01-15 20:42:00,dropoff
LOC_03810,19.059091,72.863593,2026-01-10 12:47:00,visit
LOC_02245,16.679504,74.231823,2026-02-16 21:06:00,dropoff
LOC_03048,18.531877,73.857586,2026-01-24 16:06:00,visit
LOC_02446,16.726707,74.210155,2026-03-07 17:09:00,commute
LOC_00495,16.702531,74.234741,2026-02-10 13:54:00,delivery
LOC_03131,18.541095,73.866086,2026-03-22 20:11:00,commute
LOC_04322,18.454742,74.769507,2026-03-15 07:37:00,commute
LOC_04398,18.030948,73.444793,2026-02-16 02:45:00,commute
LOC_01165,16.703161,74.263322,2026-01-20 22:24:00,commute
LOC_03735,19.082769,72.881677,2026-01-31 13:13:00,visit
LOC_01731,16.685608,74.242401,2026-01-12 13:20:00,commute
LOC_04813,17.442355,73.202015,2026-02-03 11:39:00,commute
LOC_02403,16.733978,74.190484,2026-01-29 07:29:00,visit
LOC_03404,18.505227,73.862278,2026-02-24 19:18:00,delivery
LOC_00619,16.700088,74.231583,2026-01-08 00:07:00,commute
LOC_01698,16.681196,74.231658,2026-03-25 17:19:00,pickup
LOC_03594,19.074522,72.898286,2026-02-28 18:33:00,visit
LOC_01958,16.662382,74.206184,2026-02-24 06:52:00,visit
LOC_01222,16.701324,74.252,2026-02-05 12:51:00,delivery
LOC_02074,16.67639,74.225059,2026-02-19 01:35:00,delivery
LOC_03411,18.51867,73.849097,2026-02-15 18:43:00,visit
LOC_00870,16.708224,74.256484,2026-03-20 17:46:00,delivery
LOC_02719,16.730769,74.209062,2026-01-23 02:10:00,pickup
LOC_01043,16.702042,74.265624,2026-01-20 02:19:00,visit
LOC_01362,16.68948,74.256266,2026-01-30 03:47:00,visit
LOC_00357,16.706875,74.237301,2026-02-20 08:36:00,dropoff
LOC_01163,16.712895,74.254973,2026-01-03 14:10:00,dropoff
LOC_02766,16.722836,74.216748,2026-01-22 08:58:00,commute
LOC_03253,18.530371,73.837451,2026-01-31 21:17:00,visit
LOC_01439,16.693487,74.258001,2026-03-21 00:10:00,visit
LOC_03604,19.069783,72.882328,2026-03-11 01:25:00,visit
LOC_04941,19.311135,75.145509,2026-02-26 01:46:00,commute
LOC_04594,18.614941,72.861713,2026-02-01 15:09:00,commute
LOC_03640,19.073263,72.868007,2026-01-14 15:04:00,pickup
LOC_01254,16.697239,74.254518,2026-02-15 11:39:00,visit
LOC_03366,18.53144,73.837332,2026-02-03 02:18:00,visit
LOC_00333,16.699409,74.236598,2026-02-26 09:47:00,visit
LOC_03695,19.066109,72.900126,2026-03-30 16:55:00,visit
LOC_03569,19.057913,72.912784,2026-03-03 08:12:00,pickup
LOC_02729,16.728442,74.197078,2026-01-27 10:08:00,commute
LOC_03668,19.076728,72.85507,2026-03-12 01:07:00,visit
LOC_01631,16.705611,74.262321,2026-02-27 14:20:00,visit
LOC_01117,16.709666,74.26774,2026-03-09 21:47:00,visit
LOC_01850,16.693659,74.211286,2026-03-11 05:46:00,commute
LOC_03555,19.083396,72.906022,2026-03-19 20:52:00,delivery
LOC_03154,18.509303,73.877996,2026-01-27 00:15:00,visit
LOC_03266,18.514979,73.859787,2026-03-05 05:51:00,delivery
LOC_01666,16.68529,74.228743,2026-03-12 20:04:00,delivery
LOC_00446,16.693185,74.249764,2026-01-07 18:02:00,pickup
LOC_02246,16.675741,74.223906,2026-03-05 08:00:00,visit
LOC_00453,16.720608,74.247914,2026-03-07 01:06:00,dropoff
LOC_01552,16.706826,74.249246,2026-02-06 06:07:00,visit
LOC_04435,16.865487,74.910029,2026-01-15 21:03:00,visit
LOC_02955,16.73691,74.189366,2026-03-25 14:51:00,dropoff
LOC_00015,16.70874,74.237452,2026-01-06 12:04:00,pickup
LOC_03629,19.071552,72.874685,2026-01-09 04:34:00,visit
LOC_00946,16.703882,74.259248,2026-01-08 18:43:00,visit
LOC_00248,16.719695,74.246956,2026-03-25 23:08:00,visit
LOC_04698,19.203388,73.433776,2026-03-24 16:57:00,commute
LOC_00361,16.70378,74.250094,2026-03-11 10:42:00,pickup
LOC_04657,18.886963,74.540216,2026-01-29 14:43:00,pickup
LOC_01615,16.693115,74.267637,2026-01-20 16:11:00,visit
LOC_02304,16.681146,74.20177,2026-03-27 07:01:00,delivery
LOC_04142,18.299525,73.739848,2026-03-28 09:10:00,commute
LOC_03169,18.533083,73.860846,2026-02-07 12:59:00,visit
LOC_02479,16.735696,74.197643,2026-02-09 07:51:00,visit
LOC_04215,16.593403,73.149504,2026-01-30 03:09:00,dropoff
LOC_04181,17.438242,73.852772,2026-01-12 00:37:00,pickup
LOC_04885,19.854707,74.168587,2026-03-04 03:11:00,delivery
LOC_03164,18.513687,73.861593,2026-01-11 07:12:00,commute
LOC_00491,16.713682,74.236617,2026-02-27 23:03:00,visit
LOC_00863,16.69411,74.264723,2026-01-10 09:19:00,delivery
LOC_01741,16.684579,74.223308,2026-03-07 10:43:00,commute
LOC_04100,19.612086,74.539303,2026-01-16 12:50:00,commute
LOC_04386,18.146686,73.873895,2026-03-14 16:52:00,pickup
LOC_02448,16.720905,74.2104,2026-03-30 22:29:00,commute
LOC_04231,19.354687,72.778045,2026-03-06 19:04:00,commute
LOC_00507,16.724363,74.23999,2026-01-13 14:56:00,commute
LOC_02678,16.746352,74.199738,2026-01-16 08:03:00,visit
LOC_02996,16.741045,74.204245,2026-02-10 04:58:00,dropoff
LOC_01943,16.673059,74.212068,2026-03-10 02:58:00,commute
LOC_01223,16.706231,74.262854,2026-01-01 13:16:00,delivery
LOC_01114,16.708136,74.261368,2026-02-14 04:44:00,pickup
LOC_01906,16.675484,74.216818,2026-01-15 12:53:00,visit
LOC_03424,18.513341,73.865126,2026-03-16 19:09:00,dropoff
LOC_01878,16.705665,74.206712,2026-02-23 13:11:00,pickup
LOC_04673,17.643035,73.617755,2026-02-17 02:51:00,pickup
LOC_00434,16.690353,74.249367,2026-02-25 05:52:00,commute
LOC_02365,16.747494,74.214071,2026-02-18 19:10:00,visit
LOC_03155,18.531426,73.858267,2026-01-15 05:16:00,commute
LOC_02836,16.731803,74.201278,2026-01-28 11:45:00,commute
LOC_02093,16.692914,74.217687,2026-02-18 16:49:00,visit
LOC_03011,18.529153,73.877644,2026-02-15 12:59:00,pickup
LOC_03163,18.492428,73.846334,2026-01-03 14:59:00,delivery
LOC_02946,16.712888,74.20105,2026-03-07 01:11:00,delivery
LOC_03917,18.566383,73.49608,2026-01-22 15:16:00,dropoff
LOC_02917,16.725318,74.206074,2026-01-18 08:18:00,commute
LOC_01103,16.708836,74.277911,2026-03-27 12:11:00,visit
LOC_01449,16.704548,74.264153,2026-01-08 05:01:00,pickup
LOC_01721,16.67646,74.211242,2026-03-25 18:48:00,visit
LOC_04519,17.414465,73.171756,2026-02-23 19:38:00,visit
LOC_03843,19.085297,72.880991,2026-03-25 09:45:00,dropoff
LOC_00157,16.706042,74.248361,2026-03-25 16:20:00,visit
LOC_02979,16.732401,74.19072,2026-02-15 17:48:00,visit
LOC_01774,16.685862,74.219683,2026-03-11 07:23:00,dropoff
LOC_00616,16.694739,74.243322,2026-03-30 21:19:00,delivery
LOC_00644,16.706376,74.234426,2026-02-08 03:05:00,dropoff
LOC_01936,16.668626,74.21725,2026-03-06 06:07:00,delivery
LOC_04278,19.735156,74.48099,2026-03-22 12:02:00,commute
LOC_01069,16.690493,74.251722,2026-03-08 09:07:00,commute
LOC_04455,19.79509,73.617527,2026-02-28 22:54:00,delivery
LOC_04155,18.891204,73.317483,2026-02-03 15:35:00,dropoff
LOC_04240,18.15176,74.835136,2026-02-27 04:10:00,commute
LOC_04869,16.421463,72.949982,2026-03-28 05:46:00,commute
LOC_00331,16.71709,74.232436,2026-02-10 16:03:00,pickup
LOC_02058,16.678313,74.208971,2026-02-09 22:35:00,delivery
LOC_02647,16.741166,74.197886,2026-03-26 07:10:00,visit
LOC_02192,16.674813,74.223645,2026-02-28 12:16:00,pickup
LOC_00623,16.707151,74.242893,2026-02-16 02:53:00,pickup
LOC_01596,16.694406,74.256172,2026-03-18 15:32:00,commute
LOC_02916,16.739889,74.187201,2026-02-12 21:26:00,visit
LOC_04822,17.834989,73.50789,2026-01-23 18:57:00,visit
LOC_03899,19.0887,72.885108,2026-01-28 02:29:00,delivery
LOC_01920,16.687378,74.223512,2026-01-01 20:52:00,delivery
LOC_04174,18.284178,74.177126,2026-03-08 20:27:00,commute
LOC_04478,19.659558,74.041165,2026-02-27 05:04:00,visit
LOC_00756,16.714088,74.253865,2026-01-25 15:38:00,commute
LOC_00519,16.712183,74.252965,2026-03-14 02:04:00,visit
LOC_03804,19.082943,72.869419,2026-03-13 09:39:00,commute
LOC_00033,16.700902,74.234111,2026-03-03 00:30:00,visit
LOC_02938,16.741918,74.19445,2026-02-03 14:37:00,commute
LOC_01158,16.692987,74.26471,2026-02-15 16:39:00,delivery
LOC_00745,16.705792,74.246024,2026-01-07 14:38:00,commute
LOC_01498,16.6858,74.251887,2026-01-28 23:11:00,dropoff
LOC_03460,18.522068,73.863015,2026-03-27 16:02:00,visit
LOC_03756,19.090214,72.895388,2026-02-06 07:27:00,visit
LOC_02592,16.724076,74.209866,2026-01-05 01:05:00,delivery
LOC_00784,16.712154,74.242864,2026-02-15 09:06:00,pickup
LOC_03494,18.533527,73.857818,2026-03-13 12:47:00,dropoff
LOC_02950,16.712478,74.19986,2026-03-30 14:21:00,delivery
LOC_00230,16.702701,74.254482,2026-01-26 19:41:00,visit
LOC_00858,16.701475,74.263176,2026-02-10 22:18:00,commute
LOC_02267,16.690045,74.228785,2026-02-05 17:34:00,dropoff
LOC_04275,17.418241,74.488471,2026-01-15 12:51:00,delivery
LOC_00409,16.689056,74.256917,2026-02-24 18:32:00,commute
LOC_00171,16.699762,74.245719,2026-02-16 07:37:00,commute
LOC_00541,16.691508,74.237625,2026-01-19 21:33:00,visit
LOC_02211,16.68498,74.216424,2026-01-13 17:06:00,delivery
LOC_02305,16.665807,74.224715,2026-02-18 08:10:00,pickup
LOC_02568,16.72579,74.200573,2026-02-16 12:13:00,commute
LOC_00614,16.708571,74.246678,2026-01-31 06:22:00,visit
LOC_02102,16.670388,74.21891,2026-01-21 17:15:00,visit
LOC_01809,16.689056,74.204408,2026-02-06 14:42:00,dropoff
LOC_03439,18.514897,73.846146,2026-01-12 02:25:00,dropoff
LOC_01162,16.702644,74.254783,2026-02-08 12:32:00,visit
LOC_04226,16.787816,72.960055,2026-02-20 04:15:00,commute
LOC_03120,18.536593,73.857019,2026-01-17 06:53:00,commute
LOC_03653,19.096766,72.878033,2026-01-01 16:56:00,commute
LOC_01611,16.705346,74.258645,2026-03-27 15:29:00,delivery
LOC_01933,16.656113,74.211868,2026-03-08 00:55:00,visit
LOC_03028,18.534712,73.858677,2026-03-28 14:38:00,delivery
LOC_00565,16.712201,74.253943,2026-01-30 03:14:00,commute
LOC_03572,19.097588,72.884369,2026-02-25 18:59:00,delivery
LOC_04248,17.642135,75.028318,2026-01-19 18:06:00,delivery
LOC_02389,16.735286,74.187963,2026-02-07 17:55:00,dropoff
LOC_01472,16.702906,74.25091,2026-02-25 21:51:00,pickup
LOC_02631,16.730635,74.194099,2026-02-28 14:19:00,visit
LOC_01836,16.673077,74.219536,2026-01-20 10:45:00,delivery
LOC_04929,16.411552,73.135202,2026-02-12 22:34:00,pickup
LOC_03476,18.539373,73.867677,2026-03-15 03:43:00,delivery
LOC_01534,16.698628,74.275264,2026-01-20 15:12:00,pickup
LOC_04328,19.562849,74.681776,2026-02-11 10:18:00,delivery
LOC_02485,16.735796,74.21291,2026-01-27 00:35:00,commute
LOC_04208,17.790301,74.682541,2026-03-31 00:20:00,dropoff
LOC_01173,16.696982,74.271327,2026-02-02 05:40:00,commute
LOC_01428,16.687677,74.264547,2026-03-12 11:28:00,visit
LOC_00326,16.710846,74.230198,2026-02-10 00:31:00,dropoff
LOC_01052,16.703348,74.25947,2026-03-25 21:21:00,commute
LOC_03320,18.534262,73.871391,2026-01-09 02:04:00,pickup
LOC_04722,18.854875,73.306116,2026-01-26 08:03:00,commute
LOC_03865,19.077934,72.876536,2026-03-13 23:09:00,commute
LOC_02604,16.735055,74.20374,2026-02-06 07:54:00,dropoff
LOC_01739,16.695137,74.214785,2026-02-02 07:27:00,visit
LOC_01197,16.699513,74.266542,2026-01-04 15:40:00,commute
LOC_00621,16.701475,74.243876,2026-01-10 06:16:00,dropoff
LOC_01375,16.704886,74.256905,2026-03-01 05:22:00,commute
LOC_02880,16.73177,74.201254,2026-01-25 13:11:00,commute
LOC_01190,16.698263,74.278212,2026-03-12 19:31:00,commute
LOC_00329,16.695624,74.24593,2026-02-04 10:31:00,commute
LOC_00649,16.706315,74.248696,2026-03-30 19:54:00,visit
LOC_00898,16.706556,74.266714,2026-03-10 09:45:00,visit
LOC_03883,19.058728,72.870695,2026-02-13 00:53:00,dropoff
LOC_01124,16.702041,74.252901,2026-01-17 07:56:00,visit
LOC_01892,16.679461,74.21922,2026-01-10 12:08:00,dropoff
LOC_04644,18.189104,72.576466,2026-01-14 20:16:00,dropoff
LOC_04792,19.231307,74.658929,2026-03-29 07:40:00,delivery
LOC_04530,17.543668,73.480974,2026-03-22 08:23:00,dropoff
LOC_04235,18.517019,74.33242,2026-02-18 07:49:00,commute
LOC_01594,16.710262,74.262588,2026-01-01 16:06:00,pickup
LOC_03313,18.527438,73.844152,2026-03-21 07:33:00,visit
LOC_02548,16.732295,74.187184,2026-03-08 23:51:00,dropoff
LOC_01546,16.711385,74.263394,2026-03-11 15:53:00,visit
LOC_04337,19.124352,73.39108,2026-02-01 00:17:00,commute
LOC_01024,16.701941,74.2601,2026-01-04 06:41:00,delivery
LOC_01972,16.669242,74.231842,2026-02-13 09:21:00,visit
LOC_04989,19.475746,75.198072,2026-01-10 19:13:00,dropoff
LOC_01715,16.684288,74.219453,2026-02-08 21:11:00,visit
LOC_01718,16.690998,74.213847,2026-03-01 05:12:00,pickup
LOC_01478,16.704461,74.25622,2026-01-29 12:48:00,visit
LOC_00810,16.706738,74.244029,2026-03-31 11:37:00,commute
LOC_02851,16.729199,74.199089,2026-03-06 14:39:00,commute
LOC_00979,16.708384,74.262371,2026-03-28 23:42:00,commute
LOC_04688,19.294061,73.37054,2026-03-16 21:08:00,visit
LOC_04896,19.79941,73.348933,2026-02-06 20:45:00,commute
LOC_01685,16.673217,74.221032,2026-01-03 06:53:00,visit
LOC_04661,19.219552,72.814135,2026-03-06 02:06:00,visit
LOC_01515,16.706894,74.253065,2026-01-31 20:07:00,dropoff
LOC_02405,16.740238,74.215471,2026-02-01 10:28:00,commute
LOC_02022,16.675849,74.214213,2026-03-13 03:17:00,visit
LOC_04554,19.757983,73.96584,2026-01-04 08:33:00,commute
LOC_01768,16.668586,74.217454,2026-01-25 20:26:00,delivery
LOC_00175,16.694776,74.226136,2026-02-20 03:57:00,commute
LOC_01555,16.702783,74.279754,2026-02-25 02:09:00,dropoff
LOC_04216,17.935131,72.933112,2026-02-20 14:17:00,visit
LOC_01483,16.699507,74.254464,2026-02-06 21:50:00,visit
LOC_04462,16.878384,74.102298,2026-01-31 06:36:00,pickup
LOC_00218,16.715699,74.24664,2026-03-23 12:30:00,pickup
LOC_03915,17.774496,73.372863,2026-03-23 21:34:00,commute
LOC_03721,19.072734,72.886142,2026-03-24 17:53:00,visit
LOC_00691,16.707513,74.240913,2026-01-28 07:29:00,pickup
LOC_02578,16.726237,74.194216,2026-01-20 07:12:00,commute
LOC_02234,16.69678,74.225656,2026-03-23 12:22:00,commute
LOC_02239,16.684533,74.208363,2026-01-20 16:12:00,commute
LOC_01107,16.702564,74.263758,2026-03-06 00:21:00,delivery
LOC_01790,16.689644,74.206077,2026-03-25 06:58:00,visit
LOC_03189,18.499178,73.851773,2026-01-15 19:08:00,delivery
LOC_02437,16.72659,74.198719,2026-01-22 13:54:00,commute
LOC_00612,16.706882,74.237203,2026-01-14 04:57:00,visit
LOC_03661,19.085489,72.87647,2026-02-25 06:06:00,commute
LOC_03712,19.085549,72.894522,2026-01-15 03:21:00,pickup
LOC_00577,16.715689,74.249595,2026-02-26 22:02:00,delivery
LOC_02064,16.679836,74.220115,2026-03-28 19:13:00,pickup
LOC_04436,17.041439,73.916158,2026-02-16 18:55:00,delivery
LOC_01181,16.706149,74.266885,2026-03-30 06:20:00,dropoff
LOC_00889,16.71107,74.256057,2026-03-05 06:34:00,commute
LOC_03129,18.533851,73.845642,2026-01-21 05:50:00,commute
LOC_01733,16.677513,74.221305,2026-02-14 17:13:00,delivery
LOC_02664,16.727983,74.197574,2026-02-16 08:45:00,commute
LOC_00818,16.706953,74.243016,2026-01-04 01:49:00,visit
LOC_03278,18.51952,73.854109,2026-01-18 19:17:00,visit
LOC_01860,16.674463,74.217136,2026-02-18 18:53:00,pickup
LOC_00209,16.697975,74.243947,2026-02-05 13:49:00,dropoff
LOC_00294,16.684467,74.238655,2026-02-10 03:58:00,commute
LOC_01120,16.711416,74.261563,2026-03-27 23:37:00,delivery
LOC_02214,16.669755,74.223228,2026-03-18 05:22:00,commute
LOC_01610,16.703764,74.257901,2026-03-21 14:33:00,delivery
LOC_01265,16.689745,74.262433,2026-02-23 23:56:00,visit
LOC_00991,16.69468,74.248692,2026-03-11 15:54:00,commute
LOC_04198,18.669572,74.323557,2026-03-13 19:53:00,dropoff
LOC_01617,16.70356,74.258723,2026-01-16 18:42:00,visit
LOC_00354,16.71151,74.242181,2026-03-27 18:48:00,commute
LOC_04558,20.196667,72.59565,2026-02-15 01:17:00,visit
LOC_02023,16.683716,74.220521,2026-02-05 16:24:00,dropoff
LOC_03691,19.093113,72.864157,2026-01-13 14:36:00,delivery
LOC_02556,16.710899,74.221823,2026-01-10 16:30:00,commute
LOC_03049,18.520175,73.86685,2026-01-18 01:50:00,commute
LOC_01229,16.69791,74.252182,2026-02-08 12:58:00,visit
LOC_00260,16.694001,74.249722,2026-03-30 16:56:00,commute
LOC_01520,16.702626,74.269251,2026-02-01 23:34:00,dropoff
LOC_01778,16.679706,74.212344,2026-03-16 02:29:00,dropoff
LOC_04740,16.884983,74.068257,2026-03-21 17:12:00,pickup
LOC_01771,16.67991,74.225435,2026-02-21 12:45:00,visit
LOC_04354,18.674186,74.805591,2026-01-26 03:38:00,pickup
LOC_00053,16.693343,74.24182,2026-02-17 12:18:00,delivery
LOC_03474,18.516086,73.830273,2026-02-25 14:32:00,visit
LOC_04684,20.130988,74.82034,2026-03-10 00:43:00,dropoff
LOC_04412,16.421821,73.399928,2026-02-08 15:11:00,dropoff
LOC_02410,16.740152,74.190546,2026-03-30 00:15:00,delivery
LOC_02788,16.724279,74.205732,2026-02-15 08:12:00,dropoff
LOC_02345,16.690883,74.221555,2026-01-31 21:16:00,pickup
LOC_01034,16.695788,74.263172,2026-01-18 16:48:00,delivery
LOC_01098,16.708198,74.254803,2026-03-24 11:12:00,dropoff
LOC_00544,16.703566,74.246698,2026-02-07 07:00:00,visit
LOC_01047,16.699089,74.24424,2026-02-26 22:37:00,dropoff
LOC_01895,16.673615,74.216653,2026-01-12 12:04:00,delivery
LOC_04377,16.718766,72.879773,2026-03-27 20:43:00,commute
LOC_00031,16.722133,74.244804,2026-01-16 06:21:00,visit
LOC_00726,16.716689,74.232901,2026-03-05 22:22:00,commute
LOC_04962,19.561084,74.284056,2026-01-05 21:09:00,pickup
LOC_04719,17.66249,72.671452,2026-01-03 14:08:00,pickup
LOC_03904,19.136683,74.252999,2026-03-28 12:15:00,dropoff
LOC_01427,16.689411,74.263776,2026-02-12 15:50:00,commute
LOC_02498,16.727867,74.197056,2026-03-01 19:58:00,dropoff
LOC_00437,16.700729,74.232389,2026-02-13 06:57:00,visit
LOC_02471,16.733847,74.204519,2026-02-05 07:21:00,delivery
LOC_00913,16.700949,74.258036,2026-01-01 11:15:00,delivery
LOC_04223,18.772301,75.041271,2026-02-11 19:54:00,commute
LOC_04353,17.979136,73.190719,2026-03-31 19:29:00,pickup
LOC_04513,19.863408,73.520068,2026-02-03 08:56:00,visit
LOC_04444,19.088763,74.083814,2026-03-05 10:18:00,dropoff
LOC_02288,16.673275,74.220214,2026-03-07 08:36:00,dropoff
LOC_04598,17.76652,74.445092,2026-02-03 12:36:00,commute
LOC_01239,16.686976,74.262443,2026-01-29 17:59:00,delivery
LOC_00904,16.697877,74.267863,2026-02-01 07:24:00,pickup
LOC_03621,19.065512,72.864026,2026-02-10 11:23:00,commute
LOC_03232,18.557914,73.840879,2026-01-01 17:34:00,dropoff
LOC_02860,16.735476,74.18956,2026-01-04 00:30:00,visit
LOC_00508,16.708479,74.238943,2026-01-26 15:51:00,commute
LOC_03222,18.531612,73.848019,2026-01-05 00:43:00,commute
LOC_00184,16.71385,74.246881,2026-01-20 12:32:00,pickup
LOC_01565,16.687344,74.264308,2026-03-19 02:51:00,commute
LOC_02705,16.720986,74.203767,2026-03-09 15:02:00,commute
LOC_00322,16.703475,74.227735,2026-01-14 23:39:00,commute
LOC_03564,19.102898,72.87574,2026-01-28 02:11:00,commute
LOC_01539,16.689232,74.2523,2026-02-27 11:58:00,dropoff
LOC_01838,16.690933,74.214972,2026-03-08 10:46:00,commute
LOC_02381,16.731858,74.186608,2026-02-14 16:09:00,dropoff
LOC_01913,16.66017,74.217854,2026-02-21 17:36:00,delivery
LOC_01841,16.684595,74.219512,2026-03-28 01:44:00,dropoff
LOC_02116,16.680528,74.211756,2026-02-05 05:09:00,dropoff
LOC_04438,17.477927,73.362124,2026-02-12 04:09:00,pickup
LOC_01147,16.689201,74.25547,2026-03-07 16:36:00,dropoff
LOC_02487,16.72195,74.186873,2026-02-11 07:39:00,commute
LOC_00045,16.705933,74.240506,2026-02-04 05:43:00,dropoff
LOC_02155,16.67976,74.209211,2026-03-02 03:59:00,commute
LOC_01527,16.692591,74.248876,2026-03-28 08:31:00,dropoff
LOC_04856,17.974809,74.59363,2026-02-22 15:05:00,delivery
LOC_01379,16.700147,74.252332,2026-02-21 11:59:00,visit
LOC_01766,16.673835,74.21087,2026-01-13 17:07:00,visit
LOC_03013,18.518812,73.870215,2026-02-04 04:53:00,visit
LOC_00414,16.710995,74.239423,2026-03-25 05:55:00,pickup
LOC_04285,20.024705,72.70596,2026-03-30 20:10:00,visit
LOC_01408,16.704367,74.26269,2026-03-07 04:37:00,delivery
LOC_01659,16.66274,74.212764,2026-01-31 16:01:00,visit
LOC_00802,16.69633,74.253183,2026-03-14 13:49:00,visit
LOC_01289,16.695913,74.276973,2026-01-29 22:25:00,delivery
LOC_02183,16.681756,74.218358,2026-03-26 08:06:00,commute
LOC_02589,16.733588,74.19207,2026-01-27 01:54:00,pickup
LOC_02616,16.727574,74.207345,2026-03-20 03:57:00,visit
LOC_02319,16.679438,74.211631,2026-02-02 11:45:00,delivery
LOC_00257,16.708478,74.232153,2026-03-26 11:32:00,dropoff
LOC_04542,19.390886,72.706621,2026-03-25 01:12:00,pickup
LOC_01730,16.668847,74.231591,2026-03-23 04:08:00,visit
LOC_01152,16.688759,74.263193,2026-02-22 02:40:00,commute
LOC_04145,17.829535,74.121041,2026-01-04 04:32:00,dropoff
LOC_00648,16.691155,74.233799,2026-02-15 05:12:00,commute
LOC_02909,16.726179,74.203099,2026-01-31 02:05:00,delivery
LOC_01703,16.700308,74.206088,2026-01-15 23:59:00,commute
LOC_01882,16.683414,74.211249,2026-03-17 04:49:00,visit
LOC_03769,19.07708,72.91402,2026-03-10 11:51:00,delivery
LOC_01316,16.700921,74.269676,2026-01-26 05:55:00,visit
LOC_02270,16.673249,74.229202,2026-03-22 16:34:00,delivery
LOC_01967,16.673542,74.215249,2026-03-18 13:22:00,commute
LOC_02466,16.732073,74.198728,2026-01-27 20:37:00,pickup
LOC_03856,19.087177,72.870069,2026-03-21 06:48:00,visit
LOC_01351,16.705634,74.256533,2026-02-10 23:35:00,visit
LOC_03297,18.529404,73.851868,2026-03-24 01:07:00,delivery
LOC_00113,16.700247,74.234981,2026-01-26 14:36:00,delivery
LOC_03134,18.537553,73.873891,2026-03-16 00:58:00,delivery
LOC_00264,16.700557,74.241077,2026-03-23 13:11:00,commute
LOC_01394,16.711527,74.260598,2026-03-10 04:40:00,dropoff
LOC_01879,16.661815,74.226555,2026-02-26 02:56:00,dropoff
LOC_01187,16.708586,74.24627,2026-03-29 15:08:00,delivery
LOC_03072,18.524106,73.874706,2026-02-08 09:52:00,visit
LOC_00057,16.702799,74.241197,2026-01-08 15:39:00,dropoff
LOC_01310,16.682439,74.260273,2026-02-05 10:40:00,visit
LOC_00696,16.698741,74.241107,2026-02-02 12:24:00,visit
LOC_02953,16.745764,74.195724,2026-03-01 15:05:00,pickup
LOC_01727,16.673795,74.22361,2026-01-03 17:11:00,visit
LOC_02092,16.676181,74.22061,2026-01-06 07:47:00,visit
LOC_03870,19.086789,72.873889,2026-02-17 09:24:00,commute
LOC_00320,16.695574,74.240091,2026-03-18 09:23:00,pickup
LOC_04321,19.599157,73.283633,2026-01-04 05:46:00,visit
LOC_00683,16.715014,74.250852,2026-02-15 15:01:00,delivery
LOC_03842,19.076253,72.896392,2026-01-18 18:53:00,delivery
LOC_03214,18.528548,73.859785,2026-01-01 03:23:00,pickup
LOC_02003,16.680636,74.210658,2026-01-04 14:33:00,visit
LOC_04783,17.256823,73.361185,2026-03-06 05:26:00,dropoff
LOC_04151,17.116283,72.975845,2026-02-27 03:30:00,dropoff
LOC_00287,16.70711,74.243494,2026-02-17 11:29:00,commute
LOC_01889,16.676726,74.235735,2026-01-19 20:05:00,commute
LOC_02338,16.674813,74.22449,2026-03-05 10:19:00,visit
LOC_02521,16.735575,74.202581,2026-03-19 08:47:00,dropoff
LOC_02278,16.680071,74.227979,2026-02-07 08:58:00,pickup
LOC_02128,16.681094,74.208319,2026-01-12 15:12:00,commute
LOC_03500,18.531057,73.869641,2026-02-09 17:46:00,visit
LOC_04212,17.437343,74.53625,2026-02-13 06:20:00,visit
LOC_02084,16.69675,74.220091,2026-03-20 08:02:00,commute
LOC_00737,16.711222,74.224245,2026-03-16 06:52:00,delivery
LOC_04802,18.743774,73.938756,2026-02-03 19:02:00,pickup
LOC_00337,16.699631,74.24047,2026-02-19 08:01:00,visit
LOC_02597,16.724626,74.206832,2026-03-14 08:09:00,delivery
LOC_02772,16.73364,74.199732,2026-02-01 03:04:00,commute
LOC_03705,19.059774,72.858963,2026-01-27 21:36:00,visit
LOC_04405,17.867984,73.218417,2026-03-07 07:01:00,visit
LOC_01072,16.707813,74.261877,2026-03-05 20:19:00,dropoff
LOC_02291,16.67793,74.225006,2026-02-19 08:16:00,pickup
LOC_01673,16.684166,74.220266,2026-02-20 06:18:00,dropoff
LOC_04084,19.103833,72.891497,2026-01-03 10:15:00,delivery
LOC_04251,19.575838,73.5942,2026-02-15 01:33:00,pickup
LOC_04114,20.013308,74.757016,2026-01-20 14:37:00,commute
LOC_04409,19.767791,73.793902,2026-03-30 19:05:00,commute
LOC_03367,18.528426,73.8293,2026-03-06 17:36:00,commute
LOC_01489,16.695624,74.272776,2026-03-11 02:46:00,dropoff
LOC_00499,16.689074,74.250327,2026-03-19 04:31:00,dropoff
LOC_04383,19.020288,73.04017,2026-02-03 22:18:00,commute
LOC_03480,18.539073,73.862741,2026-02-24 14:29:00,commute
LOC_02582,16.72923,74.219259,2026-01-20 11:17:00,delivery
LOC_03124,18.528441,73.85122,2026-02-03 22:40:00,visit
LOC_02922,16.748316,74.198484,2026-02-10 04:07:00,dropoff
LOC_04378,18.740585,73.659471,2026-03-26 06:42:00,visit
LOC_02645,16.73567,74.195607,2026-03-08 18:38:00,pickup
LOC_04287,20.09763,73.35051,2026-02-28 07:03:00,pickup
LOC_04041,19.853577,72.743811,2026-03-08 12:05:00,delivery
LOC_02035,16.677902,74.228735,2026-01-25 01:22:00,visit
LOC_01023,16.704369,74.265327,2026-01-21 06:58:00,dropoff
LOC_02283,16.692448,74.227209,2026-01-31 15:05:00,delivery
LOC_04887,19.308699,74.829495,2026-03-24 22:22:00,pickup
LOC_04220,19.209683,73.033703,2026-01-17 16:26:00,pickup
LOC_03064,18.524121,73.866923,2026-03-12 07:54:00,visit
LOC_04366,19.938206,74.004811,2026-03-31 07:52:00,dropoff
LOC_00666,16.691355,74.244682,2026-02-17 18:21:00,pickup
LOC_03933,18.015977,74.421679,2026-03-25 22:20:00,visit
LOC_02639,16.737816,74.186365,2026-03-12 06:31:00,dropoff
LOC_03177,18.518519,73.86082,2026-01-25 23:57:00,delivery
LOC_04266,19.752559,73.100192,2026-02-16 16:32:00,dropoff
LOC_03122,18.507604,73.879803,2026-03-19 05:13:00,pickup
LOC_01018,16.693407,74.261771,2026-03-12 02:56:00,visit
LOC_00558,16.696742,74.248214,2026-01-10 18:43:00,pickup
LOC_02400,16.730411,74.211765,2026-02-08 05:28:00,delivery
LOC_01208,16.691928,74.27175,2026-01-01 23:13:00,visit
LOC_02006,16.672846,74.219242,2026-01-25 17:06:00,commute
LOC_02657,16.735947,74.204123,2026-03-18 06:31:00,pickup
LOC_02136,16.673805,74.220314,2026-02-28 08:33:00,delivery
LOC_01511,16.693876,74.258919,2026-01-23 14:53:00,visit
LOC_01737,16.675501,74.214818,2026-01-22 12:46:00,pickup
LOC_00246,16.694701,74.25281,2026-03-19 09:32:00,commute
LOC_01164,16.696076,74.261451,2026-01-02 10:22:00,visit
LOC_03363,18.527048,73.855095,2026-01-30 09:20:00,dropoff
LOC_00267,16.706243,74.252069,2026-03-28 10:47:00,commute
LOC_02367,16.729748,74.199293,2026-01-25 07:36:00,dropoff
LOC_01115,16.703731,74.259096,2026-03-15 09:11:00,visit
LOC_00064,16.70969,74.238023,2026-02-27 11:05:00,commute
LOC_02593,16.728194,74.190771,2026-02-19 03:54:00,visit
LOC_02789,16.73564,74.19868,2026-01-01 13:18:00,visit
LOC_02758,16.737321,74.20917,2026-03-16 13:21:00,visit
LOC_03012,18.534721,73.863515,2026-01-20 09:56:00,commute
LOC_03077,18.513906,73.831784,2026-02-01 12:13:00,visit
LOC_02999,16.733653,74.193398,2026-03-07 15:33:00,commute
LOC_02816,16.727372,74.187696,2026-03-05 18:27:00,commute
LOC_02260,16.681318,74.233442,2026-03-22 18:12:00,commute
LOC_04959,16.821998,73.421461,2026-03-17 06:31:00,pickup
LOC_03205,18.532078,73.864177,2026-02-09 20:58:00,dropoff
LOC_01238,16.691368,74.251927,2026-03-14 12:03:00,pickup
LOC_00104,16.7109,74.233701,2026-03-23 21:09:00,commute
LOC_02644,16.73211,74.185707,2026-03-21 13:59:00,pickup
LOC_00273,16.704222,74.237001,2026-01-08 06:03:00,dropoff
LOC_00509,16.700523,74.239717,2026-02-16 00:46:00,delivery
LOC_02227,16.687842,74.220609,2026-03-08 14:11:00,commute
LOC_04934,19.702381,74.391963,2026-01-08 18:03:00,commute
LOC_02442,16.722009,74.20576,2026-03-18 03:47:00,commute
LOC_00866,16.711279,74.267398,2026-03-14 23:32:00,dropoff
LOC_03327,18.506915,73.862289,2026-01-08 23:30:00,commute
LOC_00909,16.705917,74.263227,2026-02-07 21:44:00,pickup
LOC_02115,16.681833,74.218992,2026-01-20 10:57:00,visit
LOC_03897,19.079067,72.85813,2026-03-20 00:31:00,pickup
LOC_01628,16.702257,74.254367,2026-03-16 18:10:00,dropoff
LOC_02874,16.739016,74.195886,2026-03-20 23:50:00,pickup
LOC_01523,16.708417,74.254435,2026-01-29 15:23:00,dropoff
LOC_00836,16.697845,74.248122,2026-02-10 08:08:00,pickup
LOC_00359,16.698093,74.261253,2026-03-24 21:16:00,dropoff
LOC_00139,16.720974,74.240579,2026-03-16 22:12:00,commute
LOC_00300,16.707624,74.251242,2026-02-19 20:35:00,commute
LOC_01557,16.715323,74.257858,2026-01-07 22:38:00,delivery
LOC_01004,16.699434,74.247054,2026-03-09 03:14:00,dropoff
LOC_00383,16.692182,74.233527,2026-01-20 22:39:00,commute
LOC_00942,16.692882,74.262368,2026-01-13 01:12:00,commute
LOC_04447,18.837086,74.729959,2026-02-22 18:07:00,pickup
LOC_04855,19.606658,74.342848,2026-02-18 05:31:00,delivery
LOC_00762,16.710083,74.240981,2026-01-18 08:45:00,commute
LOC_01706,16.681365,74.203156,2026-02-08 14:07:00,commute
LOC_01874,16.665413,74.220157,2026-03-08 08:29:00,visit
LOC_02551,16.731907,74.200826,2026-02-02 20:55:00,commute
LOC_02087,16.671725,74.237916,2026-03-23 23:34:00,dropoff
LOC_02198,16.678379,74.228697,2026-02-02 08:02:00,visit
LOC_00899,16.697327,74.259601,2026-01-31 13:37:00,visit
LOC_04000,19.031975,73.557478,2026-02-28 05:49:00,visit
LOC_03616,19.070898,72.881961,2026-02-09 03:32:00,dropoff
LOC_01403,16.690476,74.255242,2026-02-28 03:21:00,commute
LOC_03874,19.075286,72.896591,2026-01-31 20:57:00,commute
LOC_03786,19.071866,72.88075,2026-02-10 13:48:00,pickup
LOC_04387,18.816456,73.562743,2026-02-03 06:52:00,commute
LOC_02956,16.726161,74.185545,2026-01-10 23:09:00,pickup
LOC_01513,16.696292,74.253984,2026-02-10 20:36:00,visit
LOC_01189,16.691772,74.266037,2026-03-17 17:53:00,delivery
LOC_02990,16.727202,74.201719,2026-02-03 06:08:00,dropoff
LOC_02081,16.67056,74.21986,2026-03-12 02:53:00,visit
LOC_04984,17.856515,75.059512,2026-03-12 03:50:00,dropoff
LOC_03438,18.511908,73.860041,2026-03-13 15:09:00,visit
LOC_00109,16.711722,74.242985,2026-01-23 09:12:00,commute
LOC_04699,18.518975,75.100813,2026-03-31 20:05:00,commute
LOC_02828,16.720522,74.192283,2026-02-27 01:26:00,visit
LOC_04748,17.256356,75.19859,2026-01-14 03:22:00,dropoff
LOC_00059,16.698073,74.243559,2026-01-04 08:27:00,commute
LOC_00077,16.701582,74.241642,2026-02-07 20:43:00,delivery
LOC_00797,16.712966,74.242047,2026-01-16 06:50:00,visit
LOC_00369,16.706618,74.233437,2026-02-13 09:11:00,pickup
LOC_04906,16.544059,73.13076,2026-02-14 23:17:00,dropoff
LOC_00786,16.70699,74.251676,2026-02-17 20:44:00,dropoff
LOC_02089,16.682293,74.219913,2026-02-25 23:30:00,delivery
LOC_02315,16.691884,74.214455,2026-03-26 11:42:00,visit
LOC_03385,18.515597,73.869,2026-01-02 11:31:00,commute
LOC_03606,19.085715,72.866981,2026-02-17 03:26:00,visit
LOC_04112,17.553287,72.594969,2026-03-06 17:26:00,dropoff
LOC_01903,16.690437,74.235942,2026-03-04 05:02:00,dropoff
LOC_01704,16.682539,74.21302,2026-03-29 02:58:00,commute
LOC_00122,16.706434,74.242151,2026-03-04 10:02:00,visit
LOC_01845,16.680466,74.220652,2026-02-28 10:27:00,visit
LOC_02370,16.726708,74.188089,2026-03-28 04:59:00,pickup
LOC_03729,19.071873,72.878265,2026-03-12 15:14:00,dropoff
LOC_00911,16.697174,74.257561,2026-03-11 15:23:00,commute
LOC_00125,16.711681,74.235002,2026-02-20 08:39:00,commute
LOC_02573,16.731019,74.217053,2026-01-11 13:18:00,pickup
LOC_01587,16.70342,74.251597,2026-02-08 15:08:00,commute
LOC_01258,16.691843,74.268419,2026-01-25 10:18:00,pickup
LOC_03442,18.510532,73.857899,2026-02-13 18:52:00,commute
LOC_03481,18.528972,73.86914,2026-01-30 06:19:00,commute
LOC_04109,19.960594,75.095941,2026-03-10 04:14:00,visit
LOC_01179,16.696802,74.25592,2026-02-03 19:12:00,visit
LOC_03464,18.507076,73.853893,2026-02-08 02:17:00,delivery
LOC_03470,18.504644,73.84549,2026-01-26 01:34:00,pickup
LOC_03468,18.497958,73.842416,2026-01-26 05:32:00,commute
LOC_02104,16.681954,74.226078,2026-03-12 05:54:00,commute
LOC_00443,16.707895,74.239843,2026-03-01 15:21:00,dropoff
LOC_02228,16.675517,74.223765,2026-02-25 14:51:00,visit
LOC_04417,19.349625,75.059693,2026-03-15 19:37:00,delivery
LOC_00926,16.705886,74.266834,2026-02-06 00:27:00,dropoff
LOC_04021,16.996483,72.807211,2026-01-30 07:47:00,dropoff
LOC_02146,16.674707,74.216663,2026-01-05 22:00:00,commute
LOC_04771,19.02112,73.035585,2026-03-14 03:36:00,pickup
LOC_01412,16.694995,74.260348,2026-01-17 21:46:00,delivery
LOC_03467,18.528423,73.850687,2026-01-27 23:32:00,visit
LOC_02073,16.687626,74.217378,2026-03-05 03:01:00,visit
LOC_01510,16.705161,74.271427,2026-03-24 17:53:00,visit
LOC_01228,16.694609,74.258289,2026-03-01 00:46:00,pickup
LOC_04073,18.102432,73.491365,2026-03-13 21:40:00,delivery
LOC_02586,16.732654,74.214107,2026-01-22 07:29:00,visit
LOC_04451,16.596868,74.920191,2026-02-07 17:32:00,delivery
LOC_02952,16.729981,74.207072,2026-01-31 07:16:00,dropoff
LOC_03886,19.073353,72.873073,2026-02-09 05:09:00,visit
LOC_00325,16.719565,74.242321,2026-01-21 14:23:00,visit
LOC_03978,16.651737,73.526699,2026-02-01 07:50:00,commute
LOC_03577,19.073944,72.861541,2026-03-15 10:36:00,pickup
LOC_02212,16.670763,74.210224,2026-01-24 06:26:00,dropoff
LOC_03299,18.512753,73.851636,2026-03-28 14:20:00,dropoff
LOC_03036,18.512816,73.85059,2026-01-25 04:20:00,commute
LOC_01499,16.711169,74.249867,2026-03-13 23:25:00,pickup
LOC_01503,16.711665,74.272377,2026-01-18 23:18:00,commute
LOC_01007,16.701054,74.251617,2026-01-17 18:48:00,delivery
LOC_04180,18.997393,72.501866,2026-01-26 15:59:00,dropoff
LOC_03014,18.50063,73.842191,2026-01-27 16:18:00,commute
LOC_03517,19.048774,72.864211,2026-01-05 17:22:00,commute
LOC_01468,16.703925,74.258902,2026-01-29 15:25:00,visit
LOC_01226,16.704682,74.268081,2026-01-13 09:51:00,pickup
LOC_03168,18.528452,73.869502,2026-02-21 01:20:00,visit
LOC_02268,16.680242,74.209657,2026-01-30 00:54:00,visit
LOC_03809,19.094277,72.875018,2026-03-16 06:03:00,delivery
LOC_01217,16.69464,74.267797,2026-02-28 04:56:00,commute
LOC_03977,18.786714,74.912861,2026-03-16 21:27:00,pickup
LOC_04585,19.444066,74.501188,2026-01-24 15:09:00,dropoff
LOC_00421,16.705737,74.255296,2026-03-06 08:56:00,delivery
LOC_03423,18.526645,73.859126,2026-03-14 18:01:00,visit
LOC_00007,16.706023,74.245693,2026-02-03 10:36:00,delivery
LOC_00933,16.702857,74.253802,2026-02-13 00:35:00,commute
LOC_01692,16.695419,74.226047,2026-01-05 06:33:00,delivery
LOC_00440,16.708423,74.249594,2026-02-21 11:10:00,visit
LOC_01314,16.691153,74.259039,2026-01-21 06:03:00,delivery
LOC_00679,16.708102,74.225922,2026-03-06 07:01:00,visit
LOC_01944,16.672165,74.21083,2026-02-27 19:16:00,commute
LOC_04611,16.482988,72.957248,2026-01-03 00:46:00,commute
LOC_03304,18.513956,73.860379,2026-01-30 06:17:00,commute
LOC_02269,16.678047,74.221018,2026-03-12 11:11:00,pickup
LOC_04634,17.315985,74.209639,2026-01-27 22:43:00,visit
LOC_04081,19.518191,73.62978,2026-03-06 10:31:00,dropoff
LOC_02519,16.746123,74.202876,2026-01-05 20:17:00,dropoff
LOC_02440,16.731587,74.195376,2026-01-08 18:15:00,pickup
LOC_04038,17.39217,74.021225,2026-03-04 15:51:00,delivery
LOC_01894,16.689771,74.217882,2026-01-18 19:15:00,visit
LOC_04245,17.611688,74.700479,2026-03-25 17:31:00,commute
LOC_04830,17.128256,73.566704,2026-03-07 15:04:00,delivery
LOC_02641,16.722104,74.190344,2026-02-23 15:37:00,commute
LOC_00195,16.696144,74.236901,2026-03-05 20:27:00,delivery
LOC_01475,16.684817,74.242378,2026-03-14 19:57:00,commute
LOC_04617,18.960402,74.14146,2026-01-29 16:39:00,delivery
LOC_01212,16.698607,74.254858,2026-01-15 00:58:00,delivery
LOC_02439,16.733287,74.214067,2026-02-27 09:59:00,commute
LOC_01658,16.669316,74.217901,2026-02-12 22:35:00,pickup
LOC_02701,16.730281,74.200766,2026-02-04 20:07:00,delivery
LOC_03083,18.508778,73.844679,2026-03-23 05:29:00,visit
LOC_02706,16.730398,74.201607,2026-01-23 20:49:00,pickup
LOC_04227,17.794587,72.551034,2026-02-25 14:04:00,delivery
LOC_02843,16.72533,74.186538,2026-03-12 19:15:00,visit
LOC_02303,16.674715,74.22945,2026-01-16 02:16:00,visit
LOC_01131,16.712079,74.256307,2026-02-20 05:16:00,visit
LOC_01462,16.689952,74.257042,2026-01-22 05:01:00,commute
LOC_00277,16.698896,74.257171,2026-02-21 19:30:00,commute
LOC_02223,16.670838,74.22557,2026-01-03 07:40:00,delivery
LOC_02332,16.668947,74.228252,2026-01-03 18:47:00,commute
LOC_04323,18.723189,73.788937,2026-03-24 06:12:00,dropoff
LOC_01303,16.708415,74.276961,2026-01-12 11:42:00,commute
LOC_02518,16.710527,74.197639,2026-03-09 11:03:00,dropoff
LOC_00223,16.706413,74.241166,2026-02-14 06:54:00,commute
LOC_02037,16.69044,74.226223,2026-01-09 01:32:00,delivery
LOC_01925,16.681791,74.217685,2026-02-12 19:43:00,pickup
LOC_00574,16.697802,74.254209,2026-02-23 09:59:00,pickup
LOC_01237,16.703904,74.261613,2026-01-07 15:54:00,visit
LOC_03545,19.079132,72.882618,2026-02-26 09:34:00,visit
LOC_02134,16.666955,74.226076,2026-02-04 12:28:00,pickup
LOC_01335,16.70421,74.264797,2026-02-26 22:21:00,commute
LOC_02458,16.724074,74.184034,2026-01-22 14:56:00,visit
LOC_00419,16.704447,74.248202,2026-03-20 13:47:00,delivery
LOC_04915,17.449484,73.108698,2026-02-14 01:50:00,pickup
LOC_01105,16.697257,74.25754,2026-01-15 15:30:00,commute
LOC_00258,16.701991,74.236643,2026-02-09 13:59:00,commute
LOC_00296,16.706412,74.248521,2026-01-21 12:11:00,commute
LOC_02362,16.742677,74.215068,2026-02-06 08:37:00,delivery
LOC_00387,16.708517,74.243213,2026-03-19 19:47:00,visit
LOC_03309,18.522564,73.860299,2026-01-07 11:52:00,dropoff
LOC_04014,19.822483,73.896393,2026-01-28 12:58:00,delivery
LOC_02232,16.671363,74.218337,2026-02-03 09:38:00,visit
LOC_02555,16.723941,74.209495,2026-01-17 21:05:00,delivery
LOC_04336,17.933322,74.494952,2026-02-25 18:35:00,pickup
LOC_03516,19.075312,72.867821,2026-03-28 16:44:00,visit
LOC_01840,16.681627,74.211346,2026-03-18 23:44:00,delivery
LOC_04385,17.67811,72.540176,2026-02-13 00:14:00,delivery
LOC_01564,16.698649,74.267889,2026-01-27 05:07:00,visit
LOC_02016,16.685692,74.214832,2026-02-19 12:16:00,visit
LOC_01401,16.710577,74.268769,2026-02-13 13:24:00,commute
LOC_00713,16.696719,74.236467,2026-03-27 17:29:00,visit
LOC_02421,16.719969,74.211571,2026-03-04 23:21:00,visit
LOC_02620,16.733386,74.192743,2026-01-06 02:21:00,visit
LOC_00210,16.702327,74.246558,2026-02-27 17:46:00,commute
LOC_04945,16.805143,72.729393,2026-01-02 03:49:00,delivery
LOC_01290,16.69141,74.268026,2026-02-04 21:00:00,visit
LOC_00450,16.708067,74.235277,2026-03-18 09:47:00,pickup
LOC_04092,17.885947,74.622546,2026-02-06 19:51:00,commute
LOC_02570,16.722185,74.195409,2026-03-01 11:23:00,visit
LOC_01821,16.695986,74.226291,2026-01-21 19:46:00,commute
LOC_00959,16.697474,74.263158,2026-02-09 05:01:00,pickup
LOC_01794,16.666807,74.224728,2026-03-17 15:08:00,delivery
LOC_04787,19.218489,74.162071,2026-01-27 08:38:00,dropoff
LOC_00655,16.709698,74.241306,2026-03-07 08:14:00,visit
LOC_02408,16.730606,74.20754,2026-01-11 09:01:00,visit
LOC_03853,19.079755,72.878322,2026-03-24 12:46:00,pickup
LOC_01996,16.685754,74.219619,2026-02-01 19:30:00,delivery
LOC_01761,16.681619,74.229221,2026-03-22 04:56:00,delivery
LOC_02355,16.732798,74.209067,2026-02-20 01:18:00,visit
LOC_02742,16.723047,74.184277,2026-01-15 22:55:00,visit
LOC_02618,16.728574,74.212103,2026-03-04 03:01:00,delivery
LOC_00412,16.686331,74.243779,2026-01-02 14:34:00,dropoff
LOC_01775,16.687697,74.219757,2026-03-06 05:08:00,commute
LOC_03979,18.537261,74.83369,2026-01-27 15:33:00,delivery
LOC_02187,16.671085,74.214237,2026-01-12 22:46:00,delivery
LOC_02380,16.744691,74.20548,2026-03-19 16:31:00,visit
LOC_03964,18.86135,73.315585,2026-01-04 15:24:00,pickup
LOC_04312,19.207754,72.936816,2026-01-24 20:03:00,pickup
LOC_04775,17.10303,75.127097,2026-02-04 21:27:00,visit
LOC_03703,19.082568,72.857028,2026-03-19 11:46:00,pickup
LOC_03973,16.452887,73.322297,2026-03-29 20:26:00,commute
LOC_04766,17.157016,74.488582,2026-03-12 09:40:00,visit
LOC_03559,19.060691,72.893785,2026-01-13 14:39:00,delivery
LOC_04111,16.579396,75.056135,2026-03-18 23:25:00,pickup
LOC_03498,18.51111,73.858893,2026-03-30 11:51:00,visit
LOC_03766,19.057973,72.872589,2026-02-16 00:27:00,visit
LOC_00431,16.696676,74.252549,2026-01-07 00:05:00,dropoff
LOC_04485,19.979819,72.843373,2026-03-14 00:56:00,dropoff
LOC_02322,16.67992,74.215626,2026-01-01 05:34:00,commute
LOC_01367,16.684832,74.262741,2026-01-11 17:24:00,visit
LOC_01993,16.693143,74.217169,2026-03-30 22:54:00,visit
LOC_02852,16.741758,74.192456,2026-01-04 16:01:00,pickup
LOC_01177,16.68312,74.256153,2026-02-12 14:09:00,pickup
LOC_03529,19.085249,72.869785,2026-01-01 01:15:00,pickup
LOC_01477,16.701488,74.258941,2026-01-16 04:40:00,visit
LOC_03741,19.064856,72.875254,2026-02-06 07:24:00,visit
LOC_02046,16.670975,74.21956,2026-02-15 04:55:00,visit
LOC_00103,16.70215,74.24682,2026-02-28 13:03:00,commute
LOC_04332,19.873231,74.863394,2026-01-16 23:07:00,visit
LOC_02993,16.738103,74.190858,2026-02-04 19:02:00,commute
LOC_01264,16.703886,74.258195,2026-01-11 08:59:00,dropoff
LOC_02882,16.735567,74.193467,2026-03-11 01:42:00,commute
LOC_03139,18.523335,73.843993,2026-01-18 10:12:00,delivery
LOC_03623,19.08022,72.884652,2026-03-14 05:39:00,visit
LOC_03204,18.530773,73.866563,2026-02-15 14:43:00,dropoff
LOC_04279,18.915739,72.663424,2026-02-16 12:24:00,pickup
LOC_03300,18.50889,73.851549,2026-02-10 19:14:00,commute
LOC_04994,19.55566,72.797303,2026-01-03 17:35:00,dropoff
LOC_03634,19.065711,72.874257,2026-01-19 12:27:00,dropoff
LOC_01644,16.722398,74.264518,2026-01-25 17:19:00,visit
LOC_04506,18.734955,74.666952,2026-03-02 18:53:00,delivery
LOC_00001,16.707438,74.240105,2026-01-31 15:15:00,delivery
LOC_01581,16.704492,74.259665,2026-01-30 02:17:00,delivery
LOC_04423,16.970725,74.014811,2026-03-04 14:00:00,visit
LOC_04117,16.614839,74.655408,2026-01-02 05:53:00,commute
LOC_01357,16.692455,74.268941,2026-01-04 13:22:00,visit
LOC_04202,18.323686,74.130423,2026-01-16 18:46:00,dropoff
LOC_04575,18.80649,72.585593,2026-02-18 03:32:00,commute
LOC_03734,19.077799,72.871452,2026-02-20 01:43:00,visit
LOC_02026,16.673258,74.223075,2026-01-02 18:13:00,commute
LOC_02219,16.675628,74.215778,2026-02-06 21:19:00,delivery
LOC_00397,16.711081,74.239703,2026-02-21 18:22:00,commute
LOC_04942,16.439821,72.590317,2026-01-02 07:01:00,commute
LOC_01065,16.702724,74.253567,2026-02-18 08:31:00,pickup
LOC_03081,18.518991,73.85453,2026-01-08 19:57:00,commute
LOC_02154,16.677617,74.212165,2026-03-02 09:57:00,dropoff
LOC_00819,16.707186,74.245256,2026-03-02 04:32:00,visit
LOC_01813,16.68626,74.218866,2026-02-25 10:54:00,commute
LOC_02553,16.736706,74.200806,2026-02-11 03:22:00,commute
LOC_01553,16.705753,74.263249,2026-01-19 06:05:00,dropoff
LOC_04048,16.623318,72.896181,2026-03-12 23:52:00,delivery
LOC_00817,16.701784,74.244792,2026-01-13 00:11:00,visit
LOC_01573,16.684539,74.267095,2026-02-23 14:50:00,dropoff
LOC_04553,19.079068,72.507641,2026-02-26 04:31:00,dropoff
LOC_01801,16.68142,74.2319,2026-03-01 08:25:00,visit
LOC_04288,16.454565,73.243517,2026-01-17 11:58:00,visit
LOC_00382,16.715476,74.234018,2026-03-14 22:43:00,visit
LOC_02875,16.729051,74.217361,2026-01-11 03:26:00,visit
LOC_04348,18.516086,73.103167,2026-03-28 07:47:00,dropoff
LOC_04627,18.405193,74.658132,2026-03-24 15:27:00,dropoff
LOC_03504,19.074254,72.890629,2026-01-12 19:28:00,delivery
LOC_02312,16.670631,74.227006,2026-02-15 19:10:00,delivery
LOC_01781,16.685189,74.217933,2026-01-14 02:54:00,pickup
LOC_02727,16.729575,74.199506,2026-02-22 13:27:00,commute
LOC_02438,16.731856,74.19561,2026-01-24 19:34:00,pickup
LOC_02334,16.686695,74.2189,2026-03-24 08:21:00,commute
LOC_00865,16.6872,74.269358,2026-02-27 17:46:00,commute
LOC_03639,19.077188,72.874711,2026-02-24 02:52:00,dropoff
LOC_03165,18.518344,73.850495,2026-03-07 05:41:00,dropoff
LOC_00555,16.704303,74.238355,2026-01-30 13:59:00,delivery
LOC_01160,16.70086,74.26196,2026-03-26 15:43:00,pickup
LOC_01214,16.7087,74.253531,2026-03-21 02:29:00,pickup
LOC_03761,19.084576,72.868255,2026-02-21 22:57:00,visit
LOC_04214,19.856546,74.840425,2026-02-21 19:13:00,commute
LOC_00049,16.710431,74.246831,2026-01-08 21:25:00,visit
LOC_02368,16.720927,74.189973,2026-01-03 12:00:00,visit
LOC_00701,16.713904,74.230464,2026-01-24 22:10:00,dropoff
LOC_00653,16.718343,74.253601,2026-03-21 06:43:00,visit
LOC_03934,19.798923,73.667031,2026-03-28 10:47:00,visit
LOC_04410,20.113918,74.993803,2026-02-28 09:43:00,pickup
LOC_03312,18.524518,73.853082,2026-01-26 17:12:00,dropoff
LOC_00749,16.702026,74.255622,2026-01-24 07:02:00,visit
LOC_01456,16.698308,74.266752,2026-01-15 07:35:00,visit
LOC_04196,19.144039,72.605272,2026-02-23 14:51:00,pickup
LOC_02390,16.7316,74.204207,2026-03-08 05:22:00,commute
LOC_03495,18.513222,73.862252,2026-02-26 10:03:00,commute
LOC_00867,16.694547,74.263569,2026-03-26 11:07:00,visit
LOC_00753,16.696879,74.253116,2026-03-10 08:25:00,dropoff
LOC_01645,16.697067,74.26017,2026-01-06 01:34:00,visit
LOC_00093,16.701614,74.246926,2026-03-21 07:58:00,commute
LOC_04825,17.256537,75.122575,2026-03-05 21:32:00,dropoff
LOC_03102,18.517065,73.864758,2026-01-09 12:25:00,delivery
LOC_02433,16.731984,74.191875,2026-03-03 00:44:00,commute
LOC_02630,16.739614,74.194537,2026-02-26 15:56:00,delivery
LOC_01491,16.710779,74.270248,2026-01-28 04:21:00,visit
LOC_02896,16.735131,74.198764,2026-01-04 04:34:00,pickup
LOC_02178,16.681929,74.226134,2026-02-09 14:23:00,commute
LOC_00730,16.696044,74.245766,2026-03-31 08:27:00,visit
LOC_04760,18.154797,72.513185,2026-02-02 08:35:00,pickup
LOC_02472,16.733675,74.204905,2026-01-16 20:38:00,delivery
LOC_02243,16.694087,74.221215,2026-03-01 19:07:00,dropoff
LOC_01937,16.678492,74.226411,2026-03-08 00:12:00,visit
LOC_01746,16.677848,74.212936,2026-02-12 21:44:00,commute
LOC_04747,19.897715,72.534531,2026-03-17 09:24:00,dropoff
LOC_04374,19.474927,74.649717,2026-01-12 07:14:00,commute
LOC_03492,18.547018,73.846196,2026-03-15 11:24:00,pickup
LOC_01111,16.699508,74.262052,2026-01-13 07:43:00,delivery
LOC_03338,18.50603,73.858437,2026-02-27 03:31:00,visit
LOC_04033,17.521934,74.898022,2026-02-01 22:42:00,pickup
LOC_04472,17.724137,72.731298,2026-01-13 16:55:00,pickup
LOC_04158,19.415136,75.03197,2026-03-14 10:06:00,delivery
LOC_00347,16.700271,74.233176,2026-03-14 17:52:00,visit
LOC_01186,16.689129,74.253454,2026-01-17 02:28:00,delivery
LOC_04007,19.407251,74.905345,2026-01-04 00:34:00,delivery
LOC_01516,16.709533,74.269888,2026-03-18 22:40:00,pickup
LOC_04670,19.197699,73.331854,2026-02-13 07:52:00,visit
LOC_00579,16.70298,74.248237,2026-03-10 02:02:00,visit
LOC_01965,16.677577,74.234281,2026-02-26 05:40:00,visit
LOC_00076,16.710524,74.258057,2026-01-16 06:34:00,visit
LOC_01430,16.712489,74.274695,2026-03-01 00:04:00,visit
LOC_03713,19.058955,72.866827,2026-03-24 08:11:00,visit
LOC_04431,19.841211,72.986498,2026-02-27 20:41:00,pickup
LOC_02752,16.731969,74.192317,2026-01-23 11:25:00,pickup
LOC_04953,17.758804,75.112786,2026-02-20 06:24:00,commute
LOC_01847,16.683615,74.228833,2026-02-24 07:59:00,commute
LOC_00132,16.693987,74.230754,2026-02-06 19:30:00,commute
LOC_00179,16.704051,74.242963,2026-02-16 04:20:00,pickup
LOC_02900,16.719088,74.19511,2026-01-22 16:42:00,delivery
LOC_04467,19.750967,74.649469,2026-01-21 09:11:00,delivery
LOC_04195,18.56547,73.866683,2026-02-17 01:58:00,dropoff
LOC_02523,16.715157,74.199436,2026-03-08 07:38:00,commute
LOC_01843,16.684224,74.23347,2026-02-10 23:52:00,visit
LOC_02099,16.690609,74.219165,2026-01-27 07:18:00,delivery
LOC_03950,19.044293,73.780242,2026-02-03 07:01:00,pickup
LOC_02374,16.729182,74.199197,2026-01-13 16:19:00,visit
LOC_00605,16.699907,74.254737,2026-03-08 08:11:00,dropoff
LOC_02628,16.730997,74.195828,2026-02-04 08:10:00,visit
LOC_00026,16.702183,74.227331,2026-02-22 01:47:00,visit
LOC_00659,16.7147,74.25898,2026-01-12 14:25:00,delivery
LOC_04978,19.349107,72.50831,2026-01-08 11:45:00,pickup
LOC_03318,18.524877,73.847972,2026-01-23 04:36:00,visit
LOC_03869,19.075707,72.875475,2026-01-15 07:50:00,delivery
LOC_00174,16.695195,74.247929,2026-02-14 09:58:00,visit
LOC_01612,16.698823,74.270178,2026-03-10 16:03:00,commute
LOC_00438,16.696442,74.242814,2026-02-07 13:16:00,visit
LOC_00332,16.7101,74.249837,2026-03-14 05:56:00,commute
LOC_03101,18.512712,73.85995,2026-01-05 11:23:00,visit
LOC_01455,16.697978,74.253994,2026-03-05 03:08:00,visit
LOC_00343,16.705576,74.240947,2026-03-03 08:27:00,delivery
LOC_03210,18.499583,73.856316,2026-01-21 09:01:00,dropoff
LOC_04577,18.708703,74.525851,2026-02-08 07:47:00,pickup
LOC_01089,16.689104,74.252736,2026-03-09 19:37:00,visit
LOC_00480,16.725781,74.248936,2026-03-18 15:43:00,pickup
LOC_00728,16.711139,74.25123,2026-03-06 05:20:00,visit
LOC_03784,19.062433,72.882522,2026-01-24 08:43:00,commute
LOC_00977,16.686197,74.262556,2026-03-09 03:44:00,pickup
LOC_03785,19.055327,72.882391,2026-02-01 06:52:00,pickup
LOC_02978,16.720788,74.19993,2026-03-16 21:10:00,commute
LOC_01929,16.681801,74.213718,2026-02-07 23:41:00,visit
LOC_01469,16.706807,74.265889,2026-02-22 06:46:00,commute
LOC_01225,16.702271,74.259294,2026-02-23 05:31:00,delivery
LOC_02857,16.720965,74.198964,2026-03-07 16:51:00,pickup
LOC_01953,16.669309,74.223679,2026-02-27 10:31:00,dropoff
LOC_04831,17.614355,74.971529,2026-02-17 16:11:00,pickup
LOC_04501,19.089615,75.019607,2026-01-31 15:35:00,delivery
LOC_01893,16.695261,74.214248,2026-02-17 15:31:00,visit
LOC_01300,16.703192,74.253527,2026-01-31 15:02:00,pickup
LOC_02991,16.717471,74.199202,2026-02-14 04:34:00,commute
LOC_04600,20.022139,73.662421,2026-02-28 14:45:00,dropoff
LOC_00661,16.691464,74.243543,2026-02-07 05:11:00,pickup
LOC_04578,18.726048,75.081399,2026-01-28 02:22:00,delivery
LOC_04074,19.391875,75.173906,2026-03-13 08:53:00,dropoff
LOC_02785,16.729092,74.203755,2026-01-14 23:43:00,visit
LOC_04938,19.907929,73.765233,2026-02-17 20:27:00,visit
LOC_03828,19.075504,72.870005,2026-02-02 11:32:00,commute
LOC_02715,16.737413,74.213288,2026-02-17 20:17:00,visit
LOC_04658,17.153798,75.135673,2026-03-03 06:29:00,delivery
LOC_00268,16.707814,74.24011,2026-01-25 05:19:00,dropoff
LOC_04443,18.007908,73.078288,2026-03-18 04:26:00,delivery
LOC_04960,16.553036,74.521669,2026-03-23 03:43:00,dropoff
LOC_03373,18.522367,73.855247,2026-03-13 23:59:00,visit
LOC_03596,19.074327,72.884329,2026-03-23 08:29:00,commute
LOC_04317,20.010149,73.582292,2026-03-28 12:44:00,delivery
LOC_03723,19.079685,72.873771,2026-01-25 06:19:00,commute
LOC_03407,18.511306,73.843461,2026-02-06 07:41:00,commute
LOC_01279,16.697775,74.253715,2026-01-22 21:14:00,visit
LOC_04641,17.45235,74.478202,2026-01-13 06:43:00,visit
LOC_03918,19.869506,72.959235,2026-01-30 20:15:00,visit
LOC_02679,16.719701,74.204761,2026-02-07 10:30:00,visit
LOC_01622,16.707481,74.258897,2026-01-23 02:53:00,commute
LOC_04104,19.147969,72.624934,2026-02-19 13:55:00,visit
LOC_02858,16.717502,74.19877,2026-03-01 19:20:00,pickup
LOC_01897,16.680968,74.219099,2026-03-04 22:43:00,commute
LOC_03925,18.072921,75.137069,2026-01-30 17:54:00,pickup
LOC_03015,18.499786,73.855178,2026-01-15 23:52:00,dropoff
LOC_04439,18.739785,74.661837,2026-03-25 01:46:00,commute
LOC_00068,16.701301,74.247235,2026-03-06 03:32:00,dropoff
LOC_02043,16.683511,74.22198,2026-03-25 11:02:00,pickup
LOC_02581,16.71432,74.200399,2026-02-04 22:59:00,visit
LOC_03783,19.07526,72.878655,2026-01-16 14:20:00,visit
LOC_03791,19.081258,72.876323,2026-01-30 18:58:00,dropoff
LOC_00821,16.70115,74.242285,2026-03-08 12:41:00,visit
LOC_01227,16.700513,74.257566,2026-01-11 16:03:00,visit
LOC_02992,16.742159,74.188536,2026-01-13 14:24:00,delivery
LOC_03133,18.522018,73.847792,2026-01-01 14:56:00,visit
LOC_02744,16.737583,74.20008,2026-03-25 05:49:00,dropoff
LOC_04458,18.897233,74.43853,2026-02-23 08:19:00,commute
LOC_04270,16.586112,74.223327,2026-03-16 03:01:00,visit
LOC_03350,18.497947,73.870528,2026-02-10 18:19:00,visit
LOC_01144,16.703881,74.252299,2026-03-07 16:06:00,commute
LOC_00398,16.706834,74.228538,2026-02-10 22:34:00,delivery
LOC_02907,16.728272,74.197439,2026-02-21 22:45:00,pickup
LOC_04302,16.615138,73.0648,2026-03-27 17:22:00,delivery
LOC_02760,16.726053,74.196458,2026-03-19 13:49:00,commute
LOC_01399,16.704758,74.258494,2026-01-25 05:34:00,commute
LOC_01660,16.680259,74.221577,2026-02-17 19:39:00,commute
LOC_00980,16.696269,74.256091,2026-02-25 02:52:00,dropoff
LOC_01299,16.696045,74.262546,2026-02-01 23:51:00,delivery
LOC_03556,19.079594,72.870317,2026-02-26 23:07:00,commute
LOC_00083,16.702096,74.252322,2026-03-09 23:19:00,commute
LOC_04508,19.074357,73.994414,2026-01-29 18:59:00,delivery
LOC_02459,16.73155,74.196004,2026-01-25 17:46:00,delivery
LOC_03740,19.059139,72.891656,2026-02-07 17:08:00,commute
LOC_03782,19.063641,72.870848,2026-03-19 19:02:00,commute
LOC_02289,16.688605,74.228489,2026-03-27 09:10:00,delivery
LOC_00424,16.693156,74.245984,2026-03-23 12:44:00,dropoff
LOC_04340,18.818885,73.453961,2026-03-16 01:46:00,pickup
LOC_01905,16.67684,74.218901,2026-02-18 14:54:00,dropoff
LOC_04539,19.588178,72.626831,2026-01-28 16:04:00,dropoff
LOC_03353,18.540325,73.860665,2026-03-16 08:16:00,visit
LOC_03103,18.528409,73.859303,2026-01-03 17:01:00,delivery
LOC_01566,16.700076,74.259904,2026-02-15 14:08:00,visit
LOC_03356,18.533468,73.85289,2026-02-16 04:23:00,delivery
LOC_00840,16.702312,74.249984,2026-02-05 08:18:00,visit
LOC_00501,16.715911,74.240977,2026-01-28 21:51:00,commute
LOC_00142,16.697084,74.254834,2026-01-22 08:03:00,dropoff
LOC_01378,16.709104,74.256974,2026-01-25 19:38:00,commute
LOC_03698,19.079019,72.877489,2026-03-20 00:07:00,visit
LOC_02145,16.679933,74.218105,2026-01-25 09:31:00,commute
LOC_01139,16.690787,74.25861,2026-01-29 11:20:00,pickup
LOC_02928,16.724701,74.198606,2026-02-10 13:01:00,commute
LOC_01788,16.690522,74.218674,2026-03-24 05:52:00,pickup
LOC_03485,18.513944,73.870741,2026-01-31 19:21:00,dropoff
LOC_00551,16.70808,74.25246,2026-03-03 16:27:00,visit
LOC_04907,17.037141,73.064645,2026-03-18 08:29:00,visit
LOC_02020,16.669685,74.216997,2026-01-27 10:09:00,commute
LOC_00949,16.711388,74.253513,2026-02-09 11:51:00,commute
LOC_02601,16.726173,74.189628,2026-03-26 22:04:00,visit
LOC_00533,16.701411,74.24046,2026-01-17 20:06:00,commute
LOC_01830,16.677377,74.217555,2026-01-21 04:20:00,visit
LOC_02918,16.74136,74.210692,2026-03-09 00:18:00,delivery
LOC_04419,20.063357,73.434388,2026-01-22 20:00:00,pickup
LOC_03872,19.089086,72.886846,2026-02-10 15:46:00,visit
LOC_01603,16.69375,74.266376,2026-01-22 06:46:00,visit
LOC_00640,16.709196,74.24443,2026-02-15 08:46:00,pickup
LOC_04833,19.092384,75.066533,2026-03-25 08:45:00,delivery
LOC_00968,16.716614,74.26252,2026-02-23 03:11:00,visit
LOC_04238,18.484559,72.996765,2026-01-30 00:24:00,commute
LOC_02698,16.74607,74.192452,2026-03-17 03:11:00,pickup
LOC_01684,16.681909,74.214685,2026-03-20 05:50:00,pickup
LOC_04471,19.048996,73.381662,2026-01-18 18:36:00,commute
LOC_02343,16.667221,74.208047,2026-02-12 05:34:00,commute
LOC_00156,16.719143,74.245722,2026-03-25 12:24:00,visit
LOC_02488,16.736099,74.210811,2026-02-04 12:53:00,visit
LOC_04642,19.354284,74.254136,2026-02-12 21:44:00,visit
LOC_01090,16.688624,74.262268,2026-01-25 19:26:00,visit
LOC_02656,16.73264,74.203364,2026-01-05 04:15:00,commute
LOC_04241,16.707481,75.136507,2026-02-08 10:32:00,dropoff
LOC_00289,16.702663,74.24229,2026-02-08 16:59:00,commute
LOC_00931,16.704575,74.277148,2026-03-21 23:30:00,pickup
LOC_02536,16.729324,74.21027,2026-02-17 18:58:00,visit
LOC_04029,19.047097,74.692877,2026-01-01 22:31:00,pickup
LOC_03372,18.519991,73.849937,2026-01-29 18:19:00,commute
LOC_04622,18.363817,75.112334,2026-02-21 02:49:00,visit
LOC_03292,18.538607,73.871139,2026-03-07 04:36:00,visit
LOC_00943,16.696062,74.274804,2026-03-17 20:05:00,visit
LOC_03860,19.1016,72.879078,2026-01-22 22:31:00,visit
LOC_04663,19.703945,75.025329,2026-02-07 11:00:00,dropoff
LOC_01699,16.68963,74.225689,2026-03-15 13:50:00,visit
LOC_04709,19.578895,74.375279,2026-02-04 00:54:00,visit
LOC_03201,18.523059,73.849223,2026-03-08 02:20:00,delivery
LOC_04602,19.408398,72.596719,2026-02-14 03:03:00,visit
LOC_04609,16.543351,74.61863,2026-03-23 03:37:00,delivery
LOC_00986,16.690706,74.252151,2026-03-14 09:14:00,dropoff
LOC_03319,18.529898,73.852812,2026-02-26 08:24:00,dropoff
LOC_02868,16.734143,74.195429,2026-03-03 06:25:00,visit
LOC_04057,17.329175,75.084638,2026-01-07 11:27:00,commute
LOC_04778,18.418361,73.798368,2026-02-13 02:14:00,delivery
LOC_00982,16.701836,74.26259,2026-01-07 07:32:00,commute
LOC_02493,16.726655,74.208979,2026-03-09 02:55:00,visit
LOC_03793,19.068021,72.861137,2026-01-24 20:11:00,delivery
LOC_03549,19.087041,72.888238,2026-02-17 22:24:00,visit
LOC_02943,16.717787,74.187688,2026-01-18 06:00:00,visit
LOC_03528,19.062459,72.882818,2026-02-06 14:17:00,visit
LOC_03846,19.064541,72.867469,2026-01-22 03:57:00,pickup
LOC_01458,16.70465,74.256417,2026-02-13 18:32:00,visit
LOC_01396,16.708028,74.257909,2026-02-26 16:20:00,commute
LOC_00265,16.708772,74.243816,2026-02-22 08:46:00,commute
LOC_04096,18.615806,74.016761,2026-03-20 09:10:00,dropoff
LOC_00930,16.699201,74.25226,2026-02-17 05:48:00,visit
LOC_04872,19.920352,75.04594,2026-02-13 09:23:00,commute
LOC_02693,16.733666,74.185663,2026-02-16 16:30:00,pickup
LOC_00247,16.696226,74.255633,2026-02-06 04:16:00,commute
LOC_03590,19.077029,72.884756,2026-01-22 14:31:00,commute
LOC_01759,16.671125,74.217676,2026-01-11 12:25:00,delivery
LOC_04866,18.705038,74.719605,2026-01-15 13:59:00,delivery
LOC_02811,16.747503,74.204581,2026-03-22 03:21:00,delivery
LOC_00924,16.698637,74.257368,2026-03-02 04:08:00,visit
LOC_02881,16.731223,74.195606,2026-03-07 03:16:00,visit
LOC_00269,16.705425,74.245816,2026-01-04 09:32:00,commute
LOC_00670,16.684482,74.227524,2026-01-17 18:48:00,visit
LOC_04476,16.71922,72.939952,2026-02-22 12:16:00,pickup
LOC_01911,16.678347,74.208927,2026-03-25 23:44:00,dropoff
LOC_02986,16.733401,74.193736,2026-01-27 06:09:00,commute
LOC_01153,16.707729,74.255667,2026-01-17 02:10:00,visit
LOC_04818,17.447692,74.550519,2026-03-13 10:09:00,dropoff
LOC_03456,18.528215,73.850576,2026-01-24 00:31:00,visit
LOC_04242,18.251725,74.683083,2026-01-01 00:06:00,dropoff
LOC_04550,17.583586,72.87038,2026-02-11 13:39:00,pickup
LOC_02173,16.692409,74.22109,2026-01-07 14:50:00,commute
LOC_04516,19.245352,74.338198,2026-02-08 22:50:00,pickup
LOC_01916,16.676148,74.211309,2026-03-06 09:27:00,dropoff
LOC_00613,16.69361,74.23617,2026-03-13 10:26:00,visit
LOC_02407,16.721011,74.190817,2026-02-24 21:43:00,pickup
LOC_04206,18.561272,74.908094,2026-01-05 20:51:00,pickup
LOC_01899,16.6835,74.218623,2026-01-14 20:01:00,dropoff
LOC_01650,16.697744,74.26796,2026-02-24 05:42:00,commute
LOC_02608,16.716693,74.194116,2026-02-24 16:17:00,delivery
LOC_00259,16.703929,74.253429,2026-01-22 17:47:00,visit
LOC_00848,16.71181,74.261997,2026-03-22 10:29:00,commute
LOC_04252,16.62253,74.454274,2026-03-05 14:59:00,dropoff
LOC_01234,16.70045,74.251578,2026-01-19 03:38:00,pickup
LOC_01128,16.704925,74.258649,2026-02-13 03:06:00,commute
LOC_01968,16.686059,74.211969,2026-01-11 05:10:00,pickup
LOC_00559,16.695044,74.24293,2026-02-07 04:46:00,pickup
LOC_03906,19.234671,74.65103,2026-02-14 04:41:00,pickup
LOC_00485,16.704546,74.246296,2026-02-12 23:19:00,pickup
LOC_01321,16.699077,74.26434,2026-03-03 02:41:00,pickup
LOC_03405,18.517295,73.852263,2026-02-18 21:38:00,delivery
LOC_00008,16.70247,74.2464,2026-03-08 23:01:00,commute
LOC_03280,18.544235,73.846229,2026-03-17 20:27:00,pickup
LOC_03190,18.526336,73.852222,2026-03-26 04:24:00,visit
LOC_01451,16.690523,74.250817,2026-03-02 11:42:00,pickup
LOC_03981,20.021564,73.437522,2026-03-01 17:40:00,delivery
LOC_01815,16.682945,74.226757,2026-02-26 16:38:00,commute
LOC_00774,16.715805,74.252404,2026-01-03 06:26:00,visit
LOC_01012,16.712928,74.256194,2026-02-27 10:48:00,visit
LOC_02819,16.730457,74.190924,2026-03-31 23:34:00,delivery
LOC_03276,18.525668,73.864262,2026-02-16 15:47:00,visit
LOC_01992,16.683992,74.231059,2026-01-16 23:02:00,dropoff
LOC_01278,16.69228,74.243201,2026-03-04 15:05:00,dropoff
LOC_01784,16.677801,74.220516,2026-01-16 05:59:00,visit
LOC_03106,18.533513,73.851229,2026-02-23 07:52:00,commute
LOC_00447,16.713538,74.230395,2026-03-05 06:13:00,visit
LOC_00881,16.712362,74.245181,2026-01-04 06:14:00,visit
LOC_04460,17.137443,73.449473,2026-02-07 04:26:00,visit
LOC_00782,16.704362,74.236354,2026-03-25 13:36:00,dropoff
LOC_01750,16.669366,74.226022,2026-01-12 16:58:00,pickup
LOC_03389,18.529554,73.87952,2026-03-09 11:02:00,commute
LOC_04882,16.569307,72.504994,2026-01-04 08:25:00,delivery
LOC_00884,16.689429,74.274599,2026-01-13 19:19:00,delivery
LOC_02945,16.723752,74.193099,2026-03-20 04:23:00,commute
LOC_01092,16.70069,74.257561,2026-02-28 23:51:00,commute
LOC_04784,19.146923,73.8958,2026-03-14 23:36:00,pickup
LOC_00532,16.697471,74.220064,2026-01-14 17:48:00,dropoff
LOC_04023,17.18006,75.135507,2026-03-22 10:21:00,pickup
LOC_04422,17.004108,74.319259,2026-02-06 13:11:00,commute
LOC_04099,17.558121,73.174381,2026-01-26 10:18:00,commute
LOC_01728,16.683283,74.237838,2026-01-12 21:25:00,visit
LOC_00611,16.696726,74.250704,2026-02-18 06:07:00,visit
LOC_00571,16.693415,74.241262,2026-03-18 05:16:00,commute
LOC_02672,16.725903,74.18423,2026-03-05 23:15:00,delivery
LOC_03719,19.059387,72.855873,2026-01-20 22:36:00,commute
LOC_00344,16.708311,74.249001,2026-01-14 12:05:00,delivery
LOC_03001,18.517159,73.847096,2026-02-12 21:11:00,pickup
LOC_03140,18.504855,73.860446,2026-03-06 04:49:00,commute
LOC_00435,16.712426,74.243484,2026-03-26 10:33:00,delivery
LOC_01904,16.68003,74.214861,2026-03-31 08:07:00,commute
LOC_03805,19.067864,72.877064,2026-01-17 10:37:00,commute
LOC_04777,16.573239,74.597144,2026-03-13 15:26:00,visit
LOC_02070,16.682843,74.213677,2026-02-22 12:39:00,dropoff
LOC_01538,16.701899,74.248819,2026-03-11 00:25:00,visit
LOC_02253,16.682239,74.220335,2026-01-10 04:27:00,pickup
LOC_02347,16.695126,74.217119,2026-03-30 00:41:00,commute
LOC_01518,16.702786,74.262936,2026-03-05 08:08:00,commute
LOC_00966,16.702052,74.263339,2026-02-01 00:41:00,visit
LOC_04407,17.875894,73.429375,2026-02-28 06:46:00,pickup
LOC_00529,16.707066,74.24533,2026-01-26 10:53:00,pickup
LOC_00177,16.717633,74.225558,2026-03-29 03:08:00,commute
LOC_03483,18.517195,73.840206,2026-01-16 19:09:00,commute
LOC_02544,16.72531,74.211406,2026-01-08 15:43:00,visit
LOC_04936,17.988667,73.948272,2026-01-20 00:53:00,dropoff
LOC_00573,16.707096,74.246124,2026-01-19 11:24:00,visit
LOC_02300,16.696963,74.227689,2026-02-07 13:26:00,delivery
LOC_03509,19.051899,72.877314,2026-01-08 03:18:00,visit
LOC_02460,16.732195,74.185008,2026-01-23 13:30:00,dropoff
LOC_03610,19.068843,72.874545,2026-01-18 11:37:00,delivery
LOC_04555,19.789884,73.80357,2026-03-31 14:29:00,visit
LOC_02209,16.684507,74.232877,2026-03-15 11:39:00,commute
LOC_04721,17.355811,73.234057,2026-02-07 03:08:00,commute
LOC_02756,16.72172,74.197712,2026-02-02 04:35:00,commute
LOC_00384,16.694987,74.243692,2026-03-06 01:17:00,commute
LOC_00853,16.679871,74.266062,2026-01-27 00:14:00,visit
LOC_01881,16.665535,74.213304,2026-02-03 14:09:00,visit
LOC_00371,16.705091,74.242645,2026-02-02 07:33:00,visit
LOC_02379,16.728436,74.185742,2026-03-07 07:12:00,dropoff
LOC_04324,17.169523,74.306754,2026-01-16 14:05:00,commute
LOC_01106,16.703838,74.257456,2026-01-29 16:49:00,delivery
LOC_03414,18.507751,73.855142,2026-03-13 07:32:00,delivery
LOC_03947,18.565792,74.728299,2026-03-07 14:46:00,delivery
LOC_01337,16.700801,74.261809,2026-03-22 03:17:00,visit
LOC_02190,16.683817,74.233785,2026-03-29 21:36:00,pickup
LOC_04595,17.47407,74.880661,2026-01-02 04:01:00,dropoff
LOC_02320,16.668805,74.206521,2026-01-11 11:15:00,delivery
LOC_04706,16.951255,72.708249,2026-03-23 07:49:00,delivery
LOC_03711,19.059263,72.893105,2026-03-10 07:58:00,delivery
LOC_04849,19.777194,72.739943,2026-03-10 15:28:00,dropoff
LOC_01172,16.69858,74.258718,2026-02-19 17:09:00,visit
LOC_04326,19.030858,74.343588,2026-03-05 02:45:00,commute
LOC_02695,16.726696,74.208665,2026-02-21 05:14:00,visit
LOC_01423,16.687315,74.260932,2026-02-19 21:44:00,visit
LOC_02342,16.677482,74.221489,2026-01-23 20:23:00,commute
LOC_02652,16.725924,74.203663,2026-02-10 09:17:00,dropoff
LOC_04156,16.517955,74.101621,2026-02-24 13:16:00,commute
LOC_01465,16.713413,74.26775,2026-01-02 01:23:00,commute
LOC_00875,16.702544,74.252509,2026-02-10 09:55:00,visit
LOC_03340,18.51821,73.840197,2026-01-02 10:06:00,pickup
LOC_04341,18.026739,74.842145,2026-02-05 10:30:00,delivery
LOC_01252,16.706605,74.263009,2026-01-26 02:00:00,commute
LOC_02349,16.679712,74.224858,2026-03-29 10:09:00,visit
LOC_00841,16.72024,74.238722,2026-03-18 13:02:00,visit
LOC_04569,16.655117,73.904805,2026-03-29 12:06:00,delivery
LOC_00582,16.695749,74.235568,2026-02-07 21:57:00,visit
LOC_00205,16.688599,74.231981,2026-02-06 03:41:00,delivery
LOC_01642,16.686333,74.245178,2026-03-15 12:19:00,dropoff
LOC_02015,16.686219,74.205903,2026-01-03 02:04:00,visit
LOC_00906,16.684211,74.253346,2026-01-26 16:41:00,visit
LOC_00632,16.725395,74.247507,2026-01-12 18:47:00,pickup
LOC_03365,18.524593,73.836242,2026-01-19 14:45:00,commute
LOC_01975,16.687015,74.217545,2026-03-08 15:39:00,pickup
LOC_00163,16.722028,74.238994,2026-03-31 21:09:00,commute
LOC_03173,18.502622,73.860379,2026-02-03 08:28:00,visit
LOC_03613,19.065729,72.875075,2026-03-26 01:07:00,pickup
LOC_04676,19.506212,74.131841,2026-01-30 08:24:00,visit
LOC_00618,16.706933,74.232118,2026-01-02 11:03:00,commute
LOC_04069,20.11978,73.142523,2026-03-17 19:38:00,delivery
LOC_01432,16.710456,74.272228,2026-03-04 04:50:00,delivery
LOC_00548,16.696932,74.24154,2026-01-26 04:00:00,visit
LOC_03335,18.522199,73.850087,2026-03-22 09:58:00,visit
LOC_04547,18.972139,74.187665,2026-02-02 01:40:00,commute
LOC_04224,19.621282,73.813879,2026-01-23 05:51:00,visit
LOC_02388,16.721441,74.19669,2026-01-17 17:07:00,dropoff
LOC_04244,18.570771,75.057248,2026-03-08 07:45:00,dropoff
LOC_03996,19.29796,74.784353,2026-01-29 03:14:00,dropoff
LOC_04066,16.54892,73.654823,2026-03-27 16:32:00,dropoff
LOC_01862,16.679839,74.209312,2026-01-02 05:32:00,visit
LOC_00641,16.693045,74.23807,2026-01-05 03:03:00,visit
LOC_03903,18.67294,74.974404,2026-01-07 19:20:00,dropoff
LOC_00638,16.696093,74.232016,2026-01-24 22:08:00,visit
LOC_04263,19.879696,73.042298,2026-03-12 08:49:00,pickup
LOC_03911,17.330739,73.660886,2026-01-19 18:20:00,commute
LOC_02987,16.743122,74.192849,2026-02-14 04:46:00,commute
LOC_02097,16.679466,74.20846,2026-03-26 04:52:00,visit
LOC_04612,17.517257,74.16917,2026-01-07 11:33:00,dropoff
LOC_03076,18.540335,73.857335,2026-01-08 04:37:00,pickup
LOC_03675,19.09633,72.897193,2026-01-10 13:20:00,commute
LOC_02842,16.743853,74.201599,2026-01-10 17:11:00,commute
LOC_00922,16.703215,74.25949,2026-02-05 23:53:00,visit
LOC_00547,16.706627,74.247821,2026-01-25 04:44:00,pickup
LOC_03667,19.086884,72.873739,2026-01-07 10:39:00,commute
LOC_01901,16.678401,74.21053,2026-02-14 01:27:00,delivery
LOC_02029,16.677403,74.216182,2026-01-12 10:15:00,dropoff
LOC_02302,16.68101,74.22039,2026-01-05 23:17:00,delivery
LOC_01886,16.686244,74.218275,2026-03-20 23:41:00,delivery
LOC_01643,16.705054,74.252266,2026-02-19 08:46:00,pickup
LOC_03510,19.083084,72.882654,2026-01-15 03:40:00,dropoff
LOC_04810,20.037866,75.179502,2026-03-01 23:03:00,visit
LOC_02098,16.696666,74.228697,2026-01-16 00:26:00,commute
LOC_04358,16.918553,74.721821,2026-01-16 17:36:00,visit
LOC_03789,19.078143,72.864096,2026-03-05 12:02:00,commute
LOC_04495,19.734796,75.054419,2026-03-19 01:18:00,commute
LOC_04968,18.878176,74.628833,2026-03-05 08:39:00,commute
LOC_00837,16.70239,74.238693,2026-02-11 15:13:00,visit
LOC_00602,16.70038,74.247079,2026-03-25 14:59:00,dropoff
LOC_02185,16.670718,74.217297,2026-03-01 11:34:00,delivery
LOC_03866,19.070626,72.882659,2026-03-13 02:49:00,commute
LOC_02482,16.728285,74.188655,2026-02-25 23:58:00,delivery
LOC_04308,18.619026,73.645368,2026-03-20 05:16:00,commute
LOC_01583,16.696414,74.261835,2026-01-30 08:41:00,commute
LOC_04267,16.832573,74.315236,2026-02-28 02:03:00,delivery
LOC_02534,16.743062,74.201657,2026-02-10 17:42:00,commute
LOC_02726,16.727406,74.201869,2026-01-14 18:46:00,visit
LOC_01071,16.705509,74.261755,2026-02-19 08:34:00,pickup
LOC_01776,16.691569,74.233504,2026-03-22 17:45:00,delivery
LOC_04809,18.166693,73.016577,2026-03-09 18:54:00,commute
LOC_01284,16.699412,74.259768,2026-02-19 21:32:00,visit
LOC_03051,18.523643,73.87079,2026-02-17 00:52:00,pickup
LOC_04754,19.159025,75.041579,2026-03-10 10:14:00,visit
LOC_01837,16.685733,74.224989,2026-01-21 12:34:00,visit
LOC_04243,19.584214,72.834174,2026-03-05 10:36:00,pickup
LOC_01020,16.702668,74.262585,2026-01-26 17:35:00,visit
LOC_04134,18.286347,73.53067,2026-03-16 15:05:00,commute
LOC_01327,16.704201,74.275601,2026-03-30 20:23:00,pickup
LOC_00476,16.702286,74.25074,2026-03-19 08:39:00,pickup
LOC_04272,19.41708,74.114393,2026-02-09 00:20:00,commute
LOC_01652,16.705439,74.22164,2026-02-11 01:37:00,visit
LOC_03999,17.64277,72.650088,2026-01-14 05:16:00,delivery
LOC_04468,17.587802,75.005892,2026-01-19 01:31:00,commute
LOC_02611,16.736316,74.207136,2026-01-06 02:33:00,delivery
LOC_02477,16.722057,74.199989,2026-02-27 21:34:00,visit
LOC_02584,16.72372,74.209418,2026-03-23 06:21:00,pickup
LOC_01374,16.689527,74.26315,2026-02-05 01:41:00,delivery
LOC_00740,16.687022,74.239356,2026-01-17 00:17:00,visit
LOC_03619,19.066812,72.879208,2026-03-15 20:44:00,dropoff
LOC_02441,16.720571,74.198574,2026-02-24 13:37:00,visit
LOC_00868,16.716251,74.26742,2026-01-31 15:08:00,commute
LOC_01141,16.693178,74.258791,2026-02-12 12:53:00,visit
LOC_00998,16.716106,74.254908,2026-01-31 21:26:00,visit
LOC_01338,16.697727,74.25937,2026-01-17 04:33:00,dropoff
LOC_00542,16.69839,74.254819,2026-02-09 16:43:00,commute
LOC_01100,16.695411,74.262026,2026-02-22 16:16:00,visit
LOC_01133,16.706958,74.26476,2026-02-21 00:02:00,visit
LOC_04065,17.319559,72.566067,2026-03-02 04:46:00,visit
LOC_02716,16.714777,74.203752,2026-01-09 13:18:00,commute
LOC_02259,16.691515,74.218556,2026-02-09 00:30:00,pickup
LOC_04751,19.714668,74.618901,2026-02-25 06:21:00,visit
LOC_00060,16.712746,74.23439,2026-02-26 18:46:00,visit
LOC_02884,16.72979,74.196231,2026-03-05 13:12:00,visit
LOC_01939,16.666874,74.229524,2026-03-06 12:49:00,visit
LOC_02577,16.715664,74.204201,2026-02-09 13:59:00,pickup
LOC_04937,19.053778,74.191677,2026-01-13 11:12:00,commute
LOC_01079,16.70304,74.266202,2026-01-02 12:16:00,commute
LOC_03250,18.530376,73.869589,2026-03-02 05:24:00,commute
LOC_03128,18.50839,73.874439,2026-01-11 15:13:00,delivery
LOC_02489,16.724794,74.210795,2026-01-12 08:14:00,pickup
LOC_00941,16.699048,74.259297,2026-01-24 05:53:00,visit
LOC_01081,16.688016,74.257955,2026-03-27 11:30:00,commute
LOC_00188,16.695204,74.238538,2026-01-01 01:13:00,pickup
LOC_02635,16.732475,74.196847,2026-01-31 18:18:00,delivery
LOC_02086,16.677164,74.233189,2026-03-02 12:27:00,pickup
LOC_02250,16.677979,74.229718,2026-02-23 23:59:00,visit
LOC_04891,19.796126,72.949296,2026-01-13 20:56:00,delivery
LOC_02024,16.688136,74.235367,2026-01-24 18:56:00,delivery
LOC_03540,19.086661,72.880601,2026-01-05 04:52:00,pickup
LOC_04049,20.193868,74.57736,2026-02-06 06:38:00,pickup
LOC_03607,19.077746,72.875021,2026-01-31 02:55:00,pickup
LOC_00227,16.72514,74.253552,2026-03-14 15:07:00,commute
LOC_04848,19.6822,75.015208,2026-01-29 19:18:00,dropoff
LOC_01930,16.679573,74.23388,2026-03-24 11:18:00,commute
LOC_03056,18.523399,73.857297,2026-02-17 18:16:00,visit
LOC_04490,17.914666,73.875155,2026-03-12 02:54:00,delivery
LOC_01405,16.713185,74.260002,2026-03-12 06:07:00,commute
LOC_02180,16.685747,74.234807,2026-01-27 14:51:00,delivery
LOC_00698,16.697291,74.236574,2026-03-18 17:39:00,visit
LOC_01125,16.695264,74.252282,2026-03-31 22:17:00,visit
LOC_03362,18.504444,73.870592,2026-01-12 08:33:00,dropoff
LOC_04136,18.153668,72.650002,2026-01-23 20:37:00,delivery
LOC_01779,16.688073,74.220044,2026-02-07 20:50:00,visit
LOC_02859,16.735084,74.196699,2026-03-04 21:31:00,commute
LOC_01038,16.704299,74.260545,2026-02-02 18:28:00,commute
LOC_04457,17.233884,74.316511,2026-02-26 06:42:00,delivery
LOC_02257,16.688123,74.217902,2026-02-07 13:58:00,pickup
LOC_00314,16.708512,74.230941,2026-01-05 22:39:00,visit
LOC_02282,16.675363,74.235717,2026-03-14 19:17:00,commute
LOC_01417,16.699519,74.255663,2026-01-23 01:29:00,commute
LOC_01037,16.708525,74.263758,2026-01-03 15:30:00,commute
LOC_02160,16.686917,74.226504,2026-03-03 11:26:00,delivery
LOC_04164,19.843937,74.186291,2026-03-13 06:34:00,delivery
LOC_01755,16.687723,74.227355,2026-02-21 15:20:00,delivery
LOC_03113,18.501567,73.875355,2026-03-02 00:29:00,pickup
LOC_02814,16.727034,74.188709,2026-02-23 22:11:00,commute
LOC_02699,16.741904,74.200648,2026-02-13 11:03:00,commute
LOC_03208,18.51908,73.87183,2026-02-28 09:50:00,commute
LOC_04351,17.81496,72.834439,2026-02-21 06:06:00,delivery
LOC_03432,18.515279,73.857172,2026-02-05 19:30:00,commute
LOC_01507,16.711745,74.261958,2026-02-19 20:29:00,visit
LOC_01924,16.668241,74.211302,2026-01-09 01:21:00,commute
LOC_00449,16.713917,74.23374,2026-01-17 12:10:00,visit
LOC_04129,19.274582,74.256218,2026-02-24 10:11:00,dropoff
LOC_02529,16.7238,74.183909,2026-01-02 20:52:00,visit
LOC_04970,17.996672,73.928698,2026-01-14 12:22:00,dropoff
LOC_02790,16.71205,74.201381,2026-01-01 22:51:00,dropoff
LOC_00362,16.708067,74.239087,2026-02-02 08:52:00,commute
LOC_02184,16.687412,74.219669,2026-01-04 07:07:00,visit
LOC_01135,16.704366,74.261293,2026-01-15 04:44:00,commute
LOC_03881,19.08234,72.874735,2026-02-05 02:51:00,pickup
LOC_02156,16.687151,74.21816,2026-01-27 20:23:00,dropoff
LOC_01831,16.678703,74.225134,2026-03-24 00:17:00,dropoff
LOC_01054,16.695134,74.260208,2026-02-15 03:35:00,visit
LOC_00023,16.71478,74.248794,2026-01-06 05:34:00,visit
LOC_02067,16.678908,74.231065,2026-03-09 10:19:00,visit
LOC_01654,16.681562,74.231888,2026-03-01 08:56:00,visit
LOC_02588,16.742526,74.210962,2026-01-11 21:00:00,visit
LOC_03211,18.536477,73.846694,2026-02-21 04:21:00,commute
LOC_04303,16.654349,75.143644,2026-01-09 13:52:00,commute
LOC_04037,19.510494,74.188929,2026-01-12 06:53:00,commute
LOC_02326,16.669863,74.219639,2026-03-27 10:20:00,visit
LOC_00461,16.707511,74.23356,2026-01-03 02:24:00,visit
LOC_01068,16.692658,74.255056,2026-02-21 06:26:00,commute
LOC_00088,16.7051,74.242297,2026-01-30 17:14:00,commute
LOC_01431,16.698506,74.250465,2026-03-01 03:43:00,commute
LOC_02648,16.735825,74.208606,2026-03-24 02:01:00,commute
LOC_00283,16.71242,74.237513,2026-03-14 16:43:00,commute
LOC_00463,16.692283,74.237599,2026-03-29 07:11:00,visit
LOC_00213,16.705245,74.239348,2026-01-27 01:29:00,pickup
LOC_02500,16.726482,74.209219,2026-03-22 11:32:00,visit
LOC_01369,16.707491,74.258527,2026-02-22 18:35:00,commute
LOC_00235,16.699167,74.243883,2026-02-27 11:48:00,pickup
LOC_02771,16.72148,74.196725,2026-02-08 18:16:00,visit
LOC_00598,16.711501,74.255132,2026-03-12 21:07:00,dropoff
LOC_04421,18.127784,73.767741,2026-03-27 22:32:00,delivery
LOC_02251,16.680822,74.215197,2026-01-04 05:17:00,delivery
LOC_04032,19.515717,72.555536,2026-02-25 00:15:00,visit
LOC_02284,16.678489,74.205554,2026-01-27 10:33:00,commute
LOC_00663,16.697781,74.250165,2026-03-19 15:21:00,visit
LOC_04964,16.744643,73.11323,2026-02-27 09:50:00,delivery
LOC_02286,16.685874,74.215405,2026-03-03 15:14:00,visit
LOC_04717,16.823556,73.216433,2026-01-07 16:59:00,dropoff
LOC_03194,18.510867,73.859464,2026-02-23 02:42:00,visit
LOC_02504,16.732517,74.206901,2026-01-12 23:48:00,dropoff
LOC_04044,19.467582,73.378033,2026-03-17 17:27:00,visit
LOC_00780,16.694579,74.251623,2026-03-31 04:08:00,pickup
LOC_04020,19.257141,74.875001,2026-02-06 08:46:00,dropoff
LOC_03427,18.536479,73.857686,2026-02-21 22:08:00,visit
LOC_04307,18.717821,75.090242,2026-02-20 08:52:00,visit
LOC_03197,18.525716,73.878773,2026-03-02 04:00:00,delivery
LOC_04836,19.559138,75.107351,2026-01-26 10:20:00,dropoff
LOC_00686,16.701167,74.235325,2026-01-24 17:06:00,delivery
LOC_03170,18.511742,73.851998,2026-03-02 04:36:00,commute
LOC_03927,16.87492,74.47004,2026-02-28 15:56:00,pickup
LOC_03435,18.514304,73.844943,2026-03-14 19:17:00,visit
LOC_02172,16.689812,74.222879,2026-03-24 06:19:00,commute
LOC_03690,19.071646,72.855191,2026-01-29 16:40:00,dropoff
LOC_01851,16.701684,74.231351,2026-03-26 04:39:00,commute
LOC_00488,16.708442,74.248263,2026-01-24 05:03:00,dropoff
LOC_01689,16.69929,74.230311,2026-03-02 01:25:00,delivery
LOC_02231,16.678096,74.214247,2026-01-04 10:53:00,visit
LOC_03265,18.510923,73.840527,2026-03-16 10:41:00,commute
LOC_02321,16.683083,74.226655,2026-03-05 19:27:00,visit
LOC_00783,16.71938,74.244168,2026-01-05 01:00:00,visit
LOC_00522,16.697898,74.249633,2026-02-28 13:42:00,commute
LOC_00523,16.715686,74.246239,2026-01-18 01:43:00,dropoff
LOC_02838,16.735292,74.191722,2026-02-20 18:48:00,commute
LOC_04540,16.580611,74.071608,2026-02-16 23:00:00,commute
LOC_02399,16.721734,74.203127,2026-01-23 02:59:00,commute
LOC_02208,16.662755,74.207336,2026-01-02 15:09:00,delivery
LOC_03478,18.506273,73.874673,2026-02-06 10:57:00,delivery
LOC_03553,19.072582,72.894265,2026-01-09 20:10:00,pickup
LOC_04088,18.382192,74.770173,2026-01-31 09:58:00,delivery
LOC_02823,16.728498,74.193261,2026-03-17 08:22:00,visit
LOC_01512,16.695364,74.265971,2026-01-10 06:41:00,pickup
LOC_01883,16.678346,74.223384,2026-02-10 02:36:00,delivery
LOC_00652,16.703607,74.238003,2026-01-24 07:05:00,dropoff
LOC_04931,17.533551,74.163229,2026-01-22 09:25:00,dropoff
LOC_03090,18.52094,73.877816,2026-03-17 20:12:00,delivery
LOC_00370,16.711755,74.2536,2026-03-06 00:38:00,delivery
LOC_04998,18.384559,73.129762,2026-03-31 22:02:00,visit
LOC_00119,16.717814,74.250395,2026-03-25 05:26:00,dropoff
LOC_03321,18.525393,73.841252,2026-01-05 00:37:00,commute
LOC_03035,18.510725,73.852816,2026-02-03 09:51:00,pickup
LOC_02217,16.680594,74.214696,2026-03-23 00:19:00,pickup
LOC_03543,19.064591,72.863282,2026-01-16 02:18:00,visit
LOC_01614,16.693746,74.26073,2026-01-22 16:00:00,commute
LOC_03152,18.529881,73.870189,2026-03-23 06:10:00,visit
LOC_00963,16.701364,74.273142,2026-01-06 18:02:00,commute
LOC_02511,16.719646,74.198335,2026-03-14 12:58:00,delivery
LOC_03832,19.079551,72.852163,2026-01-07 18:09:00,dropoff
LOC_02824,16.73653,74.203461,2026-03-19 07:25:00,commute
LOC_04344,19.23001,74.92663,2026-01-08 04:56:00,dropoff
LOC_03033,18.49855,73.857711,2026-03-28 17:11:00,visit
LOC_02416,16.733267,74.199804,2026-01-12 10:32:00,visit
LOC_04655,19.878764,74.626717,2026-02-14 07:04:00,delivery
LOC_04237,18.261537,74.881374,2026-02-03 22:23:00,visit
LOC_02186,16.680099,74.22497,2026-02-27 01:10:00,dropoff
LOC_03670,19.077598,72.889983,2026-03-30 12:50:00,delivery
LOC_02038,16.674232,74.216878,2026-01-10 17:33:00,commute
LOC_04363,18.896417,73.542101,2026-02-27 17:55:00,pickup
LOC_00773,16.707042,74.249095,2026-02-24 09:14:00,dropoff
LOC_01285,16.703409,74.263075,2026-03-13 09:23:00,delivery
LOC_04604,18.681734,73.433038,2026-03-17 23:45:00,dropoff
LOC_04795,19.216966,74.129102,2026-02-02 03:28:00,visit
LOC_01415,16.697564,74.259579,2026-02-04 09:11:00,commute
LOC_01235,16.697749,74.255127,2026-02-03 07:56:00,pickup
LOC_02700,16.736442,74.201982,2026-02-05 02:00:00,commute
LOC_00436,16.70016,74.245004,2026-02-25 07:49:00,pickup
LOC_01675,16.66545,74.232975,2026-01-12 02:43:00,delivery
LOC_00366,16.716852,74.231976,2026-01-05 03:16:00,visit
LOC_02650,16.746078,74.19962,2026-02-18 00:58:00,delivery
LOC_00232,16.700274,74.24179,2026-01-23 12:56:00,commute
LOC_04268,19.278667,73.576666,2026-02-16 07:31:00,dropoff
LOC_04042,18.678535,73.490273,2026-03-23 03:19:00,commute
LOC_04400,17.699493,75.075027,2026-01-04 21:19:00,delivery
LOC_00408,16.711636,74.242692,2026-01-19 02:54:00,commute
LOC_02091,16.680581,74.232371,2026-03-21 15:42:00,delivery
LOC_00087,16.701245,74.233793,2026-03-04 00:25:00,dropoff
LOC_00845,16.706048,74.233008,2026-01-17 15:50:00,pickup
LOC_01032,16.700415,74.26281,2026-01-10 23:20:00,visit
LOC_02856,16.731114,74.200336,2026-03-29 10:50:00,commute
LOC_04110,18.034664,73.341018,2026-03-31 13:44:00,visit
LOC_04397,16.868402,73.530174,2026-01-28 06:52:00,visit
LOC_03894,19.072734,72.870709,2026-02-14 20:49:00,delivery
LOC_02659,16.721071,74.201401,2026-02-07 19:09:00,commute
LOC_00856,16.70425,74.258409,2026-03-24 11:29:00,dropoff
LOC_00079,16.710005,74.241142,2026-03-12 07:51:00,visit
LOC_02248,16.687816,74.220756,2026-02-06 09:36:00,visit
LOC_04571,19.910962,74.023668,2026-02-06 23:48:00,commute
LOC_03657,19.047728,72.875313,2026-03-28 01:17:00,delivery
LOC_04152,18.279565,72.689027,2026-01-08 16:56:00,visit
LOC_03379,18.50591,73.85363,2026-03-13 22:55:00,visit
LOC_02280,16.673465,74.234087,2026-02-06 07:00:00,delivery
LOC_02599,16.72085,74.203355,2026-01-15 06:38:00,visit
LOC_04160,19.914898,72.906031,2026-01-24 07:11:00,pickup
LOC_03871,19.076689,72.872403,2026-02-08 01:45:00,dropoff
LOC_03429,18.514664,73.865391,2026-03-10 12:50:00,dropoff
LOC_02177,16.69451,74.23106,2026-01-05 18:47:00,commute
LOC_00425,16.697895,74.238011,2026-01-21 22:28:00,commute
LOC_00393,16.701226,74.256469,2026-01-17 01:02:00,commute
LOC_04727,18.234212,73.283516,2026-02-18 18:35:00,visit
LOC_03694,19.082693,72.878486,2026-02-04 05:07:00,dropoff
LOC_00105,16.697531,74.237303,2026-01-11 00:55:00,pickup
LOC_03995,18.213955,73.079372,2026-01-31 01:32:00,visit
LOC_04413,19.253365,74.282432,2026-03-10 00:53:00,delivery
LOC_01949,16.679233,74.232128,2026-01-31 15:38:00,visit
LOC_01460,16.705742,74.26282,2026-01-22 22:23:00,commute
LOC_03258,18.524027,73.867886,2026-01-15 23:45:00,dropoff
LOC_02804,16.729525,74.205387,2026-03-24 21:16:00,dropoff
LOC_02707,16.727664,74.200888,2026-02-07 00:22:00,delivery
LOC_04790,20.007611,74.439986,2026-01-20 15:11:00,commute
LOC_01588,16.721012,74.263421,2026-01-29 23:44:00,commute
LOC_03660,19.068127,72.877993,2026-03-10 10:23:00,delivery
LOC_01732,16.688943,74.226065,2026-02-19 05:07:00,delivery
LOC_04765,16.463699,75.167667,2026-03-26 03:39:00,pickup
LOC_04225,19.066426,73.20437,2026-02-21 04:33:00,commute
LOC_03682,19.090645,72.875066,2026-02-15 21:32:00,commute
LOC_01792,16.683861,74.216392,2026-01-27 20:08:00,commute
LOC_02356,16.721851,74.213313,2026-01-10 20:01:00,visit
LOC_01941,16.686107,74.221474,2026-03-08 08:47:00,visit
LOC_00703,16.696753,74.238346,2026-01-04 18:37:00,commute
LOC_02443,16.733191,74.190098,2026-01-08 19:35:00,commute
LOC_04376,20.028524,73.155612,2026-01-14 09:23:00,pickup
LOC_00497,16.690349,74.245615,2026-03-02 09:10:00,commute
LOC_00465,16.696061,74.247524,2026-02-03 22:19:00,dropoff
LOC_04072,19.798232,73.058465,2026-02-25 12:26:00,commute
LOC_04334,19.753215,75.041879,2026-01-13 16:37:00,dropoff
LOC_00173,16.70136,74.246279,2026-01-31 03:20:00,visit
LOC_04944,16.722683,74.412431,2026-03-09 22:20:00,commute
LOC_04797,17.441609,74.482779,2026-02-15 22:06:00,visit
LOC_02541,16.739031,74.205894,2026-02-05 15:31:00,visit
LOC_03263,18.513365,73.838308,2026-03-21 15:19:00,dropoff
LOC_04681,16.947442,74.315681,2026-01-09 18:32:00,pickup
LOC_02261,16.678013,74.220628,2026-01-02 11:59:00,delivery
LOC_02113,16.688077,74.218202,2026-03-10 21:40:00,dropoff
LOC_00901,16.705502,74.25401,2026-03-11 16:29:00,pickup
LOC_01447,16.708392,74.241959,2026-02-16 20:39:00,visit
LOC_03574,19.072629,72.873645,2026-03-27 07:37:00,pickup
LOC_00742,16.714502,74.23172,2026-02-25 04:18:00,commute
LOC_02294,16.677229,74.223509,2026-03-08 18:28:00,visit
LOC_02453,16.725784,74.188588,2026-01-28 17:10:00,dropoff
LOC_02623,16.731859,74.203936,2026-01-30 09:07:00,commute
LOC_04079,17.507862,74.994543,2026-03-06 19:28:00,visit
LOC_01207,16.705632,74.270212,2026-02-06 05:27:00,delivery
LOC_00510,16.708721,74.240968,2026-01-31 03:42:00,pickup
LOC_02621,16.732304,74.206585,2026-01-04 10:29:00,pickup
LOC_02803,16.725552,74.205038,2026-01-30 14:27:00,delivery
LOC_03314,18.522309,73.838291,2026-02-12 07:18:00,visit
LOC_01550,16.711436,74.253851,2026-03-05 04:03:00,visit
LOC_04564,18.254991,74.344439,2026-02-03 05:19:00,visit
LOC_02203,16.679019,74.231554,2026-02-18 06:13:00,visit
LOC_02567,16.725449,74.196763,2026-03-10 01:29:00,commute
LOC_03893,19.085525,72.890387,2026-01-15 15:51:00,visit
LOC_02045,16.669491,74.215679,2026-03-07 00:40:00,dropoff
LOC_00768,16.70055,74.228784,2026-01-31 12:15:00,delivery
LOC_04873,17.41576,74.211095,2026-01-24 04:56:00,pickup
LOC_03739,19.084935,72.854753,2026-02-09 13:39:00,delivery
LOC_00422,16.698301,74.254595,2026-03-29 07:38:00,delivery
LOC_00124,16.715874,74.247935,2026-03-02 17:27:00,commute
LOC_04163,17.318348,73.501064,2026-03-29 01:57:00,delivery
LOC_02629,16.743787,74.196059,2026-03-02 18:10:00,pickup
LOC_00820,16.695885,74.237411,2026-03-11 07:36:00,commute
LOC_01404,16.701292,74.260082,2026-01-14 20:04:00,visit
LOC_01383,16.71048,74.25629,2026-01-18 02:30:00,pickup
LOC_02149,16.691881,74.231232,2026-03-02 19:28:00,pickup
LOC_01576,16.691622,74.262062,2026-03-17 14:15:00,visit
LOC_01639,16.696207,74.265524,2026-03-11 10:12:00,visit
LOC_01796,16.690598,74.211912,2026-02-18 06:16:00,pickup
LOC_04816,19.924186,75.113028,2026-03-06 21:45:00,visit
LOC_00400,16.699363,74.230525,2026-02-07 06:05:00,visit
LOC_02311,16.685822,74.218919,2026-02-14 14:38:00,dropoff
LOC_00883,16.702074,74.270813,2026-03-03 00:33:00,pickup
LOC_04974,18.732041,74.439631,2026-01-30 00:06:00,dropoff
LOC_02898,16.727352,74.200057,2026-03-15 16:55:00,pickup
LOC_01353,16.70577,74.245308,2026-03-13 21:54:00,delivery
LOC_02743,16.727916,74.189591,2026-01-09 03:49:00,commute
LOC_04551,16.754568,74.653523,2026-03-24 12:13:00,dropoff
LOC_02131,16.681161,74.214135,2026-02-11 13:02:00,commute
LOC_00983,16.695821,74.269886,2026-03-11 01:44:00,commute
LOC_00457,16.71361,74.235029,2026-03-25 12:12:00,commute
LOC_04120,16.867295,74.198226,2026-01-23 07:07:00,pickup
LOC_01080,16.692104,74.262619,2026-02-10 04:36:00,delivery
LOC_01951,16.678826,74.215319,2026-02-18 07:02:00,commute
LOC_04315,16.457581,74.48647,2026-02-06 15:09:00,commute
LOC_00690,16.701602,74.255131,2026-02-01 09:32:00,delivery
LOC_02430,16.730839,74.193612,2026-03-19 08:30:00,visit
LOC_00642,16.710594,74.242819,2026-01-09 03:54:00,visit
LOC_02393,16.734493,74.195398,2026-03-23 07:06:00,visit
LOC_01954,16.683989,74.201461,2026-01-29 06:35:00,visit
LOC_02749,16.73077,74.217321,2026-02-02 09:25:00,visit
LOC_04314,19.09176,74.914341,2026-01-31 07:45:00,commute
LOC_03436,18.52988,73.871084,2026-01-10 16:15:00,delivery
LOC_03337,18.504655,73.834836,2026-01-08 22:08:00,commute
LOC_04767,16.500949,74.679691,2026-02-23 23:19:00,commute
LOC_03371,18.538346,73.848572,2026-02-12 06:26:00,commute
LOC_01885,16.672707,74.216775,2026-01-11 08:39:00,visit
LOC_00390,16.693698,74.255415,2026-02-24 07:21:00,visit
LOC_02495,16.734853,74.193033,2026-01-04 10:31:00,delivery
LOC_03879,19.077752,72.866728,2026-01-20 10:36:00,pickup
LOC_03857,19.060892,72.869135,2026-03-27 02:19:00,commute
LOC_00846,16.707924,74.246282,2026-01-25 07:56:00,commute
LOC_00543,16.706981,74.23866,2026-03-04 02:26:00,dropoff
LOC_00092,16.704212,74.250091,2026-03-19 01:50:00,delivery
LOC_03890,19.056833,72.869818,2026-03-03 05:44:00,delivery
LOC_01980,16.676792,74.218848,2026-03-27 18:00:00,delivery
LOC_02813,16.725993,74.21133,2026-02-25 22:07:00,dropoff
LOC_04083,17.349541,74.035811,2026-02-10 15:01:00,visit
LOC_02903,16.730074,74.196938,2026-01-18 23:48:00,dropoff
LOC_02530,16.736915,74.195224,2026-03-08 07:12:00,pickup
LOC_01677,16.674112,74.216372,2026-03-07 00:47:00,visit
LOC_01049,16.701913,74.259679,2026-02-06 11:19:00,delivery
LOC_01961,16.69152,74.217352,2026-01-26 12:35:00,visit
LOC_02531,16.720493,74.20369,2026-03-25 18:46:00,visit
LOC_03993,18.503531,73.779381,2026-03-26 05:02:00,visit
LOC_00238,16.703699,74.230651,2026-03-31 10:00:00,visit
LOC_03098,18.498391,73.864778,2026-02-21 23:09:00,dropoff
LOC_03489,18.515826,73.858397,2026-02-01 14:14:00,commute
LOC_01134,16.696122,74.254203,2026-02-09 07:36:00,pickup
LOC_01806,16.674824,74.205922,2026-03-28 03:35:00,commute
LOC_04318,16.409354,72.514299,2026-01-07 11:13:00,commute
LOC_00164,16.698429,74.229759,2026-03-08 09:01:00,delivery
LOC_03493,18.520506,73.859407,2026-02-19 18:16:00,dropoff
LOC_04710,19.79486,73.888271,2026-03-16 11:51:00,pickup
LOC_04631,20.141643,73.399439,2026-01-14 16:45:00,commute
LOC_03454,18.528759,73.864557,2026-01-31 20:02:00,visit
LOC_03200,18.506815,73.854915,2026-01-21 01:08:00,delivery
LOC_03635,19.080022,72.904517,2026-01-01 17:33:00,commute
LOC_03940,19.366384,74.911002,2026-03-11 00:42:00,visit
LOC_01812,16.679521,74.223325,2026-02-02 01:36:00,commute
LOC_03650,19.073345,72.893913,2026-03-12 00:31:00,commute
LOC_04050,19.585402,72.995357,2026-03-25 08:55:00,commute
LOC_01429,16.699103,74.24583,2026-03-14 00:46:00,commute
LOC_03614,19.073244,72.87007,2026-01-24 02:39:00,visit
LOC_03132,18.49491,73.888079,2026-03-23 18:00:00,visit
LOC_03397,18.507987,73.840189,2026-03-17 01:08:00,pickup
LOC_04461,19.113767,72.922092,2026-01-08 18:43:00,pickup
LOC_04650,18.848972,73.188876,2026-03-27 10:21:00,dropoff
LOC_02821,16.738309,74.19941,2026-02-15 13:59:00,delivery
LOC_01453,16.686367,74.248284,2026-01-21 01:33:00,visit
LOC_00594,16.691786,74.25451,2026-03-10 17:54:00,dropoff
LOC_00042,16.709345,74.238538,2026-01-09 02:24:00,visit
LOC_00561,16.704435,74.239649,2026-02-10 16:51:00,delivery
LOC_03274,18.496802,73.847719,2026-02-24 23:20:00,delivery
LOC_03245,18.524226,73.840154,2026-03-28 10:26:00,visit
LOC_00244,16.693264,74.244443,2026-02-27 12:17:00,dropoff
LOC_01340,16.715858,74.260249,2026-03-21 01:18:00,commute
LOC_02781,16.715553,74.20346,2026-03-11 06:41:00,delivery
LOC_03188,18.521129,73.851213,2026-01-14 08:12:00,visit
LOC_03800,19.065589,72.855255,2026-02-14 14:40:00,dropoff
LOC_01443,16.703236,74.256122,2026-03-26 10:41:00,delivery
LOC_00262,16.702869,74.240827,2026-03-30 15:42:00,pickup
LOC_02765,16.720332,74.188704,2026-03-26 18:38:00,visit
LOC_01690,16.684531,74.227759,2026-01-30 10:21:00,delivery
LOC_01726,16.681643,74.226944,2026-02-13 22:37:00,delivery
LOC_04793,17.227261,73.411265,2026-02-03 13:42:00,commute
LOC_00835,16.698977,74.237884,2026-03-01 07:56:00,visit
LOC_01867,16.681963,74.225984,2026-03-23 12:57:00,visit
LOC_02497,16.729417,74.182177,2026-01-22 19:43:00,commute
LOC_02011,16.682897,74.210767,2026-02-17 13:35:00,dropoff
LOC_00341,16.68667,74.255254,2026-01-31 08:12:00,commute
LOC_02989,16.719095,74.207943,2026-02-26 08:13:00,dropoff
LOC_01602,16.694072,74.249539,2026-02-25 08:22:00,commute
LOC_03876,19.070165,72.88502,2026-03-29 14:24:00,commute
LOC_04695,19.496272,74.373733,2026-01-03 08:44:00,delivery
LOC_00481,16.706785,74.227976,2026-03-12 16:15:00,commute
LOC_02826,16.736139,74.208829,2026-01-10 16:34:00,pickup
LOC_04330,18.797934,73.302529,2026-01-07 08:43:00,pickup
LOC_03541,19.056048,72.882703,2026-03-02 12:58:00,dropoff
LOC_04639,16.684315,72.541702,2026-02-18 16:55:00,delivery
LOC_03047,18.529001,73.833451,2026-02-24 02:54:00,commute
LOC_03991,18.633965,74.087067,2026-01-28 21:04:00,dropoff
LOC_01767,16.679723,74.218126,2026-01-02 12:42:00,commute
LOC_04474,16.756965,75.195002,2026-02-14 17:14:00,visit
LOC_02454,16.740493,74.204521,2026-02-24 12:35:00,pickup
LOC_02878,16.727388,74.202852,2026-01-26 14:38:00,delivery
LOC_03816,19.06698,72.879641,2026-01-13 10:30:00,visit
LOC_04017,18.790584,74.847989,2026-02-18 18:29:00,dropoff
LOC_04678,17.765852,72.76994,2026-01-12 05:21:00,pickup
LOC_03680,19.090669,72.862687,2026-01-06 23:33:00,visit
LOC_01272,16.688182,74.260589,2026-02-27 04:19:00,visit
LOC_03078,18.532009,73.857035,2026-02-11 15:14:00,delivery
LOC_04502,17.212532,73.494166,2026-01-10 01:06:00,pickup
LOC_03095,18.516502,73.876414,2026-02-11 21:02:00,delivery
LOC_04654,19.341668,73.683457,2026-02-28 21:33:00,pickup
LOC_00348,16.709727,74.235588,2026-03-01 09:34:00,pickup
LOC_03882,19.065622,72.88609,2026-03-29 05:30:00,dropoff
LOC_04624,20.192967,74.941647,2026-03-22 15:54:00,dropoff
LOC_02563,16.736989,74.197033,2026-01-29 14:16:00,visit
LOC_04591,16.983398,73.377469,2026-01-09 13:10:00,visit
LOC_01424,16.692636,74.252534,2026-03-14 01:27:00,delivery
LOC_00657,16.698048,74.226142,2026-01-15 16:47:00,dropoff
LOC_02103,16.693689,74.210301,2026-02-21 11:09:00,pickup
LOC_00633,16.701758,74.243917,2026-01-19 16:10:00,dropoff
LOC_02893,16.728712,74.198301,2026-02-06 00:32:00,dropoff
LOC_02494,16.731429,74.21273,2026-03-14 07:31:00,pickup
LOC_02666,16.734847,74.193015,2026-03-13 11:22:00,dropoff
LOC_04016,20.101182,74.818166,2026-02-05 09:47:00,pickup
LOC_03663,19.075848,72.862335,2026-01-07 20:45:00,visit
LOC_03308,18.519599,73.868396,2026-02-28 22:22:00,commute
LOC_03097,18.545738,73.853898,2026-01-16 03:41:00,dropoff
LOC_03920,18.330638,74.867466,2026-03-23 01:28:00,dropoff
LOC_02501,16.738896,74.210386,2026-02-07 07:10:00,delivery
LOC_01466,16.705739,74.263586,2026-02-03 08:10:00,commute
LOC_02834,16.738383,74.185779,2026-01-30 09:57:00,visit
LOC_00116,16.700764,74.232082,2026-02-24 22:19:00,commute
LOC_01822,16.689495,74.229716,2026-03-13 01:38:00,commute
LOC_01495,16.719942,74.262002,2026-03-11 03:03:00,pickup
LOC_02402,16.716381,74.203704,2026-01-14 18:49:00,commute
LOC_01233,16.69682,74.259429,2026-01-04 03:05:00,pickup
LOC_02662,16.731169,74.206651,2026-02-10 22:56:00,visit
LOC_04101,17.582272,73.613124,2026-01-28 22:01:00,pickup
LOC_04574,18.854165,73.878151,2026-03-15 12:26:00,dropoff
LOC_01154,16.697037,74.264577,2026-02-16 13:48:00,visit
LOC_03849,19.069902,72.880051,2026-03-24 15:25:00,visit
LOC_00058,16.71696,74.232784,2026-03-11 16:44:00,visit
LOC_04105,19.678905,73.714137,2026-02-02 14:21:00,pickup
LOC_04289,17.637734,72.772713,2026-02-22 18:57:00,visit
LOC_04946,19.370486,73.207866,2026-02-02 04:47:00,pickup
LOC_01736,16.678801,74.220861,2026-03-21 00:19:00,delivery
LOC_02197,16.679366,74.239179,2026-01-20 08:00:00,commute
LOC_03554,19.094007,72.883201,2026-02-15 22:51:00,pickup
LOC_02476,16.727543,74.205523,2026-02-23 01:52:00,visit
LOC_02565,16.731901,74.211858,2026-02-06 13:09:00,visit
LOC_03159,18.513562,73.843797,2026-02-26 01:54:00,visit
LOC_04035,18.03858,74.187162,2026-03-05 21:37:00,visit
LOC_03656,19.067274,72.886532,2026-01-29 23:42:00,pickup
LOC_00708,16.709468,74.249172,2026-01-04 12:11:00,visit
LOC_04281,16.451566,72.757076,2026-02-03 21:21:00,pickup
LOC_01094,16.699074,74.264815,2026-01-28 18:36:00,commute
LOC_04840,19.888473,74.232977,2026-02-19 09:24:00,commute
LOC_01377,16.698217,74.258084,2026-03-07 13:21:00,dropoff
LOC_04914,19.004019,74.033944,2026-02-14 17:05:00,pickup
LOC_00073,16.697644,74.243954,2026-01-16 02:34:00,visit
LOC_01923,16.672271,74.216014,2026-03-31 15:27:00,pickup
LOC_03174,18.514939,73.819706,2026-03-28 08:26:00,delivery
LOC_01765,16.687411,74.210628,2026-01-25 00:13:00,commute
LOC_00744,16.690121,74.237163,2026-01-02 06:30:00,visit
LOC_04319,18.13971,73.331439,2026-02-19 17:33:00,visit
LOC_01006,16.706067,74.247241,2026-03-03 08:41:00,delivery
LOC_02669,16.730126,74.199439,2026-03-04 05:24:00,delivery
LOC_01191,16.702219,74.260493,2026-03-12 12:31:00,visit
LOC_04632,20.122537,74.718026,2026-02-14 03:27:00,pickup
LOC_02602,16.739273,74.197398,2026-01-06 05:38:00,dropoff
LOC_01126,16.692683,74.254849,2026-01-17 21:04:00,delivery
LOC_01242,16.7135,74.262281,2026-01-08 19:22:00,visit
LOC_04607,18.505438,72.888461,2026-01-05 11:10:00,commute
LOC_04131,19.226562,74.30317,2026-02-23 13:50:00,dropoff
LOC_03443,18.511763,73.861148,2026-01-12 13:22:00,visit
LOC_00999,16.704731,74.262568,2026-02-27 10:12:00,dropoff
LOC_03387,18.51646,73.873855,2026-03-22 21:14:00,delivery
LOC_02685,16.730678,74.19183,2026-02-11 20:05:00,commute
LOC_01578,16.694504,74.266065,2026-03-21 02:53:00,dropoff
LOC_04791,18.269456,72.79835,2026-01-20 21:14:00,delivery
LOC_01827,16.68347,74.211936,2026-02-13 01:51:00,pickup
LOC_03293,18.520069,73.851409,2026-01-25 00:13:00,commute
LOC_04990,18.139164,74.189726,2026-03-14 21:37:00,visit
LOC_03537,19.078824,72.878602,2026-02-10 19:29:00,commute
LOC_00441,16.703486,74.244358,2026-02-15 03:49:00,commute
LOC_04952,20.185935,73.062958,2026-03-29 22:46:00,delivery
LOC_01101,16.709308,74.267162,2026-02-05 19:15:00,visit
LOC_04011,18.094419,75.145811,2026-02-13 19:10:00,visit
LOC_03059,18.525908,73.825138,2026-01-28 05:09:00,visit
LOC_00650,16.701876,74.233548,2026-03-29 09:39:00,commute
LOC_01547,16.696856,74.260155,2026-03-03 20:21:00,commute
LOC_04757,19.062621,74.354406,2026-03-10 19:19:00,dropoff
LOC_03561,19.081066,72.887834,2026-03-30 20:59:00,commute
LOC_03887,19.082504,72.891706,2026-03-23 02:33:00,commute
LOC_03742,19.082412,72.901843,2026-01-09 06:02:00,visit
LOC_00631,16.717887,74.2466,2026-01-02 16:13:00,commute
LOC_00673,16.699289,74.241127,2026-01-18 23:29:00,pickup
LOC_01250,16.70052,74.256833,2026-01-03 02:14:00,visit
LOC_00483,16.705732,74.250012,2026-02-23 02:02:00,dropoff
LOC_01585,16.702142,74.254872,2026-03-12 23:44:00,visit
LOC_03075,18.504525,73.871118,2026-02-23 23:01:00,visit
LOC_04628,18.929384,74.372986,2026-03-15 12:24:00,dropoff
LOC_03039,18.52784,73.833365,2026-02-07 02:55:00,pickup
LOC_01463,16.698641,74.255229,2026-01-31 20:30:00,pickup
LOC_03930,16.914545,74.657046,2026-03-05 21:45:00,visit
LOC_03622,19.08587,72.874238,2026-03-01 05:09:00,visit
LOC_02579,16.730222,74.203164,2026-02-23 20:57:00,pickup
LOC_03802,19.086255,72.868727,2026-03-31 12:27:00,commute
LOC_00050,16.705541,74.230715,2026-01-07 15:57:00,dropoff
LOC_04290,19.344738,74.058854,2026-02-08 07:18:00,visit
LOC_03345,18.507274,73.864893,2026-03-26 01:12:00,commute
LOC_00859,16.715608,74.245706,2026-01-15 16:43:00,delivery
LOC_01073,16.700315,74.273606,2026-01-04 23:39:00,delivery
LOC_00720,16.696822,74.230303,2026-03-14 14:59:00,dropoff
LOC_03718,19.070691,72.873483,2026-03-12 11:35:00,dropoff
LOC_02632,16.731716,74.197832,2026-01-05 23:50:00,dropoff
LOC_04874,19.709825,73.222669,2026-02-16 00:45:00,commute
LOC_01661,16.690966,74.218378,2026-03-14 02:57:00,delivery
LOC_01657,16.689179,74.229937,2026-03-25 10:36:00,pickup
LOC_02426,16.726633,74.191733,2026-03-15 04:34:00,pickup
LOC_03525,19.091265,72.891171,2026-02-20 13:00:00,visit
LOC_04230,18.465557,72.572932,2026-03-07 14:31:00,pickup
LOC_04975,17.930909,73.114127,2026-01-27 09:23:00,pickup
LOC_03310,18.51412,73.864345,2026-03-04 14:22:00,commute
LOC_04477,18.677806,73.225329,2026-02-09 00:56:00,delivery
LOC_03306,18.512303,73.865819,2026-03-12 14:23:00,visit
LOC_04752,19.88286,74.424502,2026-01-29 06:45:00,dropoff
LOC_04127,18.673849,73.027717,2026-03-29 07:43:00,dropoff
LOC_02607,16.73088,74.21588,2026-02-18 14:49:00,commute
LOC_01386,16.705863,74.254287,2026-01-20 10:48:00,commute
LOC_03836,19.06802,72.900542,2026-01-16 16:24:00,dropoff
LOC_01400,16.698052,74.256453,2026-01-23 13:57:00,delivery
LOC_01196,16.703538,74.264403,2026-01-27 22:38:00,commute
LOC_01409,16.691707,74.240976,2026-03-30 11:09:00,pickup
LOC_03825,19.064277,72.892589,2026-01-17 14:44:00,delivery
LOC_01799,16.681418,74.214358,2026-01-27 20:19:00,delivery
LOC_01476,16.702717,74.24789,2026-01-07 08:55:00,delivery
LOC_04966,17.722575,72.774728,2026-03-06 21:56:00,delivery
LOC_00036,16.714032,74.245311,2026-01-30 21:28:00,visit
LOC_03542,19.075925,72.880782,2026-03-22 18:23:00,delivery
LOC_02346,16.67886,74.210843,2026-02-04 15:36:00,commute
LOC_04679,19.104402,74.733879,2026-01-20 12:48:00,visit
LOC_02360,16.728413,74.203893,2026-03-05 01:10:00,dropoff
LOC_02207,16.6878,74.235754,2026-03-06 07:18:00,delivery
LOC_03768,19.071265,72.85915,2026-01-04 06:11:00,visit
LOC_01287,16.695995,74.257059,2026-02-21 17:18:00,visit
LOC_00350,16.716808,74.234534,2026-03-07 05:36:00,visit
LOC_02138,16.675029,74.238622,2026-03-29 20:26:00,visit
LOC_02692,16.746432,74.207713,2026-02-27 13:11:00,commute
LOC_04561,19.858632,74.299707,2026-01-02 14:22:00,delivery
LOC_03968,17.964446,73.344107,2026-02-10 21:38:00,pickup
LOC_01682,16.689188,74.222654,2026-01-16 12:37:00,commute
LOC_04835,17.537879,74.294991,2026-03-28 14:16:00,commute
LOC_01444,16.697869,74.255517,2026-01-22 07:14:00,commute
LOC_03244,18.536989,73.847609,2026-02-26 07:04:00,commute
LOC_01672,16.685229,74.219273,2026-02-04 19:32:00,visit
LOC_03837,19.059879,72.882538,2026-01-30 02:48:00,delivery
LOC_01180,16.713949,74.268861,2026-03-05 08:42:00,delivery
LOC_02799,16.731195,74.210378,2026-03-28 12:23:00,pickup
LOC_01693,16.677221,74.220624,2026-03-07 11:10:00,delivery
LOC_03957,19.266732,74.862449,2026-01-21 07:29:00,pickup
LOC_00373,16.711854,74.246288,2026-01-30 06:51:00,commute
LOC_03611,19.092367,72.864807,2026-01-25 18:58:00,visit
LOC_01917,16.681448,74.231946,2026-02-27 11:38:00,dropoff
LOC_01358,16.698178,74.272089,2026-02-04 20:46:00,commute
LOC_01826,16.693392,74.218851,2026-01-12 13:38:00,visit
LOC_00787,16.705354,74.228878,2026-03-25 23:57:00,commute
LOC_00470,16.697303,74.252523,2026-03-26 19:56:00,visit
LOC_00141,16.708315,74.249964,2026-03-11 09:16:00,commute
LOC_00789,16.696341,74.243066,2026-01-03 23:59:00,visit
LOC_00324,16.711007,74.235017,2026-02-24 14:10:00,delivery
LOC_00051,16.707313,74.246118,2026-01-03 17:01:00,dropoff
LOC_00715,16.703314,74.235478,2026-03-03 01:27:00,commute
LOC_04890,18.075216,73.527478,2026-03-22 21:44:00,dropoff
LOC_02841,16.737042,74.194511,2026-02-01 17:43:00,dropoff
LOC_02447,16.731795,74.20712,2026-03-18 07:13:00,pickup
LOC_04814,17.784798,74.674498,2026-01-24 00:05:00,dropoff
LOC_04420,16.879555,73.465614,2026-01-21 03:40:00,visit
LOC_04597,18.73095,74.988466,2026-02-25 07:32:00,delivery
LOC_03016,18.516483,73.871349,2026-03-27 02:03:00,commute
LOC_02667,16.723693,74.189436,2026-01-18 08:16:00,commute
LOC_00407,16.70406,74.249196,2026-02-09 05:43:00,commute
LOC_03725,19.07822,72.870379,2026-03-21 11:58:00,delivery
LOC_01005,16.700357,74.279571,2026-03-10 00:47:00,dropoff
LOC_03788,19.075537,72.871088,2026-01-20 22:26:00,delivery
LOC_00891,16.713019,74.27239,2026-03-13 00:03:00,pickup
LOC_02412,16.728787,74.203688,2026-01-26 04:20:00,dropoff
LOC_02546,16.737561,74.207171,2026-02-03 15:40:00,delivery
LOC_04834,18.132878,72.769792,2026-03-13 10:52:00,delivery
LOC_02391,16.734806,74.184068,2026-03-02 16:20:00,commute
LOC_03941,17.633445,74.133553,2026-03-20 10:35:00,delivery
LOC_00043,16.699676,74.239733,2026-01-17 20:46:00,dropoff
LOC_02831,16.731448,74.189846,2026-01-21 14:46:00,visit
LOC_03966,16.605098,73.832395,2026-02-08 15:01:00,commute
LOC_00304,16.702372,74.238508,2026-01-29 11:20:00,pickup
LOC_04514,16.70596,74.118054,2026-01-04 14:36:00,pickup
LOC_03748,19.086185,72.885812,2026-01-28 00:26:00,commute
LOC_00665,16.704347,74.229541,2026-01-30 15:03:00,delivery
LOC_01178,16.693869,74.256835,2026-03-01 20:11:00,visit
LOC_02677,16.731626,74.195544,2026-02-22 02:44:00,visit
LOC_01948,16.678678,74.219629,2026-02-12 13:00:00,delivery
LOC_02502,16.725212,74.207634,2026-03-17 10:08:00,commute
LOC_01474,16.695133,74.267005,2026-02-26 09:34:00,visit
LOC_03484,18.517579,73.84539,2026-03-18 14:52:00,delivery
LOC_03521,19.067147,72.869514,2026-02-19 20:23:00,commute
LOC_02133,16.679496,74.21331,2026-02-28 12:51:00,pickup
LOC_01027,16.703303,74.248626,2026-02-22 10:18:00,commute
LOC_00962,16.719774,74.25053,2026-02-21 00:34:00,commute
LOC_02890,16.734737,74.202437,2026-03-12 18:32:00,pickup
LOC_03135,18.509716,73.856908,2026-01-11 01:50:00,dropoff
LOC_02010,16.662377,74.219747,2026-03-23 18:00:00,commute
LOC_02150,16.677473,74.208619,2026-01-01 15:29:00,visit
LOC_03324,18.515178,73.860448,2026-01-19 22:42:00,pickup
LOC_02339,16.694065,74.212144,2026-03-08 04:12:00,delivery
LOC_03889,19.084604,72.86775,2026-02-15 03:05:00,commute
LOC_00305,16.704509,74.248583,2026-01-11 01:56:00,commute
LOC_01441,16.702816,74.268974,2026-02-26 08:20:00,visit
LOC_01497,16.695431,74.256285,2026-02-28 12:21:00,delivery
LOC_02653,16.721763,74.193919,2026-01-17 07:39:00,visit
LOC_02876,16.728416,74.213419,2026-01-27 05:22:00,commute
LOC_00917,16.708458,74.261467,2026-02-08 05:40:00,visit
LOC_04183,17.469922,74.246473,2026-02-21 04:32:00,dropoff
LOC_03722,19.060731,72.875193,2026-03-07 02:44:00,commute
LOC_02773,16.714259,74.201667,2026-02-01 21:50:00,visit
LOC_01625,16.711096,74.250501,2026-02-23 21:49:00,commute
LOC_03838,19.084804,72.877103,2026-02-24 14:31:00,delivery
LOC_00822,16.716502,74.230216,2026-03-13 22:19:00,commute
LOC_03965,18.333678,74.678107,2026-03-17 04:53:00,delivery
LOC_01355,16.693231,74.267849,2026-01-20 17:11:00,visit
LOC_04498,16.95914,73.902178,2026-03-22 06:35:00,dropoff
LOC_00851,16.706039,74.254945,2026-02-10 13:32:00,visit
LOC_01001,16.695822,74.2653,2026-03-21 15:01:00,visit
LOC_03378,18.517928,73.872725,2026-02-25 12:54:00,visit
LOC_00019,16.712028,74.238321,2026-01-02 13:22:00,pickup
LOC_01638,16.694616,74.251147,2026-02-20 06:29:00,dropoff
LOC_01668,16.689076,74.231356,2026-01-12 09:02:00,delivery
LOC_00494,16.708632,74.238786,2026-01-14 13:17:00,delivery
LOC_01348,16.695694,74.254981,2026-01-11 22:51:00,delivery
LOC_03728,19.081994,72.88635,2026-03-07 21:51:00,commute
LOC_04826,17.177312,74.264697,2026-01-16 11:44:00,delivery
LOC_03615,19.090783,72.873796,2026-03-13 23:52:00,dropoff
LOC_03482,18.509381,73.862102,2026-03-22 10:09:00,pickup
LOC_00688,16.716987,74.229501,2026-02-01 23:16:00,dropoff
LOC_03732,19.046853,72.873479,2026-03-14 08:48:00,dropoff
LOC_01609,16.697774,74.264844,2026-02-20 13:19:00,visit
LOC_04085,17.841703,74.657179,2026-02-24 17:59:00,visit
LOC_03403,18.514714,73.841765,2026-01-21 02:58:00,visit
LOC_01010,16.701881,74.270821,2026-01-12 19:24:00,visit
LOC_02409,16.72267,74.196551,2026-01-20 12:38:00,visit
LOC_01093,16.690555,74.254477,2026-02-19 14:47:00,commute
LOC_01328,16.715017,74.254653,2026-02-15 13:46:00,visit
LOC_01678,16.678961,74.231705,2026-02-25 14:53:00,dropoff
LOC_02000,16.669343,74.236569,2026-02-04 20:34:00,dropoff
LOC_01311,16.68382,74.262405,2026-02-27 15:46:00,commute
LOC_03259,18.523285,73.855159,2026-02-13 08:17:00,delivery
LOC_01988,16.68881,74.232373,2026-03-12 07:37:00,dropoff
LOC_03649,19.098275,72.874732,2026-02-23 15:15:00,pickup
LOC_00345,16.71793,74.25847,2026-03-22 18:19:00,visit
LOC_04483,18.552319,74.182209,2026-01-07 12:10:00,visit
LOC_00987,16.692757,74.256691,2026-01-23 12:51:00,dropoff
LOC_04545,17.440572,72.792487,2026-03-26 15:16:00,commute
LOC_03808,19.069196,72.870893,2026-03-11 14:23:00,pickup
LOC_04524,18.897025,74.153169,2026-01-02 19:28:00,visit
LOC_04003,17.701911,74.72034,2026-02-28 06:59:00,pickup
LOC_03092,18.518174,73.862267,2026-03-20 06:40:00,visit
LOC_03962,17.667372,73.438398,2026-01-03 13:53:00,pickup
LOC_01143,16.702066,74.248452,2026-03-29 02:08:00,pickup
LOC_02359,16.730283,74.202807,2026-01-23 07:58:00,delivery
LOC_01199,16.701212,74.258243,2026-02-24 16:41:00,visit
LOC_00086,16.708896,74.247716,2026-03-17 18:52:00,commute
LOC_01519,16.697876,74.270865,2026-02-14 01:59:00,delivery
LOC_00517,16.710347,74.233984,2026-01-04 04:12:00,visit
LOC_01382,16.707798,74.266383,2026-02-12 16:39:00,delivery
LOC_02717,16.714114,74.192982,2026-03-26 17:46:00,visit
LOC_03085,18.521768,73.879192,2026-03-30 19:08:00,visit
LOC_01015,16.705991,74.258047,2026-01-02 14:15:00,visit
LOC_00129,16.699882,74.231665,2026-03-09 14:46:00,commute
LOC_01365,16.716511,74.256179,2026-02-03 14:21:00,pickup
LOC_03624,19.065517,72.884566,2026-03-01 00:30:00,pickup
LOC_04971,18.841555,74.428428,2026-01-08 04:41:00,delivery
LOC_00892,16.699528,74.257002,2026-03-20 17:12:00,commute
LOC_02794,16.728377,74.206215,2026-02-18 22:48:00,delivery
LOC_04239,19.505892,74.644523,2026-03-09 11:44:00,dropoff
LOC_01360,16.700815,74.262335,2026-03-26 16:56:00,visit
LOC_00308,16.7154,74.254784,2026-03-01 00:41:00,visit
LOC_01662,16.680339,74.232308,2026-02-10 17:17:00,dropoff
LOC_02432,16.72922,74.199428,2026-03-13 20:48:00,commute
LOC_03935,19.805927,74.771564,2026-01-28 22:31:00,visit
LOC_01318,16.701093,74.273753,2026-02-09 18:56:00,delivery
LOC_04304,19.51464,73.975392,2026-02-19 10:20:00,pickup
LOC_02475,16.739048,74.190652,2026-02-27 07:38:00,visit
LOC_02543,16.720199,74.196413,2026-02-06 01:37:00,dropoff
LOC_01247,16.701421,74.275955,2026-03-03 20:41:00,commute
LOC_01209,16.696449,74.260239,2026-03-15 15:59:00,dropoff
LOC_00217,16.709305,74.234424,2026-01-23 11:58:00,visit
LOC_04293,17.230167,74.34347,2026-02-24 07:21:00,commute
LOC_03063,18.55164,73.875733,2026-02-27 00:11:00,delivery
LOC_01240,16.697215,74.258831,2026-01-12 06:42:00,commute
LOC_02290,16.694772,74.214492,2026-03-18 00:14:00,visit
LOC_02741,16.736847,74.195647,2026-01-30 18:16:00,visit
LOC_00276,16.708087,74.240839,2026-02-15 11:53:00,commute
LOC_00490,16.710325,74.24129,2026-03-04 08:43:00,commute
LOC_01036,16.710126,74.269598,2026-02-17 16:22:00,delivery
LOC_01230,16.700152,74.268137,2026-01-13 07:03:00,dropoff
LOC_04586,20.064448,72.602573,2026-01-30 15:18:00,visit
LOC_01009,16.693496,74.248027,2026-02-01 06:00:00,visit
LOC_04690,19.107536,74.999641,2026-03-23 09:34:00,visit
LOC_04027,20.041524,74.243617,2026-01-07 07:56:00,delivery
LOC_03183,18.536196,73.860063,2026-03-25 01:15:00,delivery
LOC_02533,16.747904,74.182768,2026-03-26 04:28:00,dropoff
LOC_04170,17.861185,73.347118,2026-01-07 02:54:00,visit
LOC_01059,16.694414,74.253369,2026-03-16 14:13:00,pickup
LOC_02167,16.671706,74.21846,2026-02-25 16:07:00,commute
LOC_04579,16.561151,73.048441,2026-02-01 11:03:00,dropoff
LOC_00282,16.691043,74.240895,2026-03-09 10:12:00,commute
LOC_03566,19.082605,72.87556,2026-02-26 01:10:00,visit
LOC_01317,16.707555,74.263819,2026-02-12 12:48:00,dropoff
LOC_04979,17.344315,74.363712,2026-01-20 17:03:00,commute
LOC_00969,16.693237,74.264503,2026-01-06 04:58:00,visit
LOC_03127,18.521604,73.873628,2026-02-20 21:19:00,commute
LOC_03921,19.675146,73.265151,2026-02-24 09:02:00,commute
LOC_03167,18.506371,73.881938,2026-03-30 01:28:00,commute
LOC_03520,19.069318,72.868856,2026-03-21 05:46:00,commute
LOC_00620,16.716609,74.228859,2026-02-10 17:25:00,commute
LOC_03347,18.502412,73.857459,2026-02-26 15:42:00,commute
LOC_01743,16.686168,74.20458,2026-01-02 14:39:00,pickup
LOC_01391,16.692358,74.247409,2026-02-02 14:13:00,delivery
LOC_04051,17.241661,73.925641,2026-01-29 03:01:00,visit
LOC_01848,16.677647,74.215279,2026-03-31 23:41:00,visit
LOC_01580,16.694934,74.261726,2026-02-26 15:45:00,pickup
LOC_01656,16.675652,74.21093,2026-03-21 02:44:00,pickup
LOC_02353,16.724114,74.198475,2026-01-07 14:12:00,commute
LOC_02213,16.682255,74.211297,2026-03-03 12:02:00,commute
LOC_02021,16.67732,74.222846,2026-01-06 05:10:00,visit
LOC_04973,17.946905,73.687968,2026-02-09 16:31:00,visit
LOC_01957,16.686837,74.23465,2026-01-10 07:05:00,delivery
LOC_01308,16.703947,74.268977,2026-03-04 13:16:00,visit
LOC_02004,16.659258,74.228659,2026-02-13 05:06:00,visit
LOC_04456,19.202682,73.305214,2026-03-05 06:31:00,delivery
LOC_00576,16.693361,74.235708,2026-01-02 23:09:00,pickup
LOC_04090,19.178296,72.972994,2026-01-18 22:26:00,pickup
LOC_04320,17.972523,74.307317,2026-02-05 00:10:00,commute
LOC_04437,18.048545,73.937722,2026-02-21 20:23:00,pickup
LOC_01707,16.690483,74.215645,2026-01-13 17:00:00,visit
LOC_03743,19.068448,72.895351,2026-02-24 14:41:00,visit
LOC_03471,18.517813,73.840933,2026-02-11 06:39:00,delivery
LOC_01281,16.702599,74.260634,2026-03-05 18:04:00,pickup
LOC_00862,16.702435,74.262424,2026-02-22 03:11:00,visit
LOC_04146,19.086319,75.140254,2026-01-23 02:49:00,commute
LOC_01802,16.68018,74.210815,2026-01-14 03:07:00,pickup
LOC_01629,16.701976,74.271452,2026-03-29 00:14:00,commute
LOC_01994,16.68283,74.21494,2026-03-15 06:10:00,pickup
LOC_02640,16.72929,74.187429,2026-01-01 11:29:00,dropoff
LOC_00270,16.705001,74.235091,2026-01-29 21:02:00,commute
LOC_00630,16.685698,74.256647,2026-02-12 17:44:00,delivery
LOC_03082,18.510946,73.845131,2026-02-25 06:25:00,delivery
LOC_02335,16.67652,74.223348,2026-01-05 20:19:00,visit
LOC_02967,16.733478,74.19843,2026-03-03 22:22:00,commute
LOC_00301,16.718819,74.244472,2026-01-16 21:59:00,commute
LOC_00460,16.704793,74.24022,2026-03-07 23:32:00,delivery
LOC_01448,16.693913,74.263257,2026-01-22 20:50:00,dropoff
LOC_01473,16.699421,74.274172,2026-02-21 14:24:00,delivery
LOC_02047,16.676135,74.221072,2026-02-18 20:08:00,commute
LOC_04229,19.267927,72.797166,2026-02-22 02:20:00,pickup
LOC_03765,19.065209,72.881773,2026-03-20 23:44:00,commute
LOC_02114,16.668388,74.221299,2026-01-08 20:11:00,commute
LOC_00028,16.707924,74.241232,2026-01-13 16:37:00,pickup
LOC_03840,19.070407,72.877756,2026-01-11 11:01:00,visit
LOC_04523,18.718911,74.93798,2026-01-08 20:39:00,visit
LOC_00838,16.71642,74.244984,2026-01-24 20:51:00,pickup
LOC_03827,19.083627,72.872385,2026-01-10 15:48:00,commute
LOC_02009,16.673501,74.229239,2026-02-02 22:42:00,pickup
LOC_04908,17.196449,72.531387,2026-01-31 19:31:00,pickup
LOC_00504,16.69298,74.245821,2026-02-12 18:39:00,delivery
LOC_03207,18.525507,73.866142,2026-03-21 01:24:00,visit
LOC_04305,17.300038,72.946775,2026-03-03 07:02:00,commute
LOC_00381,16.705863,74.238604,2026-02-16 23:37:00,delivery
LOC_01852,16.670365,74.22314,2026-02-18 08:40:00,pickup
LOC_01526,16.70037,74.261365,2026-01-16 03:43:00,visit
LOC_02366,16.738618,74.196408,2026-02-21 14:21:00,visit
LOC_04148,16.430232,72.606349,2026-02-26 03:28:00,commute
LOC_03053,18.517508,73.849007,2026-03-30 23:33:00,dropoff
LOC_02885,16.748243,74.206954,2026-02-25 16:21:00,delivery
LOC_02341,16.671982,74.229334,2026-01-08 13:08:00,visit
LOC_00375,16.709433,74.235793,2026-02-18 22:26:00,delivery
LOC_03261,18.531872,73.845718,2026-02-14 04:09:00,delivery
LOC_02382,16.717091,74.199059,2026-01-09 13:51:00,commute
LOC_04310,16.416341,73.745042,2026-01-02 07:36:00,commute
LOC_00940,16.710078,74.248938,2026-02-03 14:57:00,dropoff
LOC_04199,20.103001,74.181763,2026-03-09 14:05:00,dropoff
LOC_04166,19.67946,73.087518,2026-01-07 23:18:00,pickup
LOC_02800,16.727725,74.225868,2026-03-13 16:51:00,visit
LOC_02148,16.674453,74.209566,2026-01-11 02:43:00,visit
LOC_03818,19.078711,72.881639,2026-02-05 05:02:00,dropoff
LOC_04541,18.184947,73.746099,2026-03-29 02:06:00,pickup
LOC_04217,19.365211,72.691442,2026-01-13 05:14:00,delivery
LOC_02069,16.693397,74.234193,2026-01-03 18:41:00,visit
LOC_00530,16.717518,74.254789,2026-01-13 17:56:00,visit
LOC_04605,19.744075,72.510594,2026-01-04 13:55:00,visit
LOC_00637,16.703481,74.250024,2026-03-30 16:22:00,visit
LOC_01270,16.697959,74.268492,2026-02-09 19:51:00,commute
LOC_00186,16.717286,74.242989,2026-01-09 13:36:00,commute
LOC_04350,17.689614,74.161591,2026-01-04 21:53:00,commute
LOC_03180,18.529669,73.865663,2026-02-22 07:26:00,commute
LOC_03455,18.521822,73.865198,2026-03-05 01:35:00,visit
LOC_01798,16.696142,74.21006,2026-03-16 01:13:00,dropoff
LOC_02980,16.731093,74.189615,2026-03-15 06:45:00,visit
LOC_01442,16.698768,74.259351,2026-01-21 12:01:00,dropoff
LOC_03428,18.513351,73.848801,2026-03-27 10:38:00,visit
LOC_04875,16.446015,74.235546,2026-03-26 05:18:00,dropoff
LOC_01536,16.697891,74.256617,2026-03-01 15:55:00,commute
LOC_03444,18.506857,73.860547,2026-01-14 19:20:00,commute
LOC_01274,16.699934,74.251433,2026-02-09 00:11:00,delivery
LOC_02468,16.720564,74.204302,2026-02-03 21:47:00,delivery
LOC_00608,16.708585,74.243726,2026-02-10 01:03:00,delivery
LOC_03514,19.059219,72.897839,2026-03-24 20:47:00,delivery
LOC_01713,16.679553,74.225297,2026-01-08 09:17:00,delivery
LOC_02200,16.663772,74.231401,2026-01-01 18:49:00,visit
LOC_00956,16.696466,74.250807,2026-01-23 03:12:00,commute
LOC_02580,16.745387,74.205508,2026-02-03 19:13:00,visit
LOC_03898,19.08149,72.891981,2026-01-28 03:00:00,pickup
LOC_04426,17.384865,74.71141,2026-03-05 06:47:00,commute
LOC_03381,18.537574,73.855152,2026-02-11 02:46:00,visit
LOC_03686,19.075536,72.866918,2026-02-10 14:20:00,visit
LOC_00404,16.70185,74.245416,2026-03-16 04:44:00,commute
LOC_02072,16.679656,74.219523,2026-02-24 06:52:00,commute
LOC_04756,19.360654,73.55408,2026-03-04 11:28:00,pickup
LOC_01978,16.678734,74.217046,2026-03-23 13:25:00,dropoff
LOC_00159,16.701006,74.24905,2026-03-28 07:24:00,visit
LOC_01749,16.676939,74.228522,2026-01-29 17:52:00,visit
LOC_02910,16.725733,74.195955,2026-03-15 06:57:00,visit
LOC_03535,19.068556,72.874153,2026-02-01 03:13:00,visit
LOC_00903,16.687617,74.262409,2026-01-30 16:30:00,commute
LOC_00353,16.700432,74.246362,2026-03-28 08:54:00,visit
LOC_01231,16.699723,74.253868,2026-03-09 07:19:00,visit
LOC_04671,20.10919,72.50308,2026-03-16 08:39:00,visit
LOC_02141,16.687951,74.22548,2026-03-23 07:33:00,visit
LOC_00445,16.702258,74.245061,2026-03-05 19:07:00,commute
LOC_04949,19.518224,74.06312,2026-03-30 01:41:00,commute
LOC_00755,16.719281,74.240501,2026-01-31 04:57:00,visit
LOC_01738,16.671912,74.223184,2026-01-05 21:35:00,delivery
LOC_02972,16.737676,74.197393,2026-02-23 20:30:00,pickup
LOC_04980,19.507303,74.409615,2026-02-11 04:22:00,delivery
LOC_02921,16.718012,74.205933,2026-01-07 01:10:00,delivery
LOC_00312,16.708513,74.240094,2026-01-06 20:17:00,dropoff
LOC_00549,16.710655,74.247604,2026-02-08 07:33:00,commute
LOC_04053,16.402623,74.220803,2026-03-13 16:35:00,delivery
LOC_04762,20.091334,74.439058,2026-01-25 19:49:00,delivery
LOC_01990,16.673036,74.216898,2026-02-23 19:51:00,pickup
LOC_00307,16.702324,74.243011,2026-01-23 23:21:00,delivery
LOC_02336,16.678008,74.222759,2026-01-30 10:39:00,commute
LOC_00695,16.698386,74.253911,2026-02-28 18:39:00,delivery
LOC_02357,16.72845,74.194005,2026-01-15 13:59:00,delivery
LOC_01928,16.668938,74.227597,2026-01-21 03:17:00,delivery
LOC_00685,16.701517,74.25907,2026-02-03 13:03:00,pickup
LOC_00750,16.697855,74.234459,2026-01-04 13:27:00,pickup
LOC_04009,16.487138,73.414222,2026-03-23 16:02:00,visit
LOC_01267,16.697735,74.251806,2026-02-05 20:35:00,visit
LOC_03286,18.514855,73.849935,2026-03-25 23:47:00,commute
LOC_03530,19.060419,72.872591,2026-01-23 06:14:00,visit
LOC_04424,20.077662,74.595524,2026-01-18 02:50:00,pickup
LOC_03985,20.184302,74.308638,2026-01-07 05:08:00,visit
LOC_03084,18.541142,73.878758,2026-01-05 21:24:00,dropoff
LOC_03062,18.525988,73.876216,2026-02-05 02:02:00,visit
LOC_03026,18.521769,73.851746,2026-03-20 02:30:00,commute
LOC_00971,16.701662,74.251789,2026-02-01 03:44:00,commute
LOC_00014,16.714018,74.243672,2026-02-10 10:59:00,dropoff
LOC_00874,16.700953,74.268724,2026-01-15 04:14:00,delivery
LOC_00809,16.702447,74.249014,2026-03-25 10:27:00,commute
LOC_03199,18.533503,73.867676,2026-02-25 15:52:00,visit
LOC_00515,16.711326,74.239963,2026-01-29 13:46:00,visit
LOC_04473,16.405006,74.12472,2026-01-05 10:54:00,commute
LOC_00410,16.694628,74.239142,2026-03-25 15:52:00,pickup
LOC_03409,18.523279,73.862174,2026-02-25 14:11:00,visit
LOC_04343,17.084524,73.244173,2026-01-26 18:12:00,commute
LOC_00208,16.695249,74.246289,2026-01-30 08:40:00,visit
LOC_03692,19.076153,72.898355,2026-02-13 18:27:00,visit
LOC_00459,16.707665,74.220776,2026-01-12 17:43:00,commute
LOC_03472,18.530466,73.869693,2026-03-06 07:51:00,commute
LOC_02431,16.733618,74.196002,2026-02-09 04:45:00,commute
LOC_03658,19.071674,72.888799,2026-01-30 22:05:00,delivery
LOC_00111,16.708475,74.255935,2026-01-31 12:41:00,pickup
LOC_04590,17.228123,74.473969,2026-01-08 17:16:00,commute
LOC_04045,19.066062,74.552893,2026-01-16 05:23:00,pickup
LOC_01884,16.681038,74.230999,2026-01-19 13:09:00,commute
LOC_01714,16.694153,74.215518,2026-03-21 16:58:00,visit
LOC_03959,17.70936,72.805824,2026-01-30 20:17:00,delivery
LOC_03400,18.513733,73.872929,2026-01-20 12:00:00,pickup
LOC_00553,16.707371,74.241367,2026-01-28 13:14:00,commute
LOC_01440,16.701416,74.243691,2026-03-30 06:10:00,delivery
LOC_02271,16.684978,74.202782,2026-02-08 11:19:00,commute
LOC_03145,18.532762,73.856645,2026-03-16 07:23:00,delivery
LOC_02822,16.740472,74.198434,2026-01-29 16:45:00,visit
LOC_04782,19.736237,74.583254,2026-02-02 19:44:00,dropoff
LOC_01926,16.692908,74.216274,2026-02-02 04:44:00,visit
LOC_00635,16.702516,74.249221,2026-03-07 08:08:00,visit
LOC_04806,19.966431,75.007877,2026-01-05 03:09:00,pickup
LOC_00317,16.705532,74.262659,2026-03-14 11:10:00,pickup
LOC_04218,19.226496,74.420686,2026-01-23 21:25:00,dropoff
LOC_04700,17.60547,72.824936,2026-02-13 14:20:00,commute
LOC_01329,16.70634,74.267239,2026-02-26 01:05:00,commute
LOC_00428,16.718766,74.255961,2026-02-19 12:41:00,dropoff
LOC_04375,18.234241,74.519718,2026-01-16 20:06:00,commute
LOC_00106,16.703356,74.253964,2026-01-27 13:14:00,pickup
LOC_03042,18.504947,73.860874,2026-01-19 05:50:00,visit
LOC_00143,16.687944,74.257355,2026-03-18 02:08:00,dropoff
LOC_02170,16.679735,74.203815,2026-03-22 09:41:00,delivery
LOC_03459,18.522862,73.849319,2026-03-15 08:34:00,pickup
LOC_00090,16.708572,74.249928,2026-03-03 17:52:00,pickup
LOC_02919,16.741229,74.194546,2026-01-20 00:35:00,visit
LOC_03238,18.537289,73.861598,2026-03-11 13:23:00,commute
LOC_02242,16.684402,74.216854,2026-03-21 21:59:00,dropoff
LOC_03175,18.535713,73.885751,2026-01-28 03:29:00,commute
LOC_03413,18.545845,73.840647,2026-03-22 03:31:00,commute
LOC_02164,16.678099,74.216498,2026-01-27 22:08:00,visit
LOC_02637,16.735994,74.195385,2026-01-18 23:09:00,visit
LOC_01950,16.666335,74.228975,2026-02-14 00:33:00,dropoff
LOC_01769,16.675341,74.207533,2026-01-30 23:03:00,dropoff
LOC_04291,17.768379,73.217264,2026-01-12 04:53:00,pickup
LOC_02273,16.672117,74.216598,2026-01-06 08:38:00,dropoff
LOC_00002,16.69668,74.239082,2026-03-28 06:23:00,commute
LOC_03283,18.513926,73.853412,2026-03-19 04:55:00,commute
LOC_04958,16.632432,75.082531,2026-02-16 06:52:00,visit
LOC_01952,16.684909,74.208825,2026-01-22 14:14:00,commute
LOC_00936,16.701113,74.264625,2026-02-09 23:49:00,delivery
LOC_04297,18.093848,72.541491,2026-02-09 19:10:00,visit
LOC_02721,16.725688,74.191536,2026-02-01 11:58:00,commute
LOC_04448,18.432538,72.819408,2026-03-22 22:02:00,visit
LOC_01110,16.70033,74.262893,2026-01-13 07:33:00,delivery
LOC_03961,18.524468,74.813962,2026-02-13 20:36:00,visit
LOC_00592,16.706992,74.245885,2026-02-24 02:57:00,commute
LOC_01696,16.693216,74.221169,2026-02-05 08:37:00,commute
LOC_03451,18.519514,73.845288,2026-03-03 22:43:00,dropoff
LOC_02937,16.736323,74.202111,2026-01-07 22:42:00,delivery
LOC_04205,19.411222,75.088806,2026-02-24 06:19:00,pickup
LOC_03412,18.546303,73.858815,2026-02-03 22:02:00,commute
LOC_01577,16.704887,74.255867,2026-02-18 03:42:00,pickup
LOC_03955,18.220264,73.43644,2026-02-10 07:23:00,delivery
LOC_00214,16.701127,74.252058,2026-03-10 08:49:00,visit
LOC_00779,16.705483,74.246,2026-02-23 22:54:00,delivery
LOC_01416,16.703572,74.264904,2026-01-05 19:14:00,visit
LOC_03760,19.053944,72.872268,2026-03-02 15:34:00,visit
LOC_02044,16.691617,74.220354,2026-01-30 21:38:00,delivery
LOC_02849,16.726349,74.19264,2026-02-19 14:38:00,delivery
LOC_04538,18.111656,75.175952,2026-01-31 17:00:00,dropoff
LOC_03506,19.077296,72.87111,2026-01-29 03:38:00,delivery
LOC_03814,19.060027,72.889615,2026-03-24 08:34:00,dropoff
LOC_01568,16.686125,74.279413,2026-02-13 19:17:00,commute
LOC_00166,16.697777,74.234832,2026-01-07 11:11:00,visit
LOC_04715,18.724249,73.954731,2026-03-28 19:50:00,visit
LOC_04273,18.376179,74.839446,2026-03-21 00:37:00,visit
LOC_04927,16.883466,74.662018,2026-01-26 01:33:00,visit
LOC_01344,16.708848,74.261777,2026-02-21 11:52:00,delivery
LOC_02014,16.66902,74.211158,2026-03-24 11:23:00,delivery
LOC_00274,16.721745,74.241113,2026-02-20 11:16:00,visit
LOC_00072,16.695934,74.236064,2026-02-01 03:29:00,commute
LOC_03888,19.073826,72.875648,2026-02-01 08:04:00,delivery
LOC_01088,16.697142,74.269573,2026-01-08 08:56:00,dropoff
LOC_00395,16.710616,74.251359,2026-03-19 19:53:00,pickup
LOC_00584,16.696423,74.229916,2026-01-10 00:37:00,commute
LOC_01368,16.711369,74.269264,2026-03-02 02:42:00,dropoff
LOC_04988,18.185782,74.664386,2026-01-02 04:53:00,dropoff
LOC_04089,19.173255,72.999902,2026-03-02 21:45:00,pickup
LOC_02549,16.72325,74.211498,2026-01-08 11:04:00,visit
LOC_01014,16.702298,74.242105,2026-01-19 20:22:00,visit
LOC_04898,18.653527,74.934564,2026-03-21 08:11:00,delivery
LOC_03004,18.515904,73.846806,2026-02-27 10:17:00,pickup
LOC_04789,16.825698,74.870789,2026-03-20 04:00:00,delivery
LOC_04408,16.442247,73.89377,2026-01-25 06:23:00,delivery
LOC_03533,19.069695,72.878509,2026-01-07 08:55:00,commute
LOC_01764,16.664171,74.231289,2026-03-05 18:11:00,visit
LOC_01876,16.672891,74.220768,2026-01-09 13:32:00,visit
LOC_01260,16.699552,74.249347,2026-03-11 18:24:00,commute
LOC_04531,19.956958,72.507719,2026-03-01 06:10:00,dropoff
LOC_02254,16.700516,74.231933,2026-03-30 14:34:00,pickup
LOC_02782,16.732387,74.200966,2026-01-04 12:39:00,commute
LOC_03593,19.068682,72.857413,2026-03-01 17:54:00,visit
LOC_00527,16.71664,74.247449,2026-03-04 01:16:00,dropoff
LOC_04264,19.721955,74.686152,2026-01-22 12:00:00,dropoff
LOC_02947,16.741264,74.220549,2026-03-02 05:40:00,pickup
LOC_00378,16.688972,74.238387,2026-02-24 22:28:00,delivery
LOC_01560,16.700119,74.263054,2026-03-07 08:39:00,delivery
LOC_03821,19.066262,72.890113,2026-03-23 11:44:00,delivery
LOC_01964,16.674914,74.225409,2026-03-07 19:18:00,commute
LOC_04733,17.141699,72.507645,2026-03-18 10:56:00,delivery
LOC_00349,16.692347,74.254879,2026-01-13 16:29:00,visit
LOC_02435,16.728691,74.203946,2026-02-28 14:54:00,visit
LOC_02247,16.67264,74.213543,2026-02-16 06:41:00,visit
LOC_04167,17.618571,74.303561,2026-02-21 12:44:00,pickup
LOC_01710,16.6677,74.214706,2026-02-08 08:55:00,commute
LOC_01051,16.692728,74.279071,2026-03-24 10:29:00,visit
LOC_00591,16.695221,74.237683,2026-03-30 04:35:00,commute
LOC_00520,16.718031,74.250677,2026-03-27 18:25:00,commute
LOC_04753,16.722907,74.899109,2026-03-10 11:24:00,commute
LOC_04309,17.960012,73.648433,2026-01-11 21:08:00,pickup
LOC_02478,16.727485,74.196138,2026-01-03 04:25:00,delivery
LOC_01084,16.705521,74.253553,2026-01-07 17:59:00,pickup
LOC_03589,19.063259,72.873448,2026-01-27 14:34:00,visit
LOC_04779,19.217849,73.630852,2026-01-02 18:05:00,visit
LOC_04510,18.762209,74.519255,2026-01-01 19:58:00,delivery
LOC_01295,16.704809,74.253255,2026-03-25 08:06:00,commute
LOC_01810,16.677102,74.216426,2026-02-01 13:07:00,visit
LOC_00792,16.694997,74.247024,2026-03-10 19:52:00,dropoff
LOC_00793,16.70909,74.223687,2026-03-08 00:10:00,pickup
LOC_04115,19.560353,73.078692,2026-03-30 12:52:00,commute
LOC_01856,16.687166,74.217994,2026-01-29 22:01:00,pickup
LOC_04758,17.089139,72.621566,2026-03-30 20:02:00,commute
LOC_01981,16.670424,74.213613,2026-02-01 17:33:00,delivery
LOC_03234,18.511496,73.876679,2026-02-26 20:48:00,commute
LOC_03909,17.190932,73.814265,2026-01-03 20:10:00,dropoff
LOC_04985,17.306226,74.240367,2026-01-23 13:14:00,delivery
LOC_03329,18.495218,73.846609,2026-02-13 03:13:00,commute
LOC_01531,16.709525,74.246757,2026-02-20 21:29:00,delivery
LOC_01411,16.688849,74.260303,2026-02-17 11:23:00,visit
LOC_04295,17.166469,74.027321,2026-01-31 18:06:00,commute
LOC_04649,17.487056,73.315025,2026-02-04 01:11:00,commute
LOC_00084,16.701946,74.256179,2026-01-23 04:07:00,pickup
LOC_00869,16.69974,74.266003,2026-02-05 06:07:00,visit
LOC_02351,16.733138,74.206137,2026-02-19 22:10:00,delivery
LOC_00021,16.703521,74.245231,2026-03-17 08:20:00,visit
LOC_03425,18.53311,73.852649,2026-02-09 02:34:00,pickup
LOC_02796,16.728602,74.196104,2026-03-16 06:19:00,commute
LOC_04573,20.079621,73.595371,2026-01-12 21:56:00,dropoff
LOC_01563,16.702518,74.255064,2026-01-06 18:43:00,dropoff
LOC_03094,18.514412,73.863031,2026-01-28 20:45:00,visit
LOC_03156,18.513759,73.86586,2026-01-14 17:47:00,dropoff
LOC_00974,16.710141,74.24977,2026-02-10 05:04:00,visit
LOC_01711,16.670529,74.217268,2026-02-22 17:28:00,delivery
LOC_03202,18.516038,73.856915,2026-02-03 22:28:00,commute
LOC_04372,16.532853,75.054608,2026-01-25 13:46:00,visit
LOC_04820,16.524948,74.395745,2026-03-30 17:28:00,delivery
LOC_01099,16.696654,74.249974,2026-01-20 18:33:00,visit
LOC_04162,16.751301,72.764966,2026-03-26 00:25:00,delivery
LOC_02845,16.733995,74.191039,2026-02-14 06:46:00,dropoff
LOC_00887,16.712688,74.260341,2026-02-06 19:09:00,commute
LOC_04932,18.49942,73.303564,2026-03-17 19:57:00,visit
LOC_03679,19.077674,72.869538,2026-03-30 14:31:00,dropoff
LOC_04581,18.753783,73.323043,2026-01-02 10:41:00,commute
LOC_03567,19.070818,72.867908,2026-02-28 21:03:00,commute
LOC_04402,18.680954,73.344935,2026-02-15 01:22:00,dropoff
LOC_00516,16.707757,74.246016,2026-03-17 20:18:00,commute
LOC_04621,17.550073,74.587605,2026-01-30 20:57:00,visit
LOC_00738,16.711456,74.250542,2026-02-17 23:49:00,commute
LOC_01454,16.707415,74.251782,2026-01-15 06:53:00,commute
LOC_03972,18.963434,72.913288,2026-03-02 04:33:00,visit
LOC_04701,19.747594,73.833719,2026-02-22 05:06:00,delivery
LOC_02507,16.718692,74.183464,2026-03-24 08:51:00,delivery
LOC_02995,16.731329,74.210455,2026-03-28 11:53:00,pickup
LOC_02127,16.674011,74.211732,2026-01-10 15:38:00,delivery
LOC_02927,16.740488,74.194586,2026-03-11 23:40:00,pickup
LOC_04746,17.89715,73.824208,2026-03-22 16:37:00,visit
LOC_00907,16.708483,74.261273,2026-01-26 05:56:00,dropoff
LOC_03648,19.091767,72.863986,2026-01-02 04:42:00,delivery
LOC_01031,16.694643,74.266042,2026-03-24 15:25:00,commute
LOC_02508,16.735025,74.208304,2026-03-22 06:09:00,delivery
LOC_02429,16.724619,74.196268,2026-01-07 07:18:00,commute
LOC_00948,16.707112,74.266931,2026-02-08 12:15:00,delivery
LOC_03807,19.069228,72.877738,2026-02-17 12:46:00,dropoff
LOC_04755,17.175596,73.01078,2026-01-18 19:03:00,pickup
LOC_00716,16.695273,74.237921,2026-03-09 05:45:00,delivery
LOC_04056,17.849066,74.048676,2026-01-19 08:54:00,pickup
LOC_00687,16.711326,74.248994,2026-02-15 14:03:00,pickup
LOC_00704,16.704544,74.240076,2026-03-23 00:11:00,delivery
LOC_03342,18.528359,73.853161,2026-03-24 05:06:00,delivery
LOC_02354,16.738777,74.19719,2026-02-06 04:29:00,commute
LOC_02258,16.681917,74.224053,2026-02-21 15:32:00,visit
LOC_03552,19.083121,72.892126,2026-01-18 20:29:00,visit
LOC_00474,16.706483,74.230497,2026-01-20 08:55:00,pickup
LOC_00022,16.699553,74.234937,2026-03-15 01:23:00,dropoff
LOC_02753,16.727556,74.197525,2026-03-06 07:19:00,dropoff
LOC_00886,16.701684,74.257365,2026-01-11 00:32:00,dropoff
LOC_02449,16.740472,74.199117,2026-01-03 14:16:00,visit
LOC_00918,16.703029,74.272483,2026-03-07 10:21:00,delivery
LOC_03758,19.097532,72.879609,2026-01-28 02:53:00,visit
LOC_03752,19.078013,72.907501,2026-02-04 02:29:00,visit
LOC_02240,16.689772,74.215146,2026-02-25 10:59:00,delivery
LOC_03845,19.073874,72.866214,2026-01-29 01:58:00,visit
LOC_03396,18.50926,73.847188,2026-03-12 14:12:00,delivery
LOC_01266,16.70024,74.250899,2026-01-27 09:41:00,commute
LOC_00484,16.709646,74.245161,2026-02-25 16:18:00,delivery
LOC_04338,19.014658,75.073914,2026-01-08 20:37:00,visit
LOC_02964,16.724518,74.187853,2026-01-12 07:51:00,visit
LOC_01220,16.68715,74.254835,2026-02-08 14:48:00,dropoff
LOC_00278,16.696101,74.242212,2026-02-27 07:12:00,commute
LOC_00989,16.707755,74.254193,2026-01-06 08:33:00,delivery
LOC_02085,16.666713,74.211944,2026-02-12 00:09:00,visit
LOC_01246,16.702053,74.260755,2026-02-11 16:10:00,dropoff
LOC_02383,16.733345,74.190693,2026-01-01 16:54:00,commute
LOC_00572,16.704456,74.241325,2026-02-17 17:45:00,commute
LOC_01436,16.7075,74.261213,2026-03-08 18:19:00,commute
LOC_00994,16.71461,74.26502,2026-01-29 11:33:00,visit
LOC_03931,19.858357,75.096007,2026-02-23 12:32:00,dropoff
LOC_03448,18.535793,73.854163,2026-03-13 20:02:00,visit
LOC_00586,16.720978,74.242332,2026-03-12 10:53:00,visit
LOC_03659,19.098177,72.867869,2026-02-08 11:39:00,pickup
LOC_02515,16.725143,74.215084,2026-02-26 22:38:00,delivery
LOC_01350,16.68735,74.257858,2026-03-03 10:10:00,commute
LOC_01008,16.689652,74.251675,2026-01-05 10:59:00,delivery
LOC_00675,16.711686,74.239604,2026-02-06 06:56:00,delivery
LOC_02413,16.734734,74.196946,2026-02-15 00:24:00,dropoff
LOC_02904,16.739619,74.201167,2026-02-19 09:33:00,visit
LOC_00448,16.702348,74.237709,2026-03-07 16:19:00,commute
LOC_03835,19.074884,72.869822,2026-02-23 06:16:00,commute
LOC_03759,19.067534,72.87119,2026-01-01 20:56:00,delivery
LOC_03704,19.085159,72.890712,2026-01-11 10:05:00,delivery
LOC_00360,16.70382,74.24538,2026-02-12 22:49:00,dropoff
LOC_02065,16.671531,74.22278,2026-03-02 17:48:00,dropoff
LOC_04450,17.669172,73.45043,2026-03-28 18:54:00,visit
LOC_03811,19.081824,72.883588,2026-01-09 22:00:00,commute
LOC_01691,16.675234,74.21779,2026-01-19 07:49:00,visit
LOC_04327,18.758569,74.922781,2026-03-05 11:31:00,dropoff
LOC_01549,16.700413,74.260054,2026-03-17 16:18:00,commute
LOC_01248,16.704314,74.25907,2026-02-26 17:18:00,visit
LOC_01986,16.671585,74.210327,2026-01-17 05:13:00,visit
LOC_00295,16.703105,74.243116,2026-01-06 01:40:00,visit
LOC_01548,16.710939,74.271203,2026-02-28 13:41:00,visit
LOC_02013,16.671416,74.217073,2026-01-24 15:56:00,commute
LOC_00589,16.706884,74.233021,2026-01-30 05:11:00,pickup
LOC_03330,18.482966,73.857962,2026-01-25 00:35:00,delivery
LOC_02404,16.723445,74.195798,2026-01-20 19:48:00,visit
LOC_02130,16.673349,74.230859,2026-01-25 03:03:00,delivery
LOC_04389,17.079375,74.448897,2026-03-15 02:12:00,delivery
LOC_02411,16.730004,74.212224,2026-01-01 12:45:00,pickup
LOC_02720,16.733234,74.207385,2026-02-25 03:15:00,delivery
LOC_00426,16.702136,74.243187,2026-03-29 08:44:00,visit
LOC_02583,16.741654,74.211424,2026-03-02 20:20:00,commute
LOC_01055,16.693788,74.243977,2026-03-19 15:11:00,dropoff
LOC_03967,19.958862,72.963246,2026-01-20 15:21:00,visit
LOC_04563,19.92735,73.083382,2026-02-04 06:13:00,visit
LOC_00557,16.698972,74.245047,2026-03-10 08:59:00,visit
LOC_04359,17.786404,73.216289,2026-03-29 19:26:00,dropoff
LOC_03939,17.432004,74.02813,2026-02-16 12:54:00,delivery
LOC_04713,16.814383,74.621878,2026-02-03 02:55:00,dropoff
LOC_02470,16.735333,74.191242,2026-03-31 09:35:00,commute
LOC_04711,18.87465,73.459871,2026-02-27 16:28:00,dropoff
LOC_00356,16.706863,74.237606,2026-02-14 11:10:00,commute
LOC_01194,16.695336,74.264416,2026-02-23 10:12:00,delivery
LOC_01717,16.674176,74.213856,2026-01-26 17:57:00,commute
LOC_03417,18.533085,73.852832,2026-01-17 07:44:00,visit
LOC_02605,16.731436,74.203616,2026-01-30 07:18:00,dropoff
LOC_04130,18.853708,72.792613,2026-02-13 18:10:00,pickup
LOC_02829,16.728515,74.186498,2026-03-26 01:35:00,commute
LOC_01705,16.680934,74.219618,2026-02-04 15:22:00,delivery
LOC_02864,16.734819,74.198074,2026-02-15 18:27:00,pickup
LOC_02619,16.738187,74.186653,2026-01-19 08:32:00,delivery
LOC_02401,16.732945,74.20987,2026-01-07 03:48:00,dropoff
LOC_02140,16.689705,74.215257,2026-02-19 13:42:00,delivery
LOC_03240,18.535448,73.854817,2026-01-17 22:52:00,dropoff
LOC_02384,16.734365,74.21145,2026-01-14 16:50:00,pickup
LOC_03219,18.513433,73.845904,2026-01-03 08:29:00,pickup
LOC_03936,18.394464,72.739861,2026-03-22 14:45:00,dropoff
LOC_01286,16.699813,74.263196,2026-01-20 23:18:00,pickup
LOC_03797,19.079982,72.874453,2026-03-28 18:58:00,pickup
LOC_04895,17.283856,75.080017,2026-03-17 17:35:00,dropoff
LOC_04469,18.803034,74.357747,2026-03-28 09:35:00,commute
LOC_02088,16.687907,74.223826,2026-02-02 15:21:00,visit
LOC_01890,16.668778,74.239553,2026-01-09 16:29:00,commute
LOC_04623,19.933975,74.078278,2026-02-25 20:08:00,delivery
LOC_01592,16.68449,74.254118,2026-01-03 07:08:00,delivery
LOC_01347,16.707829,74.264007,2026-02-16 03:07:00,dropoff
LOC_04432,18.827943,73.102237,2026-03-20 18:12:00,pickup
LOC_02163,16.678748,74.231529,2026-01-03 03:48:00,visit
LOC_02397,16.731308,74.198774,2026-03-18 08:34:00,delivery
LOC_04769,17.709132,72.559062,2026-01-17 23:01:00,delivery
LOC_02272,16.673564,74.236146,2026-03-11 03:38:00,visit
LOC_04491,19.058709,73.271537,2026-03-22 20:53:00,commute
LOC_03112,18.510612,73.84977,2026-01-05 16:32:00,commute
LOC_01138,16.707273,74.254455,2026-01-05 03:30:00,commute
LOC_03896,19.073107,72.849718,2026-01-30 18:33:00,pickup
LOC_00973,16.706166,74.250305,2026-02-07 15:36:00,delivery
LOC_00796,16.704019,74.243428,2026-03-22 14:17:00,commute
LOC_03021,18.507084,73.852756,2026-03-26 08:33:00,commute
LOC_01712,16.675858,74.233791,2026-01-20 00:56:00,pickup
LOC_03388,18.521479,73.837149,2026-03-14 11:26:00,pickup
LOC_00037,16.704088,74.25296,2026-03-16 12:15:00,delivery
LOC_00454,16.721616,74.249031,2026-02-15 21:14:00,dropoff
LOC_00914,16.707898,74.26919,2026-02-12 10:42:00,delivery
LOC_04082,19.065701,73.236954,2026-02-10 22:25:00,delivery
LOC_01200,16.704402,74.26452,2026-03-08 14:42:00,visit
LOC_01275,16.695134,74.255913,2026-02-17 16:26:00,delivery
LOC_02376,16.720098,74.190914,2026-01-01 11:51:00,dropoff
LOC_00038,16.698279,74.239549,2026-01-16 05:19:00,commute
LOC_00975,16.693143,74.263214,2026-01-17 18:27:00,commute
LOC_03196,18.51856,73.870596,2026-03-09 21:52:00,delivery
LOC_00984,16.696233,74.253955,2026-01-31 07:04:00,visit
LOC_03905,18.721678,72.981464,2026-02-15 10:05:00,pickup
LOC_04070,20.046904,73.753743,2026-01-17 22:09:00,delivery
LOC_01419,16.705255,74.28419,2026-02-26 14:52:00,pickup
LOC_03333,18.541961,73.85233,2026-03-21 12:51:00,pickup
LOC_01561,16.70322,74.259573,2026-03-09 22:45:00,pickup
LOC_00040,16.710205,74.229368,2026-01-20 01:25:00,delivery
LOC_01487,16.701626,74.264888,2026-02-16 03:44:00,visit
LOC_03884,19.073521,72.884995,2026-03-28 11:30:00,delivery
LOC_00170,16.704674,74.247958,2026-02-13 08:14:00,delivery
LOC_01356,16.701891,74.246101,2026-02-11 21:42:00,dropoff
LOC_02786,16.739826,74.200051,2026-02-21 17:26:00,commute
LOC_03633,19.074018,72.89623,2026-03-01 05:15:00,visit
LOC_04749,18.618069,73.396709,2026-01-12 19:37:00,visit
LOC_04005,17.186542,73.881164,2026-03-25 18:22:00,dropoff
LOC_02683,16.731554,74.196336,2026-02-15 22:21:00,delivery
LOC_04705,19.140897,74.14594,2026-03-08 23:48:00,dropoff
LOC_04026,19.594357,73.85825,2026-02-12 15:27:00,pickup
LOC_01641,16.693939,74.262179,2026-02-18 12:47:00,pickup
LOC_01291,16.686187,74.266575,2026-03-21 23:56:00,visit
LOC_01381,16.707115,74.239686,2026-03-01 11:52:00,commute
LOC_01934,16.684362,74.219992,2026-03-15 16:54:00,visit
LOC_00580,16.707908,74.248964,2026-02-01 00:50:00,visit
LOC_04221,19.99895,72.958181,2026-02-23 20:09:00,commute
LOC_03161,18.511805,73.893058,2026-01-01 12:18:00,dropoff
LOC_02031,16.675521,74.219015,2026-01-17 20:01:00,commute
LOC_00893,16.719122,74.265778,2026-03-06 12:23:00,visit
LOC_03952,19.892309,74.958076,2026-02-01 06:28:00,delivery
LOC_00781,16.70459,74.233241,2026-02-01 14:35:00,dropoff
LOC_00160,16.69552,74.246031,2026-02-17 13:54:00,visit
LOC_00003,16.711004,74.250269,2026-02-09 19:56:00,delivery
LOC_02264,16.665314,74.210296,2026-03-12 01:47:00,dropoff
LOC_03217,18.538964,73.850652,2026-03-06 17:16:00,commute
LOC_02110,16.686765,74.218154,2026-01-16 12:18:00,commute
LOC_00850,16.712752,74.244629,2026-02-08 08:05:00,visit
LOC_02738,16.746229,74.195016,2026-01-01 01:14:00,delivery
LOC_02467,16.740699,74.204561,2026-01-17 13:40:00,visit
LOC_03651,19.080026,72.873206,2026-02-14 03:12:00,commute
LOC_01597,16.698675,74.242781,2026-01-07 02:43:00,commute
LOC_01777,16.684558,74.197326,2026-02-02 09:02:00,visit
LOC_01914,16.684546,74.206224,2026-02-28 07:26:00,dropoff
LOC_01044,16.696818,74.269896,2026-02-19 00:57:00,visit
LOC_04714,18.057641,73.842424,2026-02-27 21:44:00,visit
LOC_01545,16.688182,74.251378,2026-02-28 20:13:00,pickup
LOC_02737,16.732604,74.20454,2026-02-21 19:43:00,pickup
LOC_03707,19.073791,72.868935,2026-01-13 18:37:00,pickup
LOC_04618,16.519725,73.109575,2026-02-22 10:38:00,delivery
LOC_00054,16.702443,74.255706,2026-03-16 10:52:00,delivery
LOC_01797,16.683686,74.217029,2026-01-07 09:14:00,visit
LOC_01912,16.685635,74.216808,2026-03-16 22:12:00,visit
LOC_02307,16.682588,74.212701,2026-03-28 00:46:00,commute
LOC_02554,16.719859,74.190832,2026-03-11 23:46:00,pickup
LOC_02801,16.733214,74.209759,2026-02-07 10:14:00,visit
LOC_04087,17.807403,74.02945,2026-03-15 16:20:00,commute
LOC_04128,20.048507,73.024085,2026-02-03 23:54:00,visit
LOC_00825,16.690105,74.241181,2026-02-16 17:55:00,delivery
LOC_04734,18.449036,74.322607,2026-03-06 10:26:00,visit
LOC_03179,18.527371,73.862285,2026-01-20 04:03:00,pickup
LOC_03402,18.513641,73.824995,2026-01-04 11:34:00,delivery
LOC_01390,16.690301,74.256465,2026-03-06 11:59:00,commute
LOC_03565,19.073389,72.852005,2026-02-23 23:16:00,visit
LOC_04877,18.115352,72.65973,2026-03-17 08:07:00,dropoff
LOC_00885,16.696423,74.250275,2026-01-04 10:47:00,delivery
LOC_03806,19.078905,72.871249,2026-03-20 05:29:00,commute
LOC_01608,16.698864,74.252663,2026-01-18 02:36:00,delivery
LOC_01595,16.693682,74.249016,2026-03-18 12:32:00,commute
LOC_00772,16.715874,74.243372,2026-01-09 01:49:00,visit
LOC_02612,16.735522,74.210221,2026-03-07 19:41:00,dropoff
LOC_04662,19.141677,74.957979,2026-01-13 09:46:00,commute
LOC_02274,16.689507,74.221129,2026-03-08 19:13:00,commute
LOC_01869,16.665283,74.224422,2026-02-16 20:42:00,commute
LOC_01086,16.692151,74.251008,2026-02-08 18:07:00,pickup
LOC_00011,16.712035,74.235144,2026-01-10 06:06:00,visit
LOC_03612,19.075979,72.886674,2026-01-01 23:49:00,visit
LOC_01326,16.703047,74.263178,2026-01-20 21:05:00,pickup
LOC_03391,18.521265,73.84232,2026-03-07 08:09:00,dropoff
LOC_01464,16.71105,74.242509,2026-01-01 19:57:00,delivery
LOC_00807,16.703942,74.246108,2026-02-14 08:29:00,commute
LOC_04261,18.673059,75.146406,2026-02-21 12:42:00,commute
LOC_03986,18.93606,74.701863,2026-03-05 01:14:00,visit
LOC_03772,19.056534,72.869605,2026-03-26 05:20:00,visit
LOC_02109,16.680292,74.206351,2026-03-23 00:31:00,commute
LOC_04236,17.263806,74.175465,2026-03-27 14:47:00,delivery
LOC_04957,19.723099,74.060828,2026-01-05 01:38:00,visit
LOC_02235,16.665905,74.207159,2026-03-25 00:26:00,dropoff
LOC_03212,18.516537,73.846409,2026-01-03 07:02:00,visit
LOC_00964,16.697679,74.246274,2026-01-18 10:35:00,pickup
LOC_03416,18.507687,73.837883,2026-01-04 12:00:00,commute
LOC_03754,19.070803,72.858414,2026-01-22 16:19:00,visit
LOC_00399,16.709241,74.241627,2026-01-15 14:41:00,visit
LOC_02633,16.724385,74.197735,2026-01-31 09:57:00,commute
LOC_04852,19.302852,73.436947,2026-01-11 20:48:00,dropoff
LOC_02997,16.739691,74.193107,2026-01-02 22:30:00,commute
LOC_00705,16.713393,74.231993,2026-02-08 15:04:00,visit
LOC_00432,16.708798,74.225635,2026-03-18 11:32:00,dropoff
LOC_00293,16.716772,74.226988,2026-03-30 16:27:00,dropoff
LOC_04868,18.36568,74.033665,2026-03-15 06:31:00,visit
LOC_00146,16.701677,74.245822,2026-02-19 02:55:00,visit
LOC_04394,16.694,75.009101,2026-03-02 20:13:00,commute
LOC_02034,16.681397,74.21638,2026-03-31 23:57:00,delivery
LOC_04284,19.637317,73.38271,2026-01-13 10:00:00,pickup
LOC_01166,16.678005,74.253407,2026-01-22 06:34:00,commute
LOC_03501,19.070776,72.881682,2026-02-04 13:11:00,visit
LOC_02051,16.687555,74.238766,2026-01-07 18:07:00,delivery
LOC_02625,16.729566,74.195389,2026-03-12 22:57:00,commute
LOC_04379,19.13594,74.738352,2026-02-26 13:42:00,visit
LOC_00340,16.70987,74.241872,2026-03-23 08:25:00,dropoff
LOC_03880,19.096585,72.865313,2026-01-17 00:28:00,visit
LOC_04633,17.627295,72.669802,2026-01-05 00:35:00,dropoff
LOC_02974,16.718028,74.205992,2026-02-24 16:23:00,delivery
LOC_00266,16.713102,74.243632,2026-03-13 20:38:00,delivery
LOC_02425,16.737248,74.19903,2026-02-22 00:48:00,delivery
LOC_01263,16.692573,74.249236,2026-03-23 22:38:00,visit
LOC_01772,16.683838,74.228432,2026-02-13 02:46:00,visit
LOC_03512,19.064081,72.87742,2026-01-27 20:50:00,delivery
LOC_00272,16.707532,74.243025,2026-02-19 06:07:00,pickup
LOC_00697,16.686437,74.228754,2026-01-10 02:14:00,delivery
LOC_00748,16.70913,74.244909,2026-01-24 19:28:00,visit
LOC_00245,16.722034,74.237752,2026-03-06 22:57:00,delivery
LOC_00318,16.699421,74.257414,2026-01-02 22:55:00,delivery
LOC_00477,16.713511,74.245343,2026-03-01 02:25:00,visit
LOC_02033,16.682459,74.225368,2026-02-10 02:19:00,commute
LOC_00958,16.694625,74.256735,2026-02-25 01:41:00,delivery
LOC_03817,19.077895,72.886875,2026-02-13 17:34:00,pickup
LOC_00814,16.700968,74.257386,2026-01-09 09:27:00,visit
LOC_04533,16.475541,75.06977,2026-02-18 00:06:00,delivery
LOC_01915,16.678709,74.226555,2026-03-08 01:18:00,dropoff
LOC_04603,20.113626,73.60848,2026-03-26 14:48:00,commute
LOC_03488,18.53707,73.851537,2026-01-25 04:59:00,visit
LOC_01298,16.685134,74.243673,2026-02-24 05:45:00,visit
LOC_04031,19.442986,73.724517,2026-02-12 15:03:00,dropoff
LOC_01805,16.675983,74.224685,2026-03-28 07:33:00,visit
LOC_00759,16.710117,74.241259,2026-02-01 16:56:00,commute
LOC_00251,16.702054,74.252041,2026-02-04 02:55:00,visit
LOC_02462,16.732022,74.187622,2026-02-24 15:30:00,delivery
LOC_00546,16.703727,74.257899,2026-02-16 23:15:00,visit
LOC_03242,18.522351,73.877049,2026-03-06 11:00:00,commute
LOC_00739,16.692041,74.23512,2026-03-12 08:57:00,dropoff
LOC_00311,16.714419,74.233503,2026-03-03 20:26:00,delivery
LOC_03781,19.067553,72.886689,2026-02-08 14:38:00,visit
LOC_02942,16.730065,74.22143,2026-01-17 04:03:00,commute
LOC_01132,16.691398,74.264698,2026-03-10 05:17:00,delivery
LOC_01450,16.694059,74.258403,2026-02-02 11:33:00,visit
LOC_04920,17.320409,73.260005,2026-01-20 17:38:00,dropoff
LOC_00016,16.698126,74.249648,2026-02-27 15:20:00,visit
LOC_03233,18.520598,73.852527,2026-01-02 15:38:00,pickup
LOC_02770,16.724272,74.19597,2026-02-28 04:19:00,visit
LOC_03469,18.5141,73.848794,2026-03-31 01:38:00,pickup
LOC_00921,16.71201,74.269856,2026-02-08 16:23:00,dropoff
LOC_03030,18.520409,73.865512,2026-03-17 23:23:00,delivery
LOC_01373,16.704403,74.274753,2026-03-31 02:16:00,delivery
LOC_03588,19.069658,72.880017,2026-03-31 18:11:00,pickup
LOC_02545,16.715431,74.200058,2026-03-20 08:50:00,delivery
LOC_03599,19.066975,72.86894,2026-03-27 17:17:00,dropoff
LOC_00039,16.698404,74.222986,2026-01-27 04:29:00,commute
LOC_00364,16.696532,74.237292,2026-01-21 04:44:00,commute
LOC_04102,18.497256,74.013396,2026-03-26 22:34:00,pickup
LOC_00183,16.701713,74.238997,2026-02-08 08:07:00,visit
LOC_03034,18.512346,73.835733,2026-01-18 21:52:00,dropoff
LOC_02984,16.708322,74.192168,2026-01-31 03:18:00,visit
LOC_01195,16.704963,74.245883,2026-01-09 21:50:00,visit
LOC_02853,16.730241,74.203082,2026-01-09 22:44:00,delivery
LOC_04543,18.963944,73.07806,2026-02-19 00:46:00,delivery
LOC_01122,16.686708,74.249147,2026-01-29 10:11:00,pickup
LOC_02236,16.677231,74.207362,2026-03-15 21:46:00,visit
LOC_02668,16.720654,74.174438,2026-01-21 04:51:00,pickup
LOC_03700,19.084319,72.874285,2026-03-05 02:45:00,pickup
LOC_03224,18.540011,73.861407,2026-02-17 16:56:00,visit
LOC_01183,16.710436,74.257035,2026-01-27 13:42:00,delivery
LOC_04185,18.477756,73.853042,2026-01-02 19:50:00,pickup
LOC_04294,19.423534,72.51057,2026-01-09 17:37:00,commute
LOC_00615,16.698547,74.250908,2026-01-09 06:26:00,commute
LOC_04909,18.073869,73.261148,2026-02-06 14:08:00,dropoff
LOC_01467,16.690477,74.258567,2026-01-02 18:59:00,dropoff
LOC_00402,16.706574,74.255134,2026-01-16 21:36:00,dropoff
LOC_03043,18.510903,73.839722,2026-01-04 22:52:00,pickup
LOC_00935,16.703895,74.262254,2026-03-30 05:17:00,dropoff
LOC_02420,16.734201,74.195896,2026-03-25 04:08:00,dropoff
LOC_04861,18.686701,73.8253,2026-01-09 05:25:00,delivery
LOC_04911,16.923118,74.563763,2026-02-04 03:24:00,visit
LOC_02642,16.740691,74.20147,2026-02-05 23:02:00,visit
LOC_04018,17.263584,74.666141,2026-01-08 06:49:00,delivery
LOC_00727,16.707261,74.243235,2026-02-07 10:16:00,dropoff
LOC_00827,16.705247,74.250908,2026-02-01 07:44:00,commute
LOC_01522,16.692933,74.248626,2026-02-23 14:16:00,visit
LOC_04857,18.869063,74.736966,2026-01-23 10:41:00,delivery
LOC_02931,16.735331,74.206955,2026-01-11 04:13:00,visit
LOC_00137,16.707508,74.231766,2026-01-30 18:13:00,delivery
LOC_03591,19.08881,72.868321,2026-01-24 19:11:00,commute
LOC_00629,16.696675,74.239875,2026-01-27 04:45:00,commute
LOC_00335,16.705262,74.242915,2026-01-12 08:31:00,dropoff
LOC_00391,16.686519,74.253216,2026-03-04 12:54:00,delivery
LOC_04388,17.594021,74.877112,2026-01-28 19:49:00,visit
LOC_04905,18.740009,74.394047,2026-02-15 00:20:00,commute
LOC_03833,19.108213,72.859109,2026-01-04 22:24:00,delivery
LOC_01818,16.678122,74.220302,2026-01-06 15:26:00,commute
LOC_00401,16.703563,74.250738,2026-01-08 11:42:00,commute
LOC_00711,16.704891,74.239864,2026-02-19 19:25:00,commute
LOC_01040,16.698486,74.260921,2026-02-13 10:16:00,visit
LOC_03990,19.080594,74.283903,2026-03-19 12:36:00,visit
LOC_03360,18.521787,73.859878,2026-01-06 05:39:00,commute
LOC_00047,16.711971,74.237592,2026-01-06 12:21:00,dropoff
LOC_01562,16.696564,74.268691,2026-01-18 17:26:00,pickup
LOC_04800,17.72467,75.060492,2026-02-15 06:02:00,visit
LOC_03643,19.091274,72.883271,2026-03-09 15:36:00,visit
LOC_03727,19.080642,72.864023,2026-03-08 12:36:00,delivery
LOC_04983,19.327962,74.496867,2026-01-30 14:57:00,visit
LOC_01113,16.691799,74.273783,2026-02-10 21:00:00,commute
LOC_02514,16.723544,74.187584,2026-02-24 08:35:00,commute
LOC_03609,19.082435,72.872717,2026-01-25 01:18:00,visit
LOC_01224,16.707281,74.265975,2026-01-28 03:09:00,commute
LOC_04061,18.172472,73.093143,2026-01-17 09:09:00,pickup
LOC_03024,18.508181,73.864282,2026-02-10 15:56:00,visit
LOC_02422,16.725047,74.2117,2026-03-13 01:51:00,visit
LOC_01509,16.699689,74.246419,2026-01-19 05:16:00,dropoff
LOC_01751,16.68117,74.228575,2026-01-08 08:19:00,pickup
LOC_04838,19.31217,74.927311,2026-01-20 04:29:00,dropoff
LOC_04097,19.008632,74.023842,2026-03-07 04:09:00,visit
LOC_01800,16.699582,74.230017,2026-02-19 08:28:00,visit
LOC_00339,16.714242,74.247904,2026-02-23 11:01:00,dropoff
LOC_00216,16.713022,74.242518,2026-01-21 18:16:00,visit
LOC_03664,19.077445,72.870735,2026-01-18 16:28:00,delivery
LOC_01342,16.700512,74.251611,2026-03-05 21:57:00,visit
LOC_00012,16.711222,74.231462,2026-02-12 20:26:00,dropoff
LOC_01521,16.694979,74.266123,2026-03-01 13:00:00,visit
LOC_03641,19.092081,72.908924,2026-02-20 23:44:00,visit
LOC_03938,17.05337,73.477383,2026-03-08 14:19:00,delivery
LOC_04428,19.725929,74.87863,2026-02-09 06:02:00,visit
LOC_03005,18.536116,73.869845,2026-01-12 03:03:00,visit
LOC_02865,16.734838,74.205872,2026-03-09 12:32:00,visit
LOC_03116,18.523976,73.854599,2026-03-04 07:44:00,pickup
LOC_04841,16.421125,74.612112,2026-02-23 19:25:00,pickup
LOC_02323,16.695315,74.222643,2026-03-04 20:03:00,visit
LOC_02572,16.726227,74.201482,2026-01-21 03:11:00,commute
LOC_02914,16.730727,74.194699,2026-03-03 05:32:00,commute
LOC_00102,16.715394,74.246614,2026-03-04 00:01:00,pickup
LOC_03550,19.052812,72.87534,2026-01-31 12:02:00,commute
LOC_01459,16.693389,74.275638,2026-02-21 09:10:00,dropoff
LOC_00172,16.708569,74.245528,2026-03-24 22:50:00,visit
LOC_00108,16.702288,74.260943,2026-02-21 04:40:00,visit
LOC_04197,18.22805,74.963768,2026-02-27 18:51:00,delivery
LOC_03570,19.075994,72.898314,2026-01-20 22:28:00,visit
LOC_04992,17.535638,74.977618,2026-03-30 07:24:00,delivery
LOC_04296,17.148999,73.125954,2026-03-17 13:56:00,delivery
LOC_04064,18.973153,74.508236,2026-01-27 15:06:00,dropoff
LOC_03862,19.081943,72.870502,2026-02-18 07:08:00,delivery
LOC_04123,17.18213,73.174474,2026-03-04 17:40:00,pickup
LOC_04630,17.422945,73.157266,2026-02-20 05:16:00,dropoff
LOC_00061,16.691537,74.236986,2026-02-06 20:09:00,visit
LOC_01241,16.706113,74.287632,2026-03-19 16:52:00,delivery
LOC_04638,18.864287,74.687534,2026-02-04 23:06:00,commute
LOC_01041,16.724254,74.257565,2026-03-15 07:43:00,pickup
LOC_04188,17.662363,73.345971,2026-02-12 04:53:00,pickup
LOC_02761,16.738076,74.199633,2026-02-17 03:41:00,commute
LOC_02121,16.669389,74.208947,2026-03-07 19:00:00,delivery
LOC_01525,16.716177,74.26582,2026-03-24 12:19:00,dropoff
LOC_03522,19.074473,72.884057,2026-01-13 12:03:00,visit
LOC_00154,16.70111,74.248071,2026-02-25 18:35:00,visit
LOC_02249,16.669026,74.220992,2026-02-06 06:08:00,delivery
LOC_00482,16.716466,74.234402,2026-01-22 18:04:00,pickup
LOC_04234,18.741173,72.680863,2026-02-17 21:41:00,commute
LOC_04306,17.649585,73.896554,2026-03-21 06:11:00,commute
LOC_03579,19.064809,72.879768,2026-01-03 12:12:00,visit
LOC_04126,18.060365,73.869867,2026-01-11 12:14:00,visit
LOC_03563,19.085656,72.864652,2026-03-05 07:38:00,delivery
LOC_03316,18.525903,73.877925,2026-01-17 08:28:00,dropoff
LOC_01763,16.678601,74.208399,2026-03-16 08:33:00,visit
LOC_03539,19.074909,72.874451,2026-01-16 14:27:00,commute
LOC_04804,19.337807,73.657909,2026-02-11 10:41:00,commute
LOC_00751,16.705092,74.242561,2026-03-27 00:43:00,visit
LOC_03620,19.083915,72.877092,2026-02-16 06:19:00,pickup
LOC_01786,16.679829,74.21811,2026-03-12 12:25:00,dropoff
LOC_04271,17.247573,73.27818,2026-02-19 02:57:00,delivery
LOC_03384,18.489955,73.843291,2026-03-31 14:00:00,delivery
LOC_04349,16.780507,73.080873,2026-01-10 16:46:00,visit
LOC_00406,16.702873,74.237972,2026-03-25 07:28:00,pickup
LOC_00758,16.71184,74.244562,2026-01-03 22:52:00,commute
LOC_02712,16.727039,74.208872,2026-01-15 05:55:00,commute
LOC_02671,16.733241,74.203182,2026-03-27 21:38:00,dropoff
LOC_03984,18.033154,74.542345,2026-01-19 17:56:00,visit
LOC_00098,16.697022,74.219555,2026-01-28 16:33:00,visit
LOC_01334,16.689766,74.269835,2026-02-14 21:28:00,commute
LOC_04452,18.986113,74.410385,2026-01-08 09:42:00,dropoff
LOC_02792,16.723409,74.204909,2026-03-22 18:57:00,delivery
LOC_02855,16.720433,74.194967,2026-01-14 22:00:00,visit
LOC_00187,16.706466,74.250889,2026-02-22 20:03:00,delivery
LOC_04004,19.084088,72.770807,2026-01-23 12:12:00,commute
LOC_02724,16.726467,74.195939,2026-02-15 00:42:00,visit
LOC_03584,19.066548,72.888334,2026-01-28 23:50:00,commute
LOC_02059,16.678866,74.218107,2026-03-30 13:19:00,commute
LOC_01320,16.700064,74.272984,2026-01-25 04:25:00,dropoff
LOC_00149,16.713528,74.244046,2026-03-28 11:35:00,visit
LOC_00029,16.708302,74.242173,2026-01-24 16:19:00,visit
LOC_04141,18.601642,73.105756,2026-03-10 22:16:00,commute
LOC_04010,20.001621,74.28024,2026-01-03 22:03:00,pickup
LOC_03364,18.514566,73.866633,2026-01-23 15:06:00,visit
LOC_00693,16.712616,74.244896,2026-02-11 10:07:00,delivery
LOC_02867,16.728076,74.195751,2026-03-13 21:04:00,dropoff
LOC_03777,19.078455,72.893614,2026-03-31 16:22:00,visit
LOC_01387,16.702124,74.254559,2026-03-01 01:36:00,commute
LOC_01846,16.681102,74.219741,2026-01-29 17:56:00,visit
LOC_04731,17.224425,74.443704,2026-03-17 05:54:00,dropoff
LOC_00130,16.697587,74.246551,2026-02-10 05:10:00,visit
LOC_01600,16.699596,74.248096,2026-02-17 05:33:00,visit
LOC_03630,19.082405,72.895671,2026-03-22 03:54:00,delivery
LOC_04504,16.876954,73.114413,2026-02-18 03:31:00,visit
LOC_00702,16.70304,74.237205,2026-01-20 05:52:00,visit
LOC_03983,18.326656,74.933536,2026-03-23 08:57:00,pickup
LOC_03029,18.53294,73.861499,2026-01-12 03:39:00,commute
LOC_02970,16.729987,74.203699,2026-03-30 17:52:00,commute
LOC_04357,19.758073,75.001457,2026-03-24 05:23:00,commute
LOC_01709,16.677773,74.218277,2026-02-27 02:44:00,delivery
LOC_02954,16.724411,74.205232,2026-02-27 19:37:00,pickup
LOC_00455,16.705555,74.240991,2026-02-19 00:38:00,visit
LOC_02869,16.726716,74.205087,2026-02-06 07:48:00,visit
LOC_02041,16.681167,74.2204,2026-03-02 10:42:00,visit
LOC_01773,16.691513,74.216532,2026-03-07 01:26:00,visit
LOC_02316,16.667959,74.214918,2026-03-21 19:46:00,commute
LOC_00610,16.709304,74.245859,2026-02-19 05:29:00,commute
LOC_00168,16.70808,74.240809,2026-02-16 09:53:00,commute
LOC_00731,16.708583,74.252517,2026-02-13 23:28:00,commute
LOC_04249,18.061112,72.920386,2026-02-11 08:53:00,commute
LOC_03359,18.527042,73.850625,2026-02-03 04:42:00,commute
LOC_02075,16.675883,74.217607,2026-01-28 18:13:00,dropoff
LOC_04040,20.092874,74.190497,2026-03-20 06:03:00,pickup
LOC_03701,19.079685,72.859864,2026-01-19 19:51:00,visit
LOC_01623,16.70729,74.260599,2026-01-14 14:14:00,visit
LOC_00588,16.6983,74.219355,2026-03-26 19:35:00,pickup
LOC_01402,16.705087,74.254221,2026-02-26 19:01:00,visit
LOC_03046,18.511711,73.855962,2026-01-18 23:55:00,visit
LOC_03225,18.531994,73.846518,2026-03-28 02:14:00,delivery
LOC_01701,16.679565,74.22131,2026-02-18 20:40:00,visit
LOC_03089,18.525482,73.864411,2026-03-07 18:30:00,pickup
LOC_04391,17.13997,74.63171,2026-03-07 21:00:00,commute
LOC_02982,16.733507,74.192236,2026-01-31 13:19:00,commute
LOC_00041,16.710946,74.236336,2026-01-12 23:38:00,visit
LOC_01380,16.696008,74.271268,2026-03-21 04:19:00,commute
LOC_02090,16.674907,74.20964,2026-01-02 18:32:00,visit
LOC_02176,16.676038,74.226075,2026-01-11 19:52:00,dropoff
LOC_03218,18.523885,73.859619,2026-02-02 13:11:00,pickup
LOC_02886,16.73186,74.184512,2026-03-23 06:47:00,commute
LOC_00075,16.706139,74.241671,2026-01-07 03:21:00,delivery
LOC_03910,19.731942,74.693709,2026-01-25 08:58:00,delivery
LOC_04965,17.819182,72.725764,2026-02-23 17:43:00,commute
LOC_02658,16.725468,74.189063,2026-03-23 20:33:00,commute
LOC_03181,18.513723,73.851615,2026-03-07 14:07:00,visit
LOC_02077,16.663516,74.195497,2026-03-02 09:28:00,visit
LOC_00442,16.707629,74.239488,2026-01-14 19:43:00,delivery
LOC_04052,19.157386,73.365416,2026-01-03 02:27:00,pickup
LOC_02052,16.677885,74.228473,2026-02-15 03:19:00,pickup
LOC_02542,16.729749,74.178266,2026-03-04 09:50:00,visit
LOC_03307,18.526974,73.865869,2026-02-05 16:50:00,visit
LOC_01302,16.694296,74.264325,2026-03-19 09:16:00,visit
LOC_01782,16.668363,74.218991,2026-01-09 05:34:00,visit
LOC_04815,19.743426,73.641047,2026-01-19 08:53:00,dropoff
LOC_03431,18.509309,73.86738,2026-03-21 19:47:00,dropoff
LOC_01305,16.690019,74.257941,2026-03-16 16:48:00,delivery
LOC_00237,16.687822,74.231815,2026-03-09 13:43:00,pickup
LOC_02600,16.736164,74.194118,2026-01-26 19:22:00,delivery
LOC_00521,16.697239,74.230882,2026-01-23 15:03:00,visit
LOC_02574,16.741072,74.203511,2026-02-16 12:33:00,commute
LOC_03281,18.520479,73.86066,2026-02-18 11:38:00,pickup
LOC_03187,18.516481,73.871352,2026-03-23 07:37:00,commute
LOC_02769,16.722265,74.201199,2026-03-28 00:54:00,delivery
LOC_00736,16.706265,74.230033,2026-02-16 17:24:00,dropoff
LOC_04704,18.878035,74.546305,2026-01-27 12:15:00,commute
LOC_04930,18.461015,72.642798,2026-03-29 05:57:00,dropoff
LOC_02107,16.659141,74.220008,2026-03-06 09:41:00,visit
LOC_02680,16.730238,74.207622,2026-02-12 09:27:00,visit
LOC_03230,18.502906,73.838261,2026-02-27 11:40:00,commute
LOC_02762,16.738828,74.194711,2026-01-16 18:36:00,visit
LOC_00593,16.71957,74.231875,2026-01-23 05:46:00,commute
LOC_01304,16.687874,74.271116,2026-03-18 02:11:00,delivery
LOC_01388,16.700716,74.258957,2026-02-13 15:30:00,dropoff
LOC_04696,17.017651,74.7609,2026-02-11 10:15:00,visit
LOC_04527,18.923335,74.716724,2026-03-01 09:11:00,visit
LOC_03948,20.165553,74.825489,2026-02-23 14:03:00,visit
LOC_01891,16.692759,74.198349,2026-01-14 18:00:00,commute
LOC_02988,16.743492,74.196856,2026-02-01 04:51:00,visit
LOC_04925,16.977281,75.132806,2026-01-29 04:18:00,delivery
LOC_03298,18.542479,73.857865,2026-01-05 05:42:00,delivery
LOC_00905,16.6963,74.238999,2026-01-03 04:25:00,dropoff
LOC_04610,16.730418,74.1321,2026-03-30 08:31:00,dropoff
LOC_01280,16.701807,74.269636,2026-02-22 14:27:00,delivery
LOC_00934,16.708733,74.271449,2026-03-29 23:24:00,delivery
LOC_04900,18.403052,74.479264,2026-02-05 23:36:00,commute
LOC_02309,16.676877,74.22982,2026-02-04 06:29:00,delivery
LOC_01556,16.698137,74.255025,2026-02-17 20:38:00,delivery
LOC_04534,16.938178,73.243747,2026-02-06 09:20:00,visit
LOC_03191,18.53585,73.85592,2026-02-16 18:12:00,delivery
LOC_04442,18.504708,72.76185,2026-03-28 01:57:00,dropoff
LOC_00707,16.697715,74.237171,2026-03-08 17:03:00,visit
LOC_04691,18.176696,75.180207,2026-02-07 20:12:00,commute
LOC_03071,18.534253,73.869062,2026-03-07 11:36:00,dropoff
LOC_00746,16.712447,74.24662,2026-03-25 11:45:00,commute
LOC_03595,19.051392,72.87878,2026-01-18 01:02:00,dropoff
LOC_01940,16.685637,74.216761,2026-01-05 08:28:00,commute
LOC_04401,18.024619,74.162116,2026-02-02 13:31:00,commute
LOC_02863,16.731505,74.191837,2026-02-11 15:34:00,commute
LOC_03997,17.97697,72.523547,2026-03-03 18:31:00,commute
LOC_00514,16.704311,74.249896,2026-02-16 19:21:00,pickup
LOC_00082,16.699705,74.246587,2026-01-14 19:37:00,delivery
LOC_04977,17.245941,73.067238,2026-03-27 01:25:00,dropoff
LOC_01309,16.699677,74.257252,2026-03-17 20:27:00,visit
LOC_04615,19.488436,73.360365,2026-01-26 03:36:00,pickup
LOC_00915,16.695466,74.254144,2026-03-07 15:55:00,commute
LOC_03453,18.504797,73.842844,2026-02-02 10:36:00,visit
LOC_03696,19.080406,72.9012,2026-01-11 04:12:00,pickup
LOC_04805,18.470348,72.725674,2026-03-10 17:28:00,dropoff
LOC_03157,18.522639,73.839246,2026-02-23 21:01:00,delivery
LOC_02199,16.682988,74.221674,2026-01-02 03:46:00,delivery
LOC_04233,17.407487,74.527332,2026-01-27 22:09:00,delivery
LOC_00775,16.705096,74.244539,2026-01-21 08:03:00,pickup
LOC_00330,16.700854,74.24634,2026-01-07 11:04:00,visit
LOC_02055,16.686254,74.204166,2026-02-21 11:55:00,dropoff
LOC_02002,16.68232,74.217888,2026-02-16 22:10:00,dropoff
LOC_00944,16.701607,74.260688,2026-01-27 17:23:00,delivery
LOC_00823,16.695703,74.244081,2026-03-14 06:09:00,pickup
LOC_04528,16.896469,74.447484,2026-01-25 20:45:00,commute
LOC_00910,16.718878,74.26214,2026-03-19 02:12:00,visit
LOC_02517,16.733837,74.197317,2026-03-30 03:17:00,visit
LOC_00182,16.706755,74.244622,2026-01-17 06:42:00,visit
LOC_00165,16.711708,74.23464,2026-01-11 19:12:00,pickup
LOC_01524,16.699489,74.251969,2026-01-21 02:51:00,commute
LOC_00452,16.70779,74.226325,2026-02-12 12:31:00,dropoff
LOC_02539,16.717572,74.192026,2026-03-28 10:58:00,commute
LOC_04138,17.428919,73.225385,2026-03-21 20:07:00,commute
LOC_04776,18.904535,72.751388,2026-03-16 10:53:00,dropoff
LOC_01312,16.701035,74.264431,2026-03-31 23:23:00,delivery
LOC_03150,18.526943,73.849952,2026-02-07 04:23:00,commute
LOC_01112,16.705633,74.265496,2026-03-03 14:37:00,visit
LOC_04548,17.040262,72.772316,2026-03-21 16:52:00,commute
LOC_04086,18.519536,73.826268,2026-03-19 18:10:00,pickup
LOC_03490,18.519161,73.840067,2026-03-30 16:30:00,commute
LOC_01288,16.687606,74.254179,2026-03-03 05:43:00,dropoff
LOC_04178,19.662626,73.6766,2026-03-03 10:38:00,visit
LOC_04646,19.396452,72.839409,2026-03-10 09:18:00,pickup
LOC_03681,19.080546,72.869185,2026-03-13 23:46:00,commute
LOC_04512,19.416954,74.386732,2026-02-25 22:40:00,visit
LOC_04169,17.244465,74.820964,2026-01-24 07:21:00,delivery
LOC_03301,18.508185,73.844578,2026-01-06 19:52:00,commute
LOC_03311,18.532569,73.88292,2026-03-05 23:29:00,commute
LOC_04557,18.837179,72.594079,2026-03-02 07:49:00,dropoff
LOC_03126,18.503095,73.850273,2026-03-28 19:02:00,commute
LOC_00328,16.704464,74.244189,2026-02-09 20:33:00,commute
LOC_01791,16.671704,74.223692,2026-02-14 17:16:00,commute
LOC_02491,16.728464,74.179828,2026-03-31 02:36:00,delivery
LOC_02007,16.696415,74.210124,2026-02-01 23:39:00,commute
LOC_02008,16.668406,74.232455,2026-02-08 05:02:00,pickup
LOC_01859,16.684231,74.222712,2026-01-20 22:21:00,pickup
LOC_04686,20.147469,75.056419,2026-01-21 10:59:00,delivery
LOC_00313,16.718951,74.240963,2026-01-01 21:49:00,commute
LOC_00833,16.695978,74.238698,2026-03-18 15:52:00,pickup
LOC_03080,18.524045,73.855077,2026-02-28 15:36:00,commute
LOC_04718,20.175229,73.246208,2026-01-10 09:57:00,pickup
LOC_03463,18.545004,73.838983,2026-03-05 03:02:00,pickup
LOC_01202,16.707515,74.253775,2026-01-30 21:34:00,visit
LOC_04392,17.284386,74.636314,2026-03-07 09:24:00,dropoff
LOC_03548,19.091891,72.88431,2026-01-21 07:00:00,delivery
LOC_04923,19.014695,74.033304,2026-02-20 18:13:00,delivery
LOC_02135,16.691286,74.211791,2026-01-20 00:52:00,visit
LOC_03452,18.517274,73.869665,2026-01-15 17:44:00,visit
LOC_02210,16.700575,74.215524,2026-02-03 00:39:00,dropoff
LOC_01902,16.679596,74.20683,2026-01-17 19:19:00,commute
LOC_01482,16.700628,74.263799,2026-02-22 09:28:00,commute
LOC_00778,16.708176,74.255724,2026-03-10 02:21:00,delivery
LOC_00800,16.705311,74.237447,2026-03-11 00:27:00,visit
LOC_03715,19.086899,72.86683,2026-02-26 15:36:00,delivery
LOC_03943,17.141763,74.451033,2026-03-05 01:33:00,commute
LOC_00055,16.701237,74.238022,2026-03-08 03:22:00,delivery
LOC_02973,16.728376,74.198185,2026-03-30 22:12:00,commute
LOC_03336,18.502825,73.844749,2026-03-25 01:54:00,dropoff
LOC_01921,16.681944,74.210144,2026-02-08 08:04:00,commute
LOC_03716,19.077905,72.876254,2026-03-16 12:59:00,delivery
LOC_04647,17.567014,73.258126,2026-03-24 18:11:00,pickup
LOC_00947,16.704183,74.281916,2026-02-15 01:54:00,visit
LOC_01702,16.688883,74.21197,2026-02-01 10:25:00,commute
LOC_03294,18.532325,73.849971,2026-02-27 22:35:00,pickup
LOC_02162,16.694466,74.221519,2026-03-24 18:11:00,commute
LOC_01137,16.70593,74.259859,2026-02-08 22:01:00,visit
LOC_00988,16.701233,74.257903,2026-01-24 08:03:00,delivery
LOC_02550,16.718586,74.20081,2026-03-06 22:44:00,commute
LOC_00194,16.716692,74.243815,2026-03-08 00:17:00,visit
LOC_03058,18.536436,73.857532,2026-03-15 18:39:00,delivery
LOC_03247,18.521169,73.839832,2026-03-18 07:26:00,delivery
LOC_01395,16.699666,74.263609,2026-03-19 18:32:00,dropoff
LOC_02638,16.721126,74.195283,2026-01-03 09:36:00,visit
LOC_00769,16.694761,74.245592,2026-01-31 18:02:00,delivery
LOC_04703,19.136827,73.948587,2026-03-11 22:04:00,delivery
LOC_03091,18.506513,73.838349,2026-03-18 16:00:00,dropoff
LOC_03496,18.517287,73.850814,2026-03-02 01:58:00,dropoff
LOC_03216,18.50932,73.839726,2026-02-01 02:18:00,commute
LOC_00286,16.701228,74.253308,2026-01-30 18:15:00,pickup
LOC_04939,18.260279,74.868901,2026-03-12 17:29:00,dropoff
LOC_00429,16.693943,74.24591,2026-03-13 00:58:00,visit
LOC_04449,17.947961,74.141744,2026-03-06 00:20:00,pickup
LOC_02333,16.67855,74.218509,2026-03-07 01:41:00,visit
LOC_02718,16.730026,74.197007,2026-03-01 07:43:00,visit
LOC_02080,16.673588,74.235099,2026-03-06 11:17:00,dropoff
LOC_03390,18.499802,73.83783,2026-02-02 22:40:00,delivery
LOC_00723,16.686754,74.245732,2026-01-21 08:49:00,visit
LOC_00952,16.692772,74.24917,2026-02-01 04:14:00,dropoff
LOC_04384,19.680401,73.965655,2026-03-30 13:56:00,delivery
LOC_04367,18.191832,74.915049,2026-01-05 06:44:00,dropoff
LOC_02263,16.667042,74.216323,2026-03-04 01:10:00,pickup
LOC_00990,16.709905,74.250276,2026-02-24 11:10:00,pickup
LOC_03213,18.526471,73.848525,2026-03-21 15:04:00,delivery
LOC_01760,16.681669,74.217554,2026-02-14 00:09:00,commute
LOC_04580,16.737711,73.063477,2026-01-05 13:16:00,visit
LOC_00327,16.692424,74.236904,2026-03-02 17:43:00,dropoff
LOC_02609,16.73807,74.199045,2026-01-16 22:18:00,dropoff
LOC_01384,16.706995,74.256717,2026-01-31 17:19:00,commute
LOC_01725,16.698181,74.219674,2026-03-29 03:39:00,pickup
LOC_01087,16.694214,74.263519,2026-02-12 03:04:00,commute
LOC_02524,16.735398,74.190651,2026-01-23 00:31:00,delivery
LOC_00342,16.707435,74.25106,2026-02-19 10:54:00,commute
LOC_03702,19.078238,72.859815,2026-01-04 17:13:00,visit
LOC_00148,16.703874,74.243969,2026-03-10 10:30:00,visit
LOC_00689,16.701329,74.235558,2026-02-06 01:06:00,commute
LOC_03433,18.491224,73.854123,2026-03-10 04:42:00,delivery
LOC_01108,16.708167,74.253296,2026-03-09 11:07:00,visit
LOC_00849,16.699342,74.229098,2026-03-24 12:11:00,dropoff
LOC_00967,16.703482,74.273314,2026-02-07 21:23:00,visit
LOC_04728,16.609712,72.515797,2026-01-19 11:03:00,visit
LOC_01493,16.703585,74.252615,2026-01-10 15:20:00,visit
LOC_03954,19.769473,72.990137,2026-03-27 08:10:00,dropoff
LOC_02204,16.679047,74.205064,2026-03-23 05:53:00,commute
LOC_02714,16.725067,74.197656,2026-01-10 12:27:00,commute
LOC_00662,16.704859,74.247385,2026-03-18 23:49:00,pickup
LOC_01003,16.708421,74.258152,2026-02-04 05:02:00,visit
LOC_00063,16.706302,74.247445,2026-01-28 16:16:00,delivery
LOC_00285,16.696117,74.24168,2026-02-08 04:00:00,commute
LOC_02225,16.66999,74.217519,2026-02-24 00:41:00,visit
LOC_04707,19.905859,72.985599,2026-01-16 10:51:00,pickup
LOC_01880,16.685563,74.216205,2026-03-01 05:41:00,dropoff
LOC_03573,19.05446,72.887287,2026-03-19 22:59:00,delivery
LOC_04858,18.236294,72.984228,2026-02-18 10:21:00,delivery
LOC_01204,16.724708,74.257187,2026-03-16 09:20:00,delivery
LOC_01991,16.681244,74.217597,2026-01-31 12:58:00,commute
LOC_00025,16.701573,74.227864,2026-03-29 10:06:00,commute
LOC_04853,19.362519,74.201739,2026-01-26 04:35:00,commute
LOC_04103,19.546779,75.051145,2026-03-23 04:48:00,pickup
LOC_04168,19.321512,74.243848,2026-02-06 15:46:00,delivery
LOC_00763,16.71092,74.242659,2026-03-24 02:53:00,commute
LOC_00876,16.693726,74.252749,2026-01-28 13:59:00,dropoff
LOC_04743,19.392711,74.084422,2026-02-01 12:53:00,delivery
LOC_00939,16.699424,74.258643,2026-03-21 01:52:00,commute
LOC_02688,16.727199,74.199173,2026-01-20 02:12:00,dropoff
LOC_03601,19.087909,72.90011,2026-03-20 03:16:00,dropoff
LOC_02395,16.738848,74.210364,2026-02-01 09:33:00,commute
LOC_04568,19.337346,73.145534,2026-03-22 05:09:00,dropoff
LOC_04981,18.17425,75.188451,2026-02-02 05:31:00,commute
LOC_04125,17.850473,73.489818,2026-02-17 02:41:00,commute
LOC_04565,19.793555,72.573204,2026-01-25 14:50:00,commute
LOC_00386,16.698647,74.23666,2026-01-10 06:02:00,dropoff
LOC_03878,19.072795,72.869203,2026-02-13 11:53:00,commute
LOC_04371,17.811696,72.894493,2026-01-16 00:32:00,dropoff
LOC_04570,18.78552,73.086353,2026-02-28 11:17:00,pickup
LOC_00537,16.70069,74.25299,2026-02-18 19:27:00,commute
LOC_02292,16.680278,74.217974,2026-01-29 18:57:00,dropoff
LOC_04666,19.773977,74.201744,2026-03-06 19:59:00,dropoff
LOC_03875,19.068465,72.879326,2026-01-03 17:32:00,commute
LOC_00937,16.699233,74.258896,2026-03-10 17:10:00,pickup
LOC_03738,19.062902,72.881038,2026-01-08 14:36:00,commute
LOC_04729,19.541788,74.808193,2026-03-27 08:14:00,visit
LOC_02361,16.725404,74.195821,2026-02-11 10:29:00,visit
LOC_03508,19.073457,72.883738,2026-03-31 06:15:00,dropoff
LOC_00202,16.71626,74.241367,2026-03-26 16:43:00,commute
LOC_03209,18.517365,73.867262,2026-02-13 20:47:00,visit
LOC_01333,16.700857,74.271262,2026-03-06 02:01:00,commute
LOC_03017,18.492345,73.846047,2026-01-23 19:41:00,dropoff
LOC_03503,19.069931,72.878816,2026-02-26 06:57:00,visit
LOC_02709,16.729701,74.195005,2026-02-24 16:12:00,commute
LOC_04022,19.933401,73.290126,2026-03-29 11:59:00,dropoff
LOC_01855,16.679174,74.224077,2026-01-16 02:51:00,visit
LOC_04470,17.839044,72.795181,2026-02-24 21:24:00,dropoff
LOC_02873,16.742063,74.188677,2026-01-23 04:10:00,dropoff
LOC_03031,18.532646,73.84731,2026-01-31 17:50:00,pickup
LOC_01206,16.703877,74.240651,2026-01-07 15:10:00,commute
LOC_01646,16.686666,74.238448,2026-02-19 10:25:00,visit
LOC_03418,18.515618,73.885201,2026-01-05 08:54:00,commute
LOC_03477,18.525581,73.847564,2026-01-03 13:42:00,visit
LOC_02862,16.732349,74.193578,2026-03-13 11:28:00,pickup
LOC_01793,16.67514,74.230092,2026-01-04 22:37:00,visit
LOC_03798,19.090366,72.897455,2026-03-18 05:44:00,commute
LOC_03369,18.528106,73.864784,2026-01-17 23:39:00,dropoff
LOC_03368,18.524585,73.866132,2026-03-22 07:37:00,pickup
LOC_03534,19.062757,72.863358,2026-01-02 10:40:00,visit
LOC_03450,18.549165,73.879542,2026-01-03 23:22:00,visit
LOC_00604,16.699979,74.239838,2026-03-30 06:58:00,pickup
LOC_03057,18.532828,73.857888,2026-02-06 17:59:00,visit
LOC_04532,17.640129,73.177444,2026-03-06 00:50:00,delivery
LOC_00127,16.716706,74.251837,2026-02-24 20:16:00,visit
LOC_03877,19.058354,72.886401,2026-01-13 22:43:00,dropoff
LOC_02936,16.723054,74.205749,2026-01-01 21:45:00,delivery
LOC_03532,19.068996,72.890784,2026-03-05 08:39:00,commute
LOC_02731,16.73517,74.186658,2026-02-08 02:47:00,commute
LOC_00828,16.704059,74.245916,2026-01-09 19:25:00,delivery
LOC_01640,16.6873,74.268463,2026-01-11 19:49:00,visit
LOC_00985,16.705915,74.260449,2026-03-05 21:54:00,commute
LOC_03282,18.529035,73.853135,2026-03-28 18:48:00,pickup
LOC_04972,17.383673,73.451852,2026-03-23 15:43:00,delivery
LOC_02189,16.675495,74.201159,2026-02-06 09:27:00,commute
LOC_04613,16.603343,74.545512,2026-01-22 17:11:00,commute
LOC_02444,16.741773,74.20569,2026-01-01 17:10:00,visit
LOC_00363,16.712999,74.241512,2026-03-08 15:18:00,commute
LOC_02350,16.685127,74.221328,2026-03-05 00:33:00,visit
LOC_00346,16.688494,74.258684,2026-01-19 06:01:00,visit
LOC_00815,16.699975,74.252531,2026-01-25 21:22:00,visit
LOC_03206,18.537181,73.855246,2026-01-31 17:50:00,pickup
LOC_04161,18.410241,74.092575,2026-03-24 04:07:00,visit
LOC_04796,18.960532,72.57446,2026-02-25 18:48:00,dropoff
LOC_03326,18.518933,73.854239,2026-02-22 05:18:00,commute
LOC_04107,17.45012,72.787413,2026-03-28 03:00:00,pickup
LOC_02117,16.693715,74.219709,2026-03-04 12:03:00,commute
LOC_01835,16.680421,74.218835,2026-01-12 23:53:00,commute
LOC_00794,16.70813,74.248187,2026-03-17 23:37:00,dropoff
LOC_04947,19.020182,72.915737,2026-02-15 16:56:00,pickup
LOC_02675,16.731641,74.191761,2026-02-07 06:03:00,visit
LOC_00095,16.691501,74.245315,2026-03-21 08:08:00,delivery
LOC_03757,19.080779,72.87678,2026-01-29 03:27:00,delivery
LOC_02892,16.727616,74.201314,2026-02-21 13:46:00,dropoff
LOC_02372,16.724244,74.20336,2026-01-27 02:11:00,commute
LOC_04150,18.288594,73.097493,2026-01-13 16:19:00,commute
LOC_04433,17.701373,73.584758,2026-03-17 01:10:00,dropoff
LOC_03229,18.526117,73.836807,2026-02-08 11:59:00,visit
LOC_02854,16.720115,74.199472,2026-01-09 14:44:00,visit
LOC_02913,16.73942,74.223673,2026-01-28 14:49:00,delivery
LOC_01866,16.686113,74.22159,2026-02-21 19:18:00,delivery
LOC_01858,16.681376,74.214766,2026-02-16 09:11:00,visit
LOC_02646,16.73614,74.189065,2026-03-15 18:41:00,delivery
LOC_02244,16.695587,74.214707,2026-01-27 22:26:00,delivery
LOC_02337,16.670962,74.224659,2026-02-24 17:43:00,pickup
LOC_00951,16.692526,74.254064,2026-01-07 15:32:00,delivery
LOC_03069,18.523931,73.848394,2026-01-04 18:15:00,dropoff
LOC_01121,16.700683,74.262895,2026-02-15 04:36:00,delivery
LOC_02598,16.733989,74.227487,2026-01-02 14:07:00,pickup
LOC_02205,16.685949,74.224484,2026-02-28 23:17:00,delivery
LOC_00420,16.715829,74.247748,2026-03-10 16:07:00,visit
LOC_00923,16.693902,74.258314,2026-02-04 10:38:00,visit
LOC_01255,16.678369,74.255522,2026-01-12 03:20:00,pickup
LOC_00478,16.695864,74.230289,2026-02-04 00:54:00,dropoff
LOC_02036,16.699568,74.213928,2026-03-10 14:25:00,pickup
LOC_01203,16.707808,74.274803,2026-03-02 20:53:00,pickup
LOC_02627,16.730371,74.191407,2026-02-09 00:29:00,visit
LOC_04819,19.770846,72.742796,2026-01-13 10:58:00,visit
LOC_01971,16.669245,74.213775,2026-02-18 22:31:00,commute
LOC_03111,18.52639,73.846409,2026-03-09 17:21:00,visit
LOC_04019,17.88034,74.710142,2026-02-17 12:59:00,dropoff
LOC_02152,16.68607,74.228367,2026-03-21 13:53:00,commute
LOC_03688,19.064496,72.889668,2026-02-11 01:36:00,commute
LOC_01998,16.672293,74.208813,2026-02-11 11:27:00,delivery
LOC_04034,16.491735,72.969546,2026-01-23 21:36:00,pickup
LOC_03055,18.5315,73.857244,2026-03-22 21:33:00,visit
LOC_01249,16.692664,74.246134,2026-02-25 05:17:00,commute
LOC_02193,16.680412,74.231662,2026-01-12 18:23:00,visit
LOC_02713,16.727432,74.209867,2026-02-12 12:54:00,pickup
LOC_00993,16.693727,74.251549,2026-01-15 11:44:00,visit
LOC_02191,16.677424,74.218236,2026-01-11 06:11:00,commute
LOC_03763,19.072716,72.876531,2026-02-28 15:56:00,delivery
LOC_03598,19.064798,72.887992,2026-03-29 01:09:00,pickup
LOC_01319,16.709827,74.256908,2026-02-17 02:10:00,visit
LOC_01864,16.67071,74.21855,2026-03-28 08:18:00,commute
LOC_02344,16.671887,74.219082,2026-01-06 17:45:00,delivery
LOC_02450,16.731493,74.193099,2026-02-13 09:09:00,dropoff
LOC_02137,16.688209,74.220423,2026-01-23 18:46:00,commute
LOC_01066,16.692992,74.252042,2026-03-01 07:02:00,delivery
LOC_04961,18.687642,73.708159,2026-02-21 16:33:00,pickup
LOC_02622,16.727008,74.178789,2026-02-09 16:03:00,visit
LOC_00078,16.706268,74.24631,2026-03-13 16:35:00,visit
LOC_02899,16.73962,74.197775,2026-02-28 15:44:00,commute
LOC_01315,16.700524,74.271039,2026-03-31 05:53:00,commute
LOC_04373,17.077521,74.437106,2026-02-05 02:06:00,delivery
LOC_00873,16.695328,74.264369,2026-03-03 15:54:00,commute
LOC_03851,19.063007,72.896285,2026-02-27 13:54:00,commute
LOC_04788,18.421908,73.672143,2026-02-20 23:00:00,commute
LOC_02966,16.732189,74.191987,2026-01-26 07:03:00,visit
LOC_03392,18.521171,73.84925,2026-02-22 04:19:00,commute
LOC_02561,16.723409,74.212439,2026-03-15 16:31:00,visit
LOC_04897,17.908708,72.50578,2026-02-28 01:53:00,visit
LOC_02636,16.736805,74.202753,2026-01-16 16:52:00,dropoff
LOC_03531,19.077608,72.887955,2026-03-26 04:19:00,visit
LOC_00376,16.723621,74.247192,2026-02-27 23:03:00,visit
LOC_01909,16.673997,74.224639,2026-03-31 22:40:00,commute
LOC_04333,19.444804,72.645487,2026-02-17 12:10:00,dropoff
LOC_04380,18.760496,73.392391,2026-03-03 12:40:00,pickup
LOC_04028,18.00416,74.736199,2026-01-28 16:08:00,dropoff
LOC_01605,16.698143,74.272813,2026-02-03 01:45:00,commute
LOC_01119,16.708015,74.260041,2026-03-25 19:24:00,dropoff
LOC_03678,19.071276,72.908788,2026-01-23 22:42:00,visit
LOC_03491,18.522086,73.849401,2026-03-08 01:18:00,commute
LOC_04865,16.663208,75.061379,2026-02-11 14:01:00,pickup
LOC_02959,16.727232,74.212146,2026-02-01 09:50:00,delivery
LOC_01995,16.685152,74.234978,2026-02-02 17:07:00,visit
LOC_04956,17.979167,73.800988,2026-01-15 06:56:00,commute
LOC_04356,18.017886,73.080794,2026-03-01 19:53:00,dropoff
LOC_02377,16.724542,74.201633,2026-02-12 08:38:00,visit
LOC_01343,16.697012,74.253984,2026-03-31 01:41:00,visit
LOC_00321,16.711259,74.233806,2026-01-10 05:38:00,visit
LOC_01620,16.70037,74.25155,2026-02-05 19:34:00,commute
LOC_03714,19.052865,72.87372,2026-03-18 07:23:00,visit
LOC_02061,16.687135,74.227363,2026-02-27 03:33:00,commute
LOC_02220,16.691889,74.222694,2026-02-19 21:37:00,pickup
LOC_01674,16.686948,74.233773,2026-01-26 04:53:00,delivery
LOC_00261,16.703095,74.254899,2026-02-10 09:46:00,commute
LOC_04418,16.952126,74.598702,2026-03-28 13:37:00,visit
LOC_02040,16.678286,74.216304,2026-03-22 21:43:00,pickup
LOC_00902,16.715729,74.258235,2026-03-31 17:19:00,visit
LOC_03745,19.086881,72.886363,2026-03-19 00:46:00,commute
LOC_02027,16.687988,74.207476,2026-02-12 04:40:00,delivery
LOC_01918,16.676033,74.234565,2026-01-13 01:53:00,visit
LOC_01829,16.680411,74.227067,2026-02-14 22:10:00,pickup
LOC_01574,16.689112,74.254573,2026-03-24 18:03:00,delivery
LOC_04395,16.529381,74.668785,2026-03-14 20:21:00,dropoff
LOC_04209,19.87232,73.29464,2026-01-15 19:59:00,pickup
LOC_00225,16.705724,74.235697,2026-02-02 09:35:00,delivery
LOC_00724,16.693027,74.242896,2026-02-24 14:06:00,dropoff
LOC_04486,17.217067,74.212839,2026-02-24 15:11:00,visit
LOC_01142,16.702076,74.259749,2026-03-15 07:54:00,dropoff
LOC_02763,16.726403,74.206908,2026-01-26 03:44:00,commute
LOC_00847,16.730431,74.239274,2026-03-19 11:59:00,visit
LOC_02552,16.72733,74.191055,2026-02-19 00:20:00,pickup
LOC_02929,16.732548,74.21585,2026-02-20 03:20:00,pickup
LOC_00118,16.705175,74.237062,2026-02-26 02:51:00,visit
LOC_00646,16.703864,74.234168,2026-03-25 17:01:00,visit
LOC_00004,16.712525,74.243249,2026-03-05 21:38:00,visit
LOC_04171,19.049239,74.525248,2026-01-20 04:46:00,pickup
LOC_00468,16.720498,74.246008,2026-02-11 18:04:00,delivery
LOC_00006,16.694583,74.243112,2026-02-27 04:48:00,visit
LOC_00920,16.690197,74.26767,2026-03-18 21:46:00,dropoff
LOC_02596,16.726913,74.198509,2026-02-24 17:43:00,delivery
LOC_01064,16.694841,74.258084,2026-01-25 12:34:00,pickup
LOC_02591,16.72712,74.204491,2026-03-18 08:31:00,delivery
LOC_00243,16.690938,74.249359,2026-01-31 16:19:00,commute
LOC_01161,16.691263,74.268508,2026-03-01 08:56:00,delivery
LOC_02871,16.736006,74.206379,2026-01-07 16:21:00,commute
LOC_03736,19.060558,72.883189,2026-01-20 04:08:00,commute
LOC_02398,16.719655,74.180582,2026-02-11 20:17:00,delivery
LOC_03518,19.07814,72.873663,2026-01-21 14:18:00,visit
LOC_03422,18.528875,73.877933,2026-02-23 05:56:00,dropoff
LOC_02564,16.725885,74.205243,2026-03-15 07:22:00,delivery
LOC_01606,16.698571,74.265996,2026-03-22 14:46:00,commute
LOC_04829,18.274487,72.634268,2026-01-25 18:48:00,visit
LOC_02325,16.689344,74.209529,2026-03-12 18:47:00,pickup
LOC_02710,16.727453,74.210251,2026-02-02 10:26:00,commute
LOC_04399,19.55119,73.863251,2026-01-30 05:07:00,pickup
LOC_01313,16.697135,74.258935,2026-01-30 01:14:00,visit
LOC_03449,18.532897,73.853252,2026-03-30 06:24:00,commute
LOC_03813,19.084226,72.858302,2026-02-27 20:45:00,commute
LOC_04656,16.918716,74.887769,2026-02-13 03:21:00,delivery
LOC_02363,16.720751,74.203377,2026-01-11 13:32:00,commute
LOC_01976,16.675731,74.225285,2026-01-04 10:58:00,dropoff
LOC_03515,19.088545,72.874129,2026-01-15 15:45:00,commute
LOC_01762,16.67351,74.232571,2026-02-04 14:08:00,dropoff
LOC_02740,16.732431,74.207011,2026-03-12 18:05:00,commute
LOC_04845,19.497058,74.7253,2026-02-23 19:57:00,pickup
LOC_02473,16.752029,74.207152,2026-01-01 10:41:00,visit
LOC_04008,19.470435,72.752778,2026-01-16 16:21:00,commute
LOC_01494,16.696987,74.250705,2026-03-23 23:02:00,visit
LOC_04207,19.582245,75.100151,2026-03-27 22:26:00,delivery
LOC_02159,16.680082,74.208788,2026-02-27 04:40:00,visit
LOC_01170,16.708652,74.258243,2026-02-18 15:38:00,visit
LOC_04517,17.224378,74.053192,2026-02-02 00:24:00,pickup
LOC_00233,16.707525,74.246461,2026-03-03 09:35:00,commute
LOC_00067,16.70221,74.25449,2026-03-26 11:48:00,pickup
LOC_01604,16.704179,74.254392,2026-01-18 20:02:00,commute
LOC_03284,18.528679,73.855573,2026-02-11 23:36:00,dropoff
LOC_03597,19.071196,72.893714,2026-01-18 16:54:00,delivery
LOC_00126,16.707855,74.234667,2026-03-03 10:23:00,delivery
LOC_01297,16.697918,74.246885,2026-03-10 10:23:00,delivery
LOC_01977,16.686645,74.219876,2026-02-23 05:47:00,pickup
LOC_04518,17.40176,74.840373,2026-03-16 05:30:00,dropoff
LOC_04482,19.905642,72.737633,2026-01-09 14:29:00,pickup
LOC_02076,16.67458,74.198704,2026-01-06 08:13:00,commute
LOC_03087,18.537019,73.860078,2026-02-26 00:57:00,visit
LOC_04346,18.422703,72.785582,2026-03-21 22:30:00,dropoff
LOC_03346,18.504266,73.841903,2026-02-27 04:11:00,visit
LOC_04465,19.205599,75.189757,2026-01-21 03:00:00,pickup
LOC_02798,16.734321,74.198726,2026-02-28 23:54:00,visit
LOC_00919,16.683642,74.257598,2026-03-13 12:12:00,visit
LOC_01647,16.7072,74.269943,2026-03-05 07:14:00,pickup
LOC_00365,16.704,74.221786,2026-03-08 00:59:00,commute
LOC_03288,18.51314,73.861881,2026-03-31 19:40:00,delivery
LOC_02126,16.684433,74.210371,2026-03-16 00:54:00,delivery
LOC_04124,19.264388,74.501401,2026-01-21 16:02:00,delivery
LOC_00526,16.70146,74.245916,2026-03-21 15:48:00,dropoff
LOC_00056,16.699889,74.259482,2026-02-22 05:19:00,visit
LOC_00639,16.709636,74.245627,2026-03-12 23:41:00,delivery
LOC_00303,16.711911,74.245181,2026-03-29 20:21:00,delivery
LOC_02767,16.730993,74.188614,2026-03-04 09:03:00,delivery
LOC_01277,16.697766,74.262693,2026-02-16 21:48:00,dropoff
LOC_02056,16.683928,74.199539,2026-01-17 22:34:00,commute
LOC_03645,19.078538,72.870768,2026-02-14 19:50:00,commute
LOC_04144,17.6919,74.637176,2026-01-17 06:55:00,visit
LOC_02879,16.719174,74.185102,2026-01-01 22:56:00,dropoff
LOC_04203,17.072118,74.662489,2026-01-15 00:16:00,pickup
LOC_02287,16.689175,74.231964,2026-01-17 09:51:00,delivery
LOC_02262,16.66573,74.216755,2026-03-30 16:58:00,visit
LOC_02297,16.672463,74.219315,2026-03-02 23:43:00,commute
LOC_01754,16.684061,74.228795,2026-01-15 04:30:00,pickup
LOC_01969,16.697065,74.209052,2026-02-01 22:54:00,visit
LOC_04352,19.757016,73.768403,2026-03-27 12:42:00,dropoff
LOC_03118,18.532952,73.870762,2026-03-05 00:22:00,commute
LOC_02394,16.725531,74.206418,2026-02-19 11:22:00,commute
LOC_00524,16.703469,74.230158,2026-01-11 10:20:00,delivery
LOC_03901,18.332114,73.071041,2026-01-03 03:38:00,dropoff
LOC_03123,18.525899,73.866976,2026-03-15 19:21:00,dropoff
LOC_04157,17.846776,74.529164,2026-03-08 12:06:00,dropoff
LOC_01970,16.679505,74.231786,2026-02-28 18:44:00,visit
LOC_00672,16.707179,74.221003,2026-01-28 03:01:00,visit
LOC_04189,18.622459,74.511816,2026-03-20 14:14:00,visit
LOC_00667,16.692075,74.237281,2026-03-24 01:38:00,commute
LOC_04339,17.061742,72.59848,2026-02-16 13:36:00,commute
LOC_01888,16.689933,74.205516,2026-02-11 12:47:00,visit
LOC_03267,18.542473,73.857372,2026-03-24 23:06:00,visit
LOC_00281,16.708841,74.235846,2026-03-03 01:43:00,commute
LOC_01720,16.680225,74.216642,2026-02-05 00:20:00,delivery
LOC_02948,16.732942,74.192301,2026-01-09 11:10:00,delivery
LOC_00900,16.709992,74.257447,2026-03-08 08:14:00,commute
LOC_04851,18.520274,72.772065,2026-02-19 12:39:00,delivery
LOC_00761,16.714997,74.245306,2026-01-25 13:35:00,delivery
LOC_01907,16.67557,74.224385,2026-01-28 20:39:00,commute
LOC_04043,17.416226,73.975802,2026-03-01 19:04:00,visit
LOC_03824,19.064802,72.882544,2026-01-21 06:36:00,visit
LOC_04139,17.74981,72.614864,2026-01-30 22:18:00,commute
LOC_03819,19.06074,72.891682,2026-01-10 06:28:00,delivery
LOC_04301,16.436984,74.048128,2026-03-30 00:19:00,delivery
LOC_02594,16.720727,74.1959,2026-01-18 05:49:00,visit
LOC_04165,20.167547,74.607472,2026-03-12 00:13:00,visit
LOC_03032,18.512348,73.839101,2026-03-17 17:58:00,delivery
LOC_03580,19.05409,72.878893,2026-01-28 21:41:00,delivery
LOC_02833,16.72401,74.20422,2026-03-31 17:30:00,dropoff
LOC_03473,18.498112,73.852378,2026-01-20 21:13:00,pickup
LOC_00138,16.711705,74.245648,2026-02-09 16:28:00,delivery
LOC_02181,16.688058,74.227609,2026-03-30 07:44:00,visit
LOC_02129,16.691924,74.211466,2026-01-19 02:33:00,commute
LOC_03178,18.521757,73.86974,2026-01-27 23:29:00,visit
LOC_04368,17.414608,73.150363,2026-01-07 19:51:00,pickup
LOC_04262,18.447291,72.831713,2026-02-21 10:04:00,visit
LOC_04345,19.052176,74.742572,2026-02-28 11:57:00,visit
LOC_01332,16.697273,74.252312,2026-03-13 07:34:00,dropoff
LOC_02018,16.674514,74.215017,2026-03-11 04:38:00,commute
LOC_02483,16.72701,74.192052,2026-01-25 19:33:00,dropoff
LOC_01359,16.706178,74.257044,2026-03-23 21:29:00,visit
LOC_01330,16.68716,74.2693,2026-03-21 23:46:00,delivery
LOC_02151,16.680164,74.218398,2026-01-29 11:37:00,commute
LOC_02123,16.676354,74.219261,2026-02-25 06:36:00,commute
LOC_03982,19.27079,74.808685,2026-01-06 15:53:00,visit
LOC_01253,16.693554,74.253289,2026-03-14 16:33:00,visit
LOC_03279,18.515928,73.852902,2026-03-12 20:44:00,commute
LOC_03375,18.514515,73.877026,2026-02-06 05:11:00,commute
LOC_02815,16.730765,74.218817,2026-01-01 07:21:00,visit
LOC_01849,16.67806,74.218878,2026-01-18 19:55:00,visit
LOC_03038,18.514867,73.880491,2026-02-23 15:27:00,visit
LOC_00389,16.70721,74.247946,2026-02-25 21:01:00,visit
LOC_00236,16.699767,74.239733,2026-02-22 10:04:00,dropoff
LOC_01078,16.705017,74.265955,2026-01-01 09:30:00,pickup
LOC_01985,16.675705,74.216369,2026-01-01 20:54:00,pickup
LOC_04364,18.779087,72.944974,2026-03-30 01:13:00,delivery
LOC_03963,19.021698,72.77758,2026-02-20 10:08:00,visit
LOC_00771,16.718832,74.247619,2026-01-30 10:14:00,visit
LOC_02166,16.669467,74.215618,2026-01-29 22:34:00,commute
LOC_00674,16.694465,74.241493,2026-01-03 19:06:00,delivery
LOC_00250,16.695627,74.252936,2026-01-19 08:20:00,commute
LOC_01575,16.715788,74.264101,2026-02-03 12:10:00,pickup
LOC_03420,18.544364,73.841777,2026-02-25 19:39:00,commute
LOC_02082,16.678365,74.209659,2026-02-16 02:57:00,commute
LOC_01824,16.678266,74.215807,2026-02-19 10:43:00,visit
LOC_00717,16.692492,74.233692,2026-01-31 23:00:00,commute
LOC_04669,18.419502,75.135354,2026-03-01 15:11:00,commute
LOC_02049,16.695988,74.21897,2026-02-12 07:04:00,commute
LOC_04179,16.488671,74.588476,2026-01-04 00:44:00,commute
LOC_02725,16.742409,74.218862,2026-01-10 14:38:00,visit
LOC_04522,18.93116,72.663981,2026-02-03 07:51:00,commute
LOC_01461,16.700907,74.262712,2026-01-20 00:14:00,pickup
LOC_01669,16.686126,74.224869,2026-01-16 08:39:00,commute
LOC_02757,16.72718,74.19246,2026-01-14 12:33:00,visit
LOC_02001,16.686364,74.220238,2026-02-10 05:06:00,commute
LOC_00405,16.709169,74.237197,2026-02-21 01:37:00,pickup
LOC_00385,16.69219,74.245616,2026-01-05 03:01:00,commute
LOC_04536,17.930789,73.872944,2026-03-10 13:58:00,commute
LOC_02153,16.680191,74.219759,2026-02-21 04:12:00,commute
LOC_01634,16.700568,74.259938,2026-01-21 07:07:00,visit
LOC_04587,18.78548,73.981799,2026-03-24 08:51:00,delivery
LOC_03926,16.997512,73.949297,2026-02-10 03:21:00,delivery
LOC_04159,17.390137,72.753935,2026-02-17 04:55:00,visit
LOC_00224,16.696325,74.230258,2026-03-18 11:25:00,pickup
LOC_02194,16.670824,74.222402,2026-03-27 11:50:00,dropoff
LOC_03137,18.515564,73.85526,2026-03-21 08:01:00,delivery
LOC_01825,16.684609,74.218117,2026-03-11 20:29:00,dropoff
LOC_04601,19.358738,73.544545,2026-02-25 04:53:00,pickup
LOC_00798,16.713474,74.252356,2026-02-09 02:11:00,commute
LOC_02872,16.730647,74.185008,2026-01-19 10:37:00,dropoff
LOC_00010,16.698176,74.248333,2026-02-17 20:17:00,pickup
LOC_01945,16.688207,74.216499,2026-02-03 04:21:00,commute
LOC_01839,16.692996,74.200001,2026-03-21 21:05:00,pickup
LOC_00256,16.711219,74.248606,2026-01-28 06:54:00,visit
LOC_04509,19.003606,73.457537,2026-01-10 08:58:00,pickup
LOC_01582,16.701094,74.263448,2026-02-27 03:37:00,pickup
LOC_02957,16.730442,74.198168,2026-02-16 08:55:00,delivery
LOC_00925,16.700106,74.257953,2026-02-07 18:13:00,delivery
LOC_04430,19.945343,72.845148,2026-02-07 05:29:00,pickup
LOC_02509,16.725942,74.198559,2026-02-04 13:53:00,commute
LOC_03776,19.075728,72.870635,2026-01-19 12:20:00,commute
LOC_04137,17.900842,74.911903,2026-01-08 13:30:00,dropoff
LOC_02780,16.743387,74.196639,2026-03-11 15:19:00,pickup
LOC_00540,16.698707,74.235673,2026-01-13 13:56:00,visit
LOC_02746,16.723833,74.197623,2026-01-04 22:59:00,commute
LOC_04499,19.053397,72.594369,2026-01-13 00:07:00,dropoff
LOC_04572,20.03327,72.902229,2026-02-28 03:42:00,pickup
LOC_01146,16.69325,74.258678,2026-02-06 18:34:00,dropoff
LOC_00668,16.708857,74.253496,2026-03-29 21:17:00,commute
LOC_03020,18.512772,73.859997,2026-02-02 19:00:00,commute
LOC_00358,16.707163,74.235964,2026-01-28 00:35:00,visit
LOC_02832,16.741972,74.1892,2026-01-23 17:49:00,dropoff
LOC_02784,16.720455,74.182316,2026-03-24 08:40:00,commute
LOC_01354,16.711694,74.253676,2026-01-11 20:26:00,visit
LOC_00471,16.707782,74.236916,2026-02-16 21:28:00,pickup
LOC_02704,16.718415,74.203382,2026-01-04 06:03:00,commute
LOC_03331,18.518819,73.829449,2026-02-24 08:52:00,visit
LOC_03638,19.08817,72.875704,2026-01-16 17:41:00,delivery
LOC_01397,16.708635,74.254724,2026-03-01 13:53:00,commute
LOC_03585,19.070245,72.876782,2026-01-03 04:43:00,visit
LOC_04487,18.080671,74.317233,2026-01-23 12:47:00,pickup
LOC_03377,18.526319,73.860672,2026-02-04 08:03:00,dropoff
LOC_01257,16.695805,74.270706,2026-01-26 14:03:00,pickup
LOC_03513,19.085279,72.842373,2026-02-27 23:15:00,commute
LOC_01251,16.703363,74.271636,2026-02-19 15:44:00,visit
LOC_04808,17.761113,73.344689,2026-02-19 10:06:00,visit
LOC_04299,18.624729,73.053269,2026-01-13 19:44:00,pickup
LOC_03285,18.502932,73.86332,2026-03-21 14:08:00,commute
LOC_02934,16.728829,74.20087,2026-01-02 09:27:00,delivery
LOC_04176,17.932246,73.240957,2026-03-03 18:56:00,dropoff
LOC_01853,16.669924,74.21434,2026-02-02 01:00:00,commute
LOC_04870,18.592154,73.514517,2026-01-06 12:47:00,delivery
LOC_02106,16.680273,74.216109,2026-03-11 09:58:00,visit
LOC_00134,16.703222,74.248885,2026-01-08 19:17:00,pickup
LOC_00929,16.702184,74.250998,2026-01-22 08:32:00,visit
LOC_00824,16.688067,74.2466,2026-02-24 05:12:00,pickup
LOC_04544,19.640737,74.374453,2026-01-19 00:20:00,commute
LOC_01532,16.694778,74.264231,2026-02-25 08:53:00,commute
LOC_01215,16.706905,74.25513,2026-02-09 11:50:00,visit
LOC_00505,16.681284,74.258304,2026-03-09 21:41:00,delivery
LOC_04286,18.008695,74.999667,2026-03-18 19:19:00,dropoff
LOC_01997,16.670776,74.234147,2026-03-15 09:40:00,visit
LOC_03073,18.514845,73.876611,2026-01-10 17:10:00,pickup
LOC_01959,16.682773,74.227345,2026-03-08 00:06:00,visit
LOC_01385,16.708651,74.273539,2026-03-18 10:26:00,visit
LOC_00895,16.693868,74.25863,2026-03-26 12:44:00,commute
LOC_00456,16.706282,74.223154,2026-01-29 02:22:00,dropoff
LOC_04880,18.38016,72.913391,2026-01-07 17:48:00,dropoff
LOC_03710,19.067202,72.858906,2026-01-06 07:33:00,visit
LOC_04619,19.5902,74.608417,2026-03-18 20:35:00,visit
LOC_04269,20.069433,74.755794,2026-01-18 22:42:00,commute
LOC_03523,19.070178,72.902064,2026-01-23 09:40:00,commute
LOC_04135,18.554019,74.784341,2026-02-27 19:44:00,delivery
LOC_03603,19.064862,72.903121,2026-02-22 05:34:00,dropoff
LOC_00714,16.704903,74.233825,2026-01-22 11:05:00,visit
LOC_04187,19.973087,73.350657,2026-02-13 04:29:00,delivery
LOC_02215,16.689862,74.211101,2026-02-21 08:45:00,visit
LOC_02924,16.727409,74.201447,2026-01-31 04:45:00,commute
LOC_01811,16.679592,74.221297,2026-02-18 22:37:00,visit
LOC_03487,18.512269,73.868408,2026-01-18 23:06:00,commute
LOC_03142,18.526592,73.859558,2026-02-22 03:23:00,pickup
LOC_01828,16.683636,74.230127,2026-01-04 02:26:00,visit
LOC_01156,16.69482,74.266927,2026-03-03 06:53:00,dropoff
LOC_01325,16.703002,74.26335,2026-01-06 03:53:00,delivery
LOC_04313,17.293909,74.063105,2026-03-09 23:07:00,dropoff
LOC_00511,16.692512,74.239978,2026-01-03 07:10:00,pickup
LOC_01681,16.688937,74.217425,2026-02-22 12:45:00,dropoff
LOC_00500,16.69304,74.242127,2026-01-31 13:49:00,visit
LOC_04537,19.429183,73.332989,2026-01-21 10:52:00,dropoff
LOC_01857,16.68473,74.215724,2026-03-09 04:33:00,visit
LOC_01389,16.698102,74.263311,2026-01-29 21:05:00,delivery
LOC_03720,19.061771,72.870729,2026-02-25 07:45:00,commute
LOC_02387,16.744064,74.201067,2026-01-05 13:11:00,dropoff
LOC_03237,18.530573,73.882288,2026-01-08 09:45:00,pickup
LOC_01541,16.713318,74.242734,2026-03-26 11:28:00,dropoff
LOC_01218,16.709082,74.254349,2026-01-25 17:51:00,dropoff
LOC_02682,16.730767,74.193488,2026-03-18 13:10:00,dropoff
LOC_02994,16.732805,74.189773,2026-02-02 00:50:00,pickup
LOC_01192,16.696042,74.253877,2026-03-23 19:22:00,commute
LOC_01543,16.694821,74.251838,2026-02-28 20:03:00,delivery
LOC_03302,18.532333,73.842855,2026-03-12 20:21:00,commute
LOC_03325,18.522674,73.862153,2026-03-21 03:52:00,pickup
LOC_02540,16.742026,74.191223,2026-02-28 16:14:00,delivery
LOC_00954,16.696391,74.260732,2026-03-13 10:07:00,visit
LOC_04331,18.445773,73.304984,2026-01-04 03:25:00,dropoff
LOC_00733,16.70939,74.247402,2026-02-17 09:47:00,delivery
LOC_01157,16.713154,74.265708,2026-03-19 19:51:00,dropoff
LOC_03295,18.526773,73.856117,2026-01-20 07:40:00,commute
LOC_02983,16.731266,74.196686,2026-02-20 05:46:00,visit
LOC_02157,16.674697,74.213944,2026-02-26 21:48:00,dropoff
LOC_01063,16.705413,74.256359,2026-03-02 21:08:00,dropoff
LOC_02617,16.737491,74.207238,2026-02-15 04:32:00,delivery
LOC_01168,16.697496,74.259248,2026-02-15 01:18:00,visit
LOC_03223,18.502807,73.857338,2026-01-03 23:00:00,pickup
LOC_03637,19.065142,72.865559,2026-03-22 05:03:00,pickup
LOC_02939,16.725547,74.203084,2026-03-01 01:56:00,commute
LOC_04492,17.687797,75.074723,2026-03-09 02:44:00,commute
LOC_03141,18.519068,73.868194,2026-01-07 03:49:00,visit
LOC_00144,16.707142,74.253518,2026-03-16 16:15:00,visit
LOC_03578,19.066001,72.865324,2026-03-29 22:05:00,delivery
LOC_02783,16.722088,74.215795,2026-01-02 21:49:00,visit
LOC_00718,16.710486,74.244296,2026-01-12 18:25:00,visit
LOC_01820,16.693648,74.233746,2026-01-11 17:10:00,delivery
LOC_02503,16.734531,74.189196,2026-02-25 16:10:00,delivery
LOC_04361,18.531533,73.222895,2026-01-07 03:05:00,commute
LOC_04172,20.081825,74.5304,2026-03-24 08:49:00,dropoff
LOC_00396,16.706106,74.243544,2026-01-21 02:57:00,commute
LOC_04837,16.726022,74.266215,2026-03-18 13:24:00,commute
LOC_04493,19.020472,75.048919,2026-03-28 02:40:00,dropoff
LOC_01366,16.7109,74.253605,2026-03-09 09:27:00,delivery
LOC_04559,17.326465,73.443294,2026-02-09 01:23:00,commute
LOC_00596,16.701611,74.24532,2026-01-26 15:11:00,delivery
LOC_03953,19.791827,72.896472,2026-01-03 23:04:00,delivery
LOC_02915,16.724081,74.183451,2026-02-25 18:01:00,pickup
LOC_02327,16.671776,74.218634,2026-02-19 18:27:00,commute
LOC_03767,19.070788,72.860195,2026-03-04 05:27:00,pickup
LOC_03441,18.538231,73.840234,2026-01-24 05:28:00,visit
LOC_03852,19.085361,72.865957,2026-01-22 03:39:00,delivery
LOC_04133,19.022947,74.312431,2026-01-07 14:01:00,dropoff
LOC_04592,17.20403,74.218326,2026-02-11 08:58:00,pickup
LOC_02144,16.677692,74.21326,2026-02-17 21:00:00,delivery
LOC_01572,16.704537,74.274285,2026-02-09 08:52:00,dropoff
LOC_04080,17.794841,73.692171,2026-02-05 04:08:00,dropoff
LOC_01123,16.685247,74.24766,2026-01-21 23:40:00,pickup
LOC_02787,16.734797,74.206525,2026-03-09 18:39:00,visit
LOC_02968,16.731053,74.198326,2026-01-02 01:46:00,delivery
LOC_02505,16.718824,74.204072,2026-01-22 14:12:00,visit
LOC_03466,18.485866,73.855764,2026-02-11 03:19:00,delivery
LOC_00676,16.707795,74.251631,2026-02-05 06:22:00,visit
LOC_02809,16.727237,74.187106,2026-02-23 13:19:00,commute
LOC_03349,18.516345,73.852035,2026-02-06 19:29:00,visit
LOC_00729,16.695879,74.225287,2026-03-03 15:52:00,dropoff
LOC_00413,16.699574,74.249366,2026-01-28 07:49:00,visit
LOC_03147,18.507906,73.870018,2026-02-06 04:43:00,visit
LOC_01517,16.694389,74.262491,2026-01-25 01:33:00,dropoff
LOC_00826,16.705233,74.23008,2026-03-19 02:49:00,commute
LOC_03268,18.533648,73.853008,2026-03-08 14:35:00,visit
LOC_03975,16.789268,74.622737,2026-01-09 20:58:00,pickup
LOC_00617,16.710711,74.232709,2026-01-18 02:33:00,visit
LOC_00115,16.705577,74.242715,2026-02-10 01:46:00,delivery
LOC_00418,16.715621,74.248297,2026-01-02 02:01:00,delivery
LOC_03070,18.526654,73.828433,2026-01-11 15:24:00,commute
LOC_01626,16.701828,74.258111,2026-01-21 16:02:00,commute
LOC_04951,18.138547,73.742362,2026-01-31 11:20:00,dropoff
LOC_04186,18.835395,73.96348,2026-03-08 13:17:00,commute
LOC_02897,16.739333,74.193857,2026-03-09 11:40:00,visit
LOC_04672,16.44426,75.137338,2026-03-06 00:41:00,dropoff
LOC_02083,16.694108,74.216643,2026-01-05 06:58:00,visit
LOC_00754,16.72139,74.231626,2026-01-22 14:56:00,visit
LOC_02547,16.717174,74.186866,2026-02-20 22:02:00,visit
LOC_03970,18.132924,73.666285,2026-01-29 19:44:00,pickup
LOC_03374,18.531585,73.874024,2026-01-21 01:42:00,commute
LOC_04108,20.173159,75.067145,2026-01-18 22:31:00,commute
LOC_02445,16.731219,74.204667,2026-01-06 10:53:00,visit
LOC_04381,18.413535,72.52582,2026-01-13 08:07:00,pickup
LOC_01067,16.695043,74.251645,2026-01-08 15:38:00,pickup
LOC_03914,17.421631,73.733663,2026-02-27 01:27:00,delivery
LOC_03499,18.517955,73.844345,2026-02-21 19:46:00,commute
LOC_02739,16.739685,74.197851,2026-01-28 21:47:00,commute
LOC_04001,19.793289,74.660476,2026-01-03 07:28:00,delivery
LOC_01569,16.701095,74.253464,2026-02-14 02:48:00,commute
LOC_02428,16.719151,74.189203,2026-02-06 09:08:00,pickup
LOC_03747,19.084665,72.877732,2026-01-05 23:22:00,visit
LOC_04640,16.793973,74.516472,2026-03-10 17:10:00,pickup
LOC_01688,16.65273,74.227231,2026-02-11 06:32:00,commute
LOC_00852,16.697643,74.258576,2026-01-15 00:15:00,visit
LOC_03547,19.061398,72.874437,2026-03-19 09:29:00,dropoff
LOC_00896,16.69032,74.246723,2026-01-05 04:34:00,pickup
LOC_04593,16.765596,73.915687,2026-02-21 12:46:00,commute
LOC_00336,16.695268,74.231989,2026-01-01 23:47:00,pickup
LOC_02840,16.724087,74.199977,2026-02-07 03:48:00,visit
LOC_03088,18.51547,73.84493,2026-02-01 14:55:00,dropoff
LOC_01349,16.699698,74.271725,2026-01-23 10:25:00,delivery
LOC_01016,16.694666,74.257469,2026-01-21 07:22:00,commute
LOC_02817,16.728937,74.183767,2026-01-03 02:14:00,visit
LOC_01632,16.722762,74.274354,2026-03-30 05:19:00,delivery
LOC_02490,16.733751,74.190608,2026-02-21 20:35:00,commute
LOC_03731,19.078832,72.868912,2026-01-13 00:52:00,commute
LOC_03252,18.517263,73.861463,2026-03-08 07:52:00,pickup
LOC_04635,17.272169,73.945785,2026-02-22 22:16:00,visit
LOC_02071,16.695696,74.225943,2026-01-12 15:44:00,delivery
LOC_04453,18.001577,72.660462,2026-02-14 06:39:00,dropoff
LOC_04883,18.618096,74.500931,2026-03-14 10:18:00,visit
LOC_01636,16.696096,74.252684,2026-02-07 22:50:00,delivery
LOC_02480,16.733255,74.194478,2026-01-17 05:44:00,dropoff
LOC_02266,16.669102,74.21344,2026-01-06 20:47:00,dropoff
LOC_02960,16.724479,74.187762,2026-03-17 15:23:00,dropoff
LOC_04732,18.147868,75.088373,2026-01-09 17:29:00,commute
LOC_03060,18.514322,73.854474,2026-03-15 03:55:00,dropoff
LOC_02142,16.681669,74.237105,2026-01-28 11:32:00,visit
LOC_03119,18.522227,73.870058,2026-01-11 13:18:00,commute
LOC_04726,16.458581,73.543477,2026-03-07 14:30:00,visit
LOC_04046,20.11324,73.358324,2026-02-17 18:05:00,dropoff
LOC_03357,18.508941,73.854001,2026-01-20 08:54:00,dropoff
LOC_02745,16.741897,74.185093,2026-03-15 03:46:00,commute
LOC_03507,19.08301,72.879875,2026-03-29 02:38:00,visit
LOC_01680,16.682597,74.222525,2026-01-29 00:35:00,dropoff
LOC_04250,19.204316,74.598179,2026-01-01 03:15:00,visit
LOC_03148,18.504871,73.859963,2026-01-27 03:22:00,dropoff
LOC_02295,16.693691,74.227488,2026-02-10 22:28:00,commute
LOC_00581,16.685721,74.240833,2026-03-18 21:15:00,commute
LOC_01471,16.70628,74.255281,2026-02-25 14:30:00,delivery
LOC_04071,18.808493,74.79431,2026-01-17 10:21:00,dropoff
LOC_03344,18.520834,73.830817,2026-03-19 04:07:00,visit
LOC_04584,17.135074,73.314843,2026-03-31 21:27:00,dropoff
LOC_03673,19.095265,72.880624,2026-01-13 02:34:00,commute
LOC_00560,16.69789,74.247106,2026-01-02 05:45:00,visit
LOC_02850,16.727849,74.204597,2026-02-23 12:46:00,commute
LOC_00513,16.705796,74.229134,2026-03-07 19:32:00,pickup
LOC_01082,16.694304,74.25714,2026-01-01 13:05:00,delivery
LOC_01665,16.683618,74.227205,2026-03-15 00:59:00,visit
LOC_01013,16.706236,74.249437,2026-02-22 23:48:00,commute
LOC_01932,16.684854,74.232923,2026-03-21 04:55:00,commute
LOC_01151,16.699642,74.259206,2026-02-06 12:52:00,pickup
LOC_02839,16.732006,74.206115,2026-01-27 07:42:00,visit
LOC_00117,16.706861,74.240953,2026-01-14 23:03:00,visit
LOC_00741,16.713014,74.231908,2026-02-10 10:41:00,dropoff
LOC_04807,19.508612,73.388804,2026-02-15 02:06:00,pickup
LOC_03676,19.0613,72.902513,2026-03-23 17:25:00,dropoff
LOC_00831,16.708167,74.230995,2026-03-30 02:19:00,dropoff
LOC_00120,16.703085,74.243277,2026-01-13 03:46:00,pickup
LOC_04854,19.774709,73.421986,2026-02-25 01:38:00,delivery
LOC_04739,19.137519,75.171956,2026-01-19 20:58:00,visit
LOC_00636,16.70271,74.236524,2026-03-27 02:05:00,commute
LOC_04466,19.931946,72.976319,2026-02-28 21:34:00,pickup
LOC_04365,17.457003,74.354944,2026-01-19 20:15:00,pickup
LOC_04143,16.810206,74.666248,2026-03-01 09:22:00,delivery
LOC_00992,16.707499,74.241282,2026-02-06 21:39:00,visit
LOC_00877,16.699,74.263679,2026-03-31 08:06:00,delivery
LOC_00005,16.689392,74.245229,2026-01-10 17:07:00,commute
LOC_03052,18.517601,73.870295,2026-03-18 03:20:00,visit
LOC_03125,18.513829,73.873786,2026-01-26 12:43:00,visit
LOC_02661,16.725733,74.204357,2026-03-17 16:29:00,commute
LOC_02492,16.742526,74.199422,2026-02-27 21:42:00,visit
LOC_03855,19.073312,72.867346,2026-01-09 15:32:00,commute
LOC_01716,16.672703,74.219773,2026-02-02 12:08:00,visit
LOC_01149,16.701487,74.260488,2026-02-11 04:48:00,delivery
LOC_03262,18.491054,73.870683,2026-03-10 17:52:00,pickup
LOC_00575,16.706519,74.244451,2026-01-14 01:02:00,visit
LOC_03770,19.090877,72.895438,2026-03-02 23:06:00,dropoff
LOC_03737,19.072211,72.903772,2026-01-26 08:56:00,dropoff
LOC_04147,17.66499,73.752128,2026-02-09 12:48:00,dropoff
LOC_00854,16.682975,74.258181,2026-03-03 18:02:00,delivery
LOC_01983,16.679229,74.219488,2026-03-03 09:15:00,dropoff
LOC_02775,16.715096,74.198128,2026-02-23 23:34:00,delivery
LOC_01167,16.699689,74.259402,2026-03-06 22:13:00,commute
LOC_00972,16.687431,74.256079,2026-01-14 09:01:00,commute
LOC_02702,16.731678,74.198559,2026-02-04 01:29:00,pickup
LOC_04496,16.569934,74.593802,2026-01-11 01:17:00,pickup
LOC_03848,19.086105,72.897281,2026-03-08 08:03:00,commute
LOC_02369,16.719104,74.198621,2026-03-26 03:11:00,commute
LOC_04116,17.907624,74.118777,2026-01-09 05:07:00,visit
LOC_04132,19.133312,73.581895,2026-02-10 23:24:00,delivery
LOC_02951,16.715409,74.193222,2026-02-22 09:44:00,visit
LOC_00525,16.716231,74.242806,2026-02-01 18:31:00,dropoff
LOC_02456,16.731243,74.201516,2026-03-14 10:08:00,pickup
LOC_01842,16.678772,74.220511,2026-03-22 20:11:00,visit
LOC_00538,16.714183,74.234307,2026-01-26 19:02:00,delivery
LOC_02807,16.744438,74.199494,2026-02-01 03:23:00,delivery
LOC_04342,18.112415,73.239953,2026-03-14 14:23:00,delivery
LOC_03176,18.526672,73.858897,2026-02-01 04:30:00,delivery
LOC_00785,16.705092,74.245265,2026-03-13 21:30:00,visit
LOC_04058,17.444412,74.42178,2026-03-31 17:01:00,pickup
LOC_01410,16.704086,74.26261,2026-02-26 20:24:00,commute
LOC_02538,16.729231,74.182063,2026-01-23 12:10:00,visit
LOC_00155,16.70457,74.243024,2026-03-06 22:19:00,delivery
LOC_03010,18.522005,73.861159,2026-01-01 11:21:00,pickup
LOC_01687,16.682574,74.216997,2026-01-03 02:35:00,commute
LOC_02902,16.72029,74.203322,2026-02-26 20:33:00,commute
LOC_04950,19.6352,72.674092,2026-02-15 19:05:00,pickup
LOC_03864,19.068926,72.871097,2026-02-04 16:59:00,visit
LOC_02734,16.731551,74.212562,2026-01-06 05:20:00,commute
LOC_01896,16.67932,74.226494,2026-01-26 10:44:00,commute
LOC_00570,16.706504,74.243224,2026-02-04 00:07:00,commute
LOC_01817,16.687178,74.214824,2026-01-19 12:33:00,commute
LOC_02066,16.663323,74.215842,2026-03-18 08:16:00,visit
LOC_00128,16.69549,74.239701,2026-01-07 15:59:00,visit
LOC_03395,18.515822,73.853774,2026-03-08 20:03:00,commute
LOC_03328,18.506843,73.83853,2026-02-09 17:00:00,commute
LOC_04987,18.953258,75.184991,2026-02-02 10:00:00,dropoff
LOC_02976,16.716186,74.216145,2026-03-28 07:21:00,commute
LOC_00981,16.69113,74.271253,2026-03-11 13:51:00,commute
LOC_02301,16.676396,74.217073,2026-01-31 18:42:00,commute
LOC_00191,16.718789,74.235362,2026-02-02 23:36:00,dropoff
LOC_01140,16.708909,74.260737,2026-02-11 15:16:00,commute
LOC_00700,16.703391,74.246164,2026-02-21 11:24:00,commute
LOC_04781,17.667928,74.465059,2026-01-31 13:36:00,commute
LOC_00607,16.711103,74.261397,2026-02-02 23:32:00,pickup
LOC_04277,17.620038,73.966298,2026-02-04 10:27:00,dropoff
LOC_00302,16.692729,74.250701,2026-01-02 21:41:00,delivery
LOC_03421,18.520274,73.859301,2026-02-11 16:03:00,delivery
LOC_04821,18.006653,75.165587,2026-02-12 14:26:00,dropoff
LOC_01061,16.704373,74.270722,2026-01-15 12:50:00,commute
LOC_02566,16.729898,74.198403,2026-01-17 07:02:00,commute
LOC_04995,16.761803,73.317351,2026-01-29 02:58:00,delivery
LOC_01070,16.708514,74.24749,2026-01-20 06:59:00,visit
LOC_02525,16.725478,74.191055,2026-02-15 14:05:00,dropoff
LOC_02206,16.693163,74.224257,2026-01-03 12:35:00,delivery
LOC_01244,16.688254,74.27136,2026-03-27 11:04:00,pickup
LOC_00017,16.70795,74.232263,2026-01-28 22:34:00,commute
LOC_03121,18.524846,73.846231,2026-02-14 21:44:00,visit
LOC_04643,17.6285,73.605698,2026-01-18 21:18:00,commute
LOC_00816,16.707492,74.23743,2026-03-01 01:27:00,commute
LOC_03068,18.517295,73.880012,2026-02-15 06:58:00,visit
LOC_04785,18.726505,74.137394,2026-01-08 21:47:00,commute
LOC_00960,16.709428,74.250283,2026-03-23 02:33:00,visit
LOC_00226,16.706826,74.244814,2026-03-31 21:28:00,visit
LOC_03355,18.528578,73.835326,2026-02-01 06:47:00,pickup
LOC_02486,16.736726,74.208434,2026-02-15 22:31:00,pickup
LOC_00563,16.705409,74.230457,2026-01-31 05:20:00,visit
LOC_03437,18.525476,73.854197,2026-01-19 12:18:00,dropoff
LOC_01694,16.68106,74.210114,2026-01-04 07:35:00,visit
LOC_01046,16.706685,74.270463,2026-02-07 08:39:00,pickup
LOC_03447,18.522835,73.863146,2026-02-18 23:58:00,dropoff
LOC_04566,18.761211,74.003315,2026-02-27 19:40:00,pickup
LOC_00955,16.690893,74.245023,2026-02-11 14:54:00,delivery
LOC_04986,16.799123,75.10048,2026-03-19 22:10:00,visit
LOC_02736,16.725392,74.192881,2026-02-08 02:49:00,pickup
LOC_04904,17.672817,73.177605,2026-03-30 14:52:00,visit
LOC_04736,20.019586,73.736506,2026-03-13 09:31:00,pickup
LOC_04824,18.530434,73.601983,2026-03-17 17:30:00,commute
LOC_01219,16.706191,74.254131,2026-03-04 04:07:00,pickup
LOC_01528,16.709816,74.25849,2026-02-12 09:40:00,commute
LOC_03988,17.912188,73.186397,2026-03-04 15:21:00,visit
LOC_01301,16.7066,74.244087,2026-03-05 02:36:00,commute
LOC_04892,18.01293,74.216344,2026-01-27 07:36:00,dropoff
LOC_00161,16.697279,74.233121,2026-02-27 18:48:00,commute
LOC_04068,19.714789,73.743726,2026-01-03 15:10:00,visit
LOC_00957,16.696204,74.260083,2026-01-24 14:58:00,pickup
LOC_03792,19.07712,72.887495,2026-03-01 07:28:00,commute
LOC_03235,18.508298,73.840157,2026-02-27 03:58:00,commute
LOC_02870,16.73029,74.180826,2026-02-14 22:35:00,commute
LOC_03778,19.067697,72.887789,2026-03-08 20:06:00,commute
LOC_04434,19.917157,74.269801,2026-03-10 08:28:00,delivery
LOC_02962,16.730364,74.203309,2026-01-10 11:24:00,pickup
LOC_02201,16.684295,74.210651,2026-03-25 07:02:00,visit
LOC_00099,16.708198,74.246063,2026-03-09 17:45:00,pickup
LOC_02558,16.744386,74.19492,2026-01-11 15:20:00,commute
LOC_03184,18.528527,73.873879,2026-02-12 15:18:00,commute
LOC_00254,16.697105,74.247157,2026-03-16 22:55:00,visit
LOC_03924,18.096285,72.64898,2026-03-06 15:07:00,delivery
LOC_04200,17.354258,74.478261,2026-03-27 08:41:00,dropoff
LOC_01446,16.712844,74.25285,2026-03-19 06:44:00,visit
LOC_01649,16.710395,74.253447,2026-03-30 03:24:00,commute
LOC_04683,18.385919,72.54785,2026-01-27 12:34:00,dropoff
LOC_04724,19.403638,73.541694,2026-03-10 23:58:00,commute
LOC_03992,19.623102,74.889764,2026-03-10 01:51:00,commute
LOC_01697,16.67916,74.240748,2026-03-29 02:11:00,delivery
LOC_03192,18.527318,73.837816,2026-01-07 03:30:00,delivery
LOC_04500,17.812317,74.089914,2026-02-15 01:50:00,visit
LOC_01155,16.702736,74.263006,2026-01-19 12:40:00,dropoff
LOC_02256,16.676517,74.221576,2026-02-16 03:15:00,visit
LOC_01683,16.673021,74.219826,2026-03-17 00:40:00,delivery
LOC_03171,18.515918,73.852971,2026-03-10 13:58:00,commute
LOC_02057,16.690288,74.216806,2026-02-03 00:19:00,commute
LOC_04091,19.262094,73.636165,2026-02-27 00:27:00,visit
LOC_03109,18.513846,73.861717,2026-02-07 12:25:00,delivery
LOC_04549,19.500066,73.274399,2026-01-24 16:46:00,visit
LOC_03724,19.070451,72.866531,2026-03-08 11:07:00,dropoff
LOC_02050,16.688014,74.211956,2026-01-03 03:56:00,commute
LOC_03644,19.065438,72.872157,2026-02-21 14:59:00,commute
LOC_04928,18.07105,74.009183,2026-03-10 09:21:00,dropoff
LOC_00624,16.700043,74.224917,2026-01-30 03:37:00,visit
LOC_00263,16.706857,74.233782,2026-03-24 17:43:00,pickup
LOC_03370,18.528661,73.867462,2026-01-22 12:25:00,delivery
LOC_04062,18.593921,74.208405,2026-03-14 04:43:00,commute
LOC_01803,16.669765,74.216334,2026-01-06 15:33:00,delivery
LOC_04737,16.73582,74.786312,2026-03-08 19:58:00,pickup
LOC_04993,17.157826,74.743581,2026-03-12 23:55:00,visit
LOC_02386,16.720293,74.186798,2026-02-10 07:28:00,visit
LOC_01960,16.692955,74.219196,2026-03-28 00:34:00,dropoff
LOC_02977,16.734944,74.193927,2026-02-25 13:09:00,commute
LOC_00489,16.698188,74.264686,2026-01-09 13:15:00,delivery
LOC_01844,16.682512,74.224662,2026-02-05 02:12:00,commute
LOC_01735,16.672307,74.215526,2026-02-26 20:24:00,pickup
LOC_02912,16.725426,74.19545,2026-02-13 18:46:00,pickup
LOC_03220,18.518884,73.861907,2026-03-27 08:59:00,pickup
LOC_00147,16.700103,74.249135,2026-01-04 08:13:00,delivery
LOC_01987,16.678129,74.233881,2026-03-26 01:30:00,dropoff
LOC_01370,16.687638,74.24983,2026-03-24 20:03:00,pickup
LOC_02812,16.725973,74.200334,2026-02-15 03:00:00,commute
LOC_00660,16.70241,74.244059,2026-01-26 03:41:00,visit
LOC_01795,16.6777,74.229361,2026-03-20 13:36:00,commute
LOC_02512,16.730979,74.202912,2026-01-02 19:35:00,pickup
LOC_03398,18.533929,73.870292,2026-01-16 11:09:00,commute
LOC_04283,17.607718,74.141077,2026-03-27 00:30:00,delivery
LOC_01148,16.706979,74.258584,2026-02-23 12:33:00,commute
LOC_03273,18.517403,73.838901,2026-03-05 19:10:00,visit
LOC_00609,16.691515,74.257283,2026-03-28 09:15:00,commute
LOC_03583,19.077416,72.876623,2026-01-27 12:57:00,pickup
LOC_01931,16.686912,74.2094,2026-02-04 22:32:00,visit
LOC_00198,16.701843,74.247341,2026-02-21 07:09:00,commute
LOC_02932,16.729816,74.204319,2026-03-29 21:12:00,visit
LOC_02328,16.685773,74.223038,2026-02-21 12:51:00,commute
LOC_04390,20.071441,72.597276,2026-02-12 09:04:00,dropoff
LOC_00767,16.705669,74.266314,2026-03-30 05:16:00,commute
LOC_04497,19.34018,72.787939,2026-01-28 00:18:00,visit
LOC_04219,19.636167,73.00275,2026-03-29 13:37:00,pickup
LOC_03256,18.543537,73.851592,2026-01-31 15:11:00,delivery
LOC_00203,16.705725,74.243877,2026-03-29 00:17:00,delivery
LOC_03511,19.077442,72.888084,2026-03-07 21:31:00,visit
LOC_01734,16.676982,74.22779,2026-01-26 15:42:00,visit
LOC_02778,16.730254,74.193462,2026-03-09 08:22:00,commute
LOC_01708,16.675206,74.218019,2026-01-25 21:52:00,delivery
LOC_03475,18.51424,73.849221,2026-03-22 14:19:00,visit
LOC_00855,16.691855,74.256026,2026-03-15 22:54:00,visit
LOC_04738,18.591582,72.693039,2026-03-22 09:59:00,commute
LOC_04098,19.865585,72.651652,2026-01-20 09:12:00,delivery
LOC_02161,16.679201,74.220924,2026-03-20 20:27:00,delivery
LOC_00699,16.697679,74.24741,2026-01-06 00:19:00,delivery
LOC_04948,18.535232,74.453643,2026-01-06 22:46:00,visit
LOC_03000,16.727206,74.192913,2026-01-15 21:08:00,pickup
LOC_03697,19.09914,72.877269,2026-03-23 22:13:00,visit
LOC_01637,16.712356,74.262406,2026-02-14 00:03:00,dropoff
LOC_03458,18.524619,73.833055,2026-02-04 11:45:00,pickup
LOC_03582,19.064128,72.868167,2026-02-20 18:52:00,commute
LOC_01292,16.693635,74.26461,2026-02-02 17:05:00,visit
LOC_04660,18.386728,74.172668,2026-02-09 06:00:00,visit
LOC_01854,16.672343,74.219084,2026-01-23 22:18:00,commute
LOC_03764,19.054762,72.88292,2026-01-03 11:03:00,visit
LOC_03305,18.494768,73.839562,2026-01-22 16:06:00,visit
LOC_04913,19.226714,72.980126,2026-01-15 12:38:00,visit
LOC_03744,19.064859,72.871637,2026-01-16 05:41:00,visit
LOC_03446,18.524084,73.852595,2026-02-23 21:32:00,dropoff
LOC_01999,16.671329,74.224145,2026-02-03 22:12:00,visit
LOC_00664,16.702261,74.22702,2026-02-05 02:09:00,delivery
LOC_04780,16.529359,72.569025,2026-03-08 17:21:00,commute
LOC_03749,19.073221,72.891056,2026-02-06 17:01:00,delivery
LOC_04414,18.577781,74.893862,2026-02-08 07:43:00,visit
LOC_04745,19.138226,73.081356,2026-02-12 21:45:00,dropoff
LOC_00710,16.71018,74.241834,2026-02-14 12:20:00,delivery
LOC_01283,16.694649,74.278847,2026-01-27 06:38:00,commute
LOC_02676,16.716935,74.203274,2026-01-01 18:45:00,commute
LOC_04030,17.261527,72.632952,2026-02-02 22:39:00,commute
LOC_01307,16.713369,74.267102,2026-01-10 17:38:00,dropoff
LOC_02238,16.668424,74.218595,2026-03-15 00:09:00,commute
LOC_03303,18.533952,73.857428,2026-01-05 08:11:00,commute
LOC_02039,16.677811,74.222796,2026-01-02 11:24:00,visit
LOC_01530,16.705815,74.259575,2026-02-01 18:53:00,dropoff
LOC_01664,16.665132,74.221645,2026-01-07 12:47:00,dropoff
LOC_04935,18.590433,73.729743,2026-03-05 11:08:00,pickup
LOC_04954,17.05173,72.791378,2026-03-03 01:38:00,dropoff
LOC_03628,19.098654,72.866312,2026-03-28 23:14:00,delivery
LOC_02694,16.735494,74.202951,2026-01-19 21:44:00,dropoff
LOC_03061,18.532884,73.840333,2026-03-31 20:06:00,commute
LOC_01598,16.691504,74.261923,2026-01-05 04:16:00,commute
LOC_02730,16.734449,74.208059,2026-01-06 09:27:00,visit
LOC_02626,16.734249,74.196558,2026-01-28 23:31:00,delivery
LOC_03158,18.501801,73.861859,2026-01-28 21:35:00,dropoff
LOC_03315,18.526692,73.877768,2026-03-02 01:13:00,dropoff
LOC_01723,16.672053,74.220944,2026-01-18 20:49:00,visit
LOC_01060,16.699587,74.270476,2026-02-15 15:49:00,dropoff
LOC_04637,17.250313,72.945829,2026-01-01 21:45:00,pickup
LOC_03243,18.523845,73.85033,2026-03-31 13:28:00,visit
LOC_01679,16.683105,74.226403,2026-01-29 22:21:00,dropoff
LOC_01758,16.67569,74.201234,2026-02-21 18:52:00,visit
LOC_04192,19.68719,74.268536,2026-01-03 13:09:00,delivery
LOC_00564,16.698876,74.253087,2026-02-11 02:08:00,visit
LOC_02791,16.723976,74.194047,2026-03-02 06:13:00,dropoff
LOC_00864,16.700227,74.25948,2026-02-06 18:23:00,delivery
LOC_01485,16.716259,74.256957,2026-01-06 09:13:00,pickup
LOC_00207,16.698254,74.244199,2026-01-18 13:41:00,delivery
LOC_04489,16.874545,74.654581,2026-03-10 11:53:00,delivery
LOC_00871,16.699574,74.249249,2026-03-04 09:27:00,commute
LOC_04494,19.459724,72.758178,2026-01-30 17:18:00,delivery
LOC_00503,16.699244,74.232665,2026-02-07 08:43:00,commute
LOC_01029,16.702958,74.253956,2026-02-05 13:27:00,visit
LOC_03841,19.09056,72.900406,2026-02-05 05:08:00,commute
LOC_02691,16.732206,74.204166,2026-03-31 15:14:00,delivery
LOC_01571,16.704214,74.253998,2026-03-28 07:17:00,visit
LOC_02774,16.721907,74.192639,2026-01-21 06:49:00,visit
LOC_02732,16.735851,74.196371,2026-03-25 07:51:00,visit
LOC_00805,16.715299,74.241108,2026-01-07 03:01:00,visit
LOC_03646,19.068943,72.890007,2026-03-03 07:58:00,commute
LOC_02455,16.728382,74.213,2026-03-23 19:25:00,dropoff
LOC_04599,20.141634,73.160978,2026-01-12 02:51:00,dropoff
LOC_03105,18.522632,73.851137,2026-02-19 13:39:00,commute
LOC_04876,16.769423,75.070037,2026-01-18 18:47:00,visit
LOC_00201,16.707701,74.233066,2026-01-10 12:00:00,delivery
LOC_03100,18.51736,73.849115,2026-03-30 12:11:00,visit
LOC_02279,16.683064,74.224153,2026-01-25 20:55:00,dropoff
LOC_03562,19.066102,72.894824,2026-03-12 08:28:00,pickup
LOC_04475,19.329847,73.511837,2026-01-10 02:39:00,dropoff
LOC_04515,18.571886,74.25793,2026-01-20 19:07:00,delivery
LOC_00392,16.705435,74.23499,2026-01-23 02:25:00,visit
LOC_01496,16.69658,74.260528,2026-01-21 03:41:00,commute
LOC_02696,16.728045,74.204767,2026-02-19 18:40:00,dropoff
LOC_02028,16.679647,74.232161,2026-01-15 11:10:00,commute
LOC_02569,16.732347,74.194979,2026-02-03 08:27:00,commute
LOC_00065,16.71069,74.250899,2026-02-09 14:23:00,visit
LOC_03885,19.085741,72.849285,2026-03-16 10:24:00,pickup
LOC_02063,16.685888,74.223197,2026-02-02 14:26:00,commute
LOC_00493,16.70271,74.246512,2026-02-18 19:23:00,pickup
LOC_00380,16.701338,74.24753,2026-03-11 21:33:00,visit
LOC_04860,19.522387,72.641248,2026-02-13 13:58:00,visit
LOC_03994,18.612859,72.980566,2026-02-18 04:40:00,commute
LOC_04888,19.6232,74.721038,2026-03-14 18:48:00,commute
LOC_01077,16.701417,74.257969,2026-02-28 07:40:00,visit
LOC_00879,16.718397,74.244914,2026-03-19 02:36:00,delivery
LOC_00338,16.707496,74.245923,2026-01-17 01:47:00,visit
LOC_01017,16.698774,74.25479,2026-02-10 22:22:00,delivery
LOC_01276,16.705002,74.263279,2026-01-23 00:11:00,dropoff
LOC_03799,19.073265,72.884323,2026-03-29 09:25:00,delivery
LOC_04552,19.309665,73.938991,2026-01-29 14:38:00,pickup
LOC_03343,18.516357,73.851168,2026-01-25 03:21:00,delivery
LOC_04912,18.67078,74.038217,2026-03-25 11:11:00,dropoff
LOC_00996,16.710628,74.249055,2026-03-24 10:50:00,visit
LOC_01982,16.695915,74.224799,2026-01-01 07:31:00,dropoff
LOC_04298,19.990774,74.172291,2026-02-14 12:37:00,visit
LOC_00162,16.699198,74.254538,2026-02-24 04:18:00,commute
LOC_04799,18.318971,74.868622,2026-02-19 12:34:00,pickup
LOC_01501,16.719342,74.256275,2026-01-23 01:00:00,commute
LOC_03844,19.079554,72.863916,2026-03-14 08:24:00,commute
LOC_02614,16.722682,74.208407,2026-01-21 04:34:00,dropoff
LOC_03462,18.534672,73.857863,2026-01-10 02:36:00,delivery
LOC_01022,16.705501,74.251187,2026-01-07 10:37:00,pickup
LOC_03074,18.516478,73.86916,2026-02-16 19:59:00,delivery
LOC_03944,18.218314,75.008366,2026-02-15 15:52:00,delivery
LOC_01586,16.690298,74.27355,2026-02-09 03:20:00,pickup
LOC_01956,16.67485,74.218291,2026-02-07 15:43:00,commute
LOC_03153,18.516486,73.872274,2026-03-31 06:09:00,delivery
LOC_00035,16.709928,74.234253,2026-03-16 08:11:00,dropoff
LOC_04015,19.566827,74.023608,2026-01-01 13:44:00,pickup
LOC_00776,16.706622,74.252056,2026-01-19 04:34:00,visit
LOC_02557,16.712525,74.203872,2026-02-06 23:39:00,commute
LOC_01479,16.6893,74.249405,2026-03-03 22:19:00,visit
LOC_01364,16.703932,74.254631,2026-03-15 08:11:00,commute
LOC_02613,16.723814,74.203428,2026-01-24 07:46:00,pickup
LOC_02825,16.721187,74.197461,2026-02-03 02:54:00,pickup
LOC_02042,16.67439,74.211402,2026-03-08 22:33:00,delivery
LOC_00242,16.704246,74.243068,2026-02-17 09:49:00,dropoff
LOC_02062,16.668238,74.210894,2026-03-08 04:49:00,visit
LOC_02364,16.735651,74.204251,2026-02-06 13:01:00,commute
LOC_00601,16.709123,74.240396,2026-01-25 06:09:00,pickup
LOC_02436,16.727631,74.214357,2026-02-13 21:38:00,dropoff
LOC_02889,16.727018,74.196723,2026-02-22 23:26:00,commute
LOC_00647,16.709922,74.245582,2026-03-07 17:31:00,visit
LOC_03891,19.09525,72.841364,2026-02-23 01:09:00,visit
LOC_03557,19.063738,72.903189,2026-03-10 00:05:00,delivery
LOC_03203,18.519216,73.863727,2026-01-19 04:37:00,visit
LOC_01529,16.705046,74.248047,2026-03-31 16:57:00,commute
LOC_01268,16.702425,74.259247,2026-01-22 09:47:00,visit
LOC_01900,16.68141,74.224118,2026-03-09 09:18:00,delivery
LOC_04659,17.45248,72.545485,2026-03-02 12:16:00,commute
LOC_03006,18.52211,73.857575,2026-02-12 17:37:00,delivery
LOC_02735,16.730803,74.193814,2026-03-26 09:50:00,visit
LOC_00190,16.718207,74.248419,2026-02-08 21:00:00,commute
LOC_01807,16.69025,74.207176,2026-02-08 09:56:00,pickup
LOC_00976,16.699929,74.251015,2026-02-18 21:01:00,visit
LOC_02748,16.747451,74.21312,2026-03-15 20:54:00,delivery
LOC_02048,16.676506,74.215069,2026-03-01 13:24:00,dropoff
LOC_02559,16.746669,74.179731,2026-01-22 20:17:00,commute
LOC_01083,16.704519,74.249058,2026-03-12 23:46:00,delivery
LOC_00475,16.709953,74.24483,2026-03-27 05:13:00,commute
LOC_02905,16.725183,74.191785,2026-03-29 07:41:00,dropoff
LOC_04844,18.593741,73.278316,2026-01-26 02:05:00,dropoff
LOC_04118,18.366815,73.362107,2026-01-18 22:26:00,visit
LOC_03386,18.542486,73.863224,2026-03-17 08:46:00,delivery
LOC_04556,17.458398,74.236306,2026-02-07 16:56:00,delivery
LOC_01185,16.708073,74.259842,2026-03-17 10:38:00,delivery
LOC_02434,16.730627,74.212585,2026-01-01 03:43:00,visit
LOC_02392,16.743655,74.19171,2026-01-06 05:21:00,commute
LOC_00770,16.718455,74.236918,2026-01-30 12:18:00,visit
LOC_01686,16.678494,74.222123,2026-03-29 08:59:00,pickup
LOC_00131,16.701882,74.246707,2026-01-05 15:08:00,visit
LOC_02920,16.730448,74.210232,2026-01-13 02:08:00,pickup
LOC_03172,18.5221,73.87521,2026-03-02 09:28:00,visit
LOC_03445,18.502616,73.845857,2026-01-31 11:58:00,dropoff
LOC_04427,19.350318,72.656739,2026-03-22 12:51:00,visit
LOC_00467,16.702654,74.241376,2026-03-07 12:57:00,commute
LOC_03093,18.52745,73.863168,2026-03-15 11:06:00,dropoff
LOC_03773,19.083296,72.877814,2026-02-28 13:27:00,commute
LOC_00861,16.699781,74.266075,2026-02-09 09:45:00,commute
