lat,lon,timestamp,cluster
16.707437736638035,74.23996154790568,2026-02-21 11:44:00,0
16.696680127150074,74.23697686466217,2026-02-21 02:52:00,0
16.71100360956645,74.23584523163137,2026-03-18 10:26:00,0
16.71252451773113,74.24038990395981,2026-02-05 02:38:00,0
16.689391718490768,74.25441988226947,2026-02-01 07:28:00,0
16.6945825639451,74.2576990934039,2026-01-08 08:16:00,0
16.706022723225338,74.24031248619967,2026-02-21 00:29:00,0
16.70247005926125,74.2582404817125,2026-02-28 07:55:00,0
16.704865590739963,74.24328461181587,2026-01-26 06:22:00,0
16.698175648579408,74.25702952821361,2026-03-07 19:23:00,0
16.7120351837989,74.24225361080276,2026-03-26 10:11:00,0
16.71122233548343,74.24404846260836,2026-01-16 16:14:00,0
16.70552824558049,74.24592379578114,2026-02-21 13:01:00,0
16.714017929655743,74.26843082943493,2026-03-04 11:58:00,0
16.708740074738014,74.24981028459875,2026-01-02 15:53:00,0
16.69812566029693,74.23734188376038,2026-01-17 02:44:00,0
16.707950006272657,74.2507519829622,2026-02-05 14:34:00,0
16.697328939193365,74.24010533970332,2026-01-13 08:46:00,0
16.712027602410455,74.23908199853679,2026-02-01 23:54:00,0
16.704600592712108,74.25026881087913,2026-01-14 06:18:00,0
16.703521101091635,74.24324868470217,2026-03-22 16:41:00,0
16.699552563644765,74.2452286073161,2026-02-23 22:00:00,0
16.71478033070939,74.24311188177492,2026-01-30 15:00:00,0
16.70376376414345,74.24569266501284,2026-03-12 02:11:00,0
16.701573377422694,74.24639972717948,2026-01-02 15:46:00,0
16.70218293159609,74.22750426453835,2026-02-23 17:17:00,0
16.709258473484425,74.24833258134888,2026-03-03 12:14:00,0
16.70792355251491,74.23514384464136,2026-03-14 20:11:00,0
16.708301860892767,74.23146160691552,2026-01-21 00:06:00,0
16.708446568024062,74.24253271004912,2026-02-23 05:35:00,0
16.722133180806964,74.24367184802651,2026-03-11 02:11:00,0
16.70174867986892,74.23745195068342,2026-03-13 18:12:00,0
16.700902058167426,74.24964825486134,2026-01-16 19:24:00,0
16.698489818174014,74.23226259866902,2026-03-29 21:17:00,0
16.7099278353806,74.23974445000981,2026-01-25 15:45:00,0
16.714031778341766,74.23832100692053,2026-02-05 04:28:00,0
16.70408842033876,74.24262730183727,2026-01-18 06:50:00,0
16.698278748184297,74.24523091427717,2026-01-14 11:52:00,0
16.698404150274467,74.23493685640301,2026-01-23 23:48:00,0
16.710204742302597,74.24879426141965,2026-01-13 04:27:00,0
16.710946033369627,74.24350401894667,2026-03-07 22:46:00,0
16.70934523414644,74.2278644299735,2026-02-23 18:33:00,0
16.69967592234169,74.22733126847682,2026-02-05 02:27:00,0
16.706857290584534,74.24290144565656,2026-02-19 05:44:00,0
16.705933486473125,74.24123226145771,2026-02-24 09:04:00,0
16.70674950877383,74.2421726390914,2026-01-17 13:56:00,0
16.711971430223585,74.24277614034776,2026-01-27 17:25:00,0
16.706788764390197,74.24480447871608,2026-03-21 09:20:00,0
16.710431308504575,74.25058119687878,2026-01-02 02:07:00,0
16.70554063255591,74.23411116079265,2026-03-28 02:34:00,0
16.70731295518952,74.23362422725678,2026-03-28 18:51:00,0
16.710050305806707,74.2342534091369,2026-01-23 18:56:00,0
16.693342753441154,74.24531133333734,2026-01-29 20:44:00,0
16.70244263026914,74.25295957902917,2026-01-19 14:52:00,0
16.701237018765656,74.23954928449407,2026-02-20 11:01:00,0
16.69988897721405,74.22298640124671,2026-01-20 06:04:00,0
16.702798861990185,74.22936805709911,2026-03-13 03:52:00,0
16.716959530489873,74.23633570621763,2026-02-04 20:49:00,0
16.698073351074452,74.23853816890004,2026-03-29 01:39:00,0
16.71274622683673,74.23973289098195,2026-03-18 18:58:00,0
16.691537041827072,74.24330864898384,2026-02-06 02:50:00,0
16.702320919760112,74.24050602935341,2026-02-23 15:16:00,0
16.706302024520838,74.25139471688435,2026-01-03 04:40:00,0
16.709689778650873,74.23759186155455,2026-01-07 01:54:00,0
16.710689812638343,74.23610145632419,2026-02-15 13:01:00,0
16.711346777881598,74.24683100430816,2026-02-12 13:38:00,0
16.702210199422012,74.23071486344058,2026-02-05 20:19:00,0
16.701301185658682,74.24611753364256,2026-01-09 03:06:00,0
16.711863807050054,74.2438204254698,2026-03-17 14:06:00,0
16.703469565400944,74.24182046008065,2026-02-06 13:25:00,0
16.694794509413295,74.25570620885719,2026-02-12 07:13:00,0
16.69593370228797,74.23802234043764,2026-02-06 07:36:00,0
16.697644381711985,74.2594823853642,2026-02-14 18:16:00,0
16.70897728595243,74.24119654840617,2026-02-28 08:26:00,0
16.706139405888564,74.23278386844024,2026-03-10 18:12:00,0
16.71052388283254,74.24355935664795,2026-02-19 10:49:00,0
16.701581978829307,74.23439003839745,2026-01-15 22:30:00,0
16.70626831752861,74.23698595321748,2026-03-20 17:28:00,0
16.710004723151737,74.24617626640011,2026-01-26 14:48:00,0
16.702525227682237,74.24744465670919,2026-01-02 11:09:00,0
16.70865420190046,74.23802265839797,2026-01-04 12:19:00,0
16.699704592471466,74.25089924116037,2026-03-11 15:50:00,0
16.702095569227478,74.25226006206417,2026-02-04 19:49:00,0
16.701946096848012,74.2544904140525,2026-01-03 00:56:00,0
16.695433282835285,74.247235307257,2026-03-15 00:42:00,0
16.708895779846284,74.25390742969668,2026-01-28 09:15:00,0
16.701244781278376,74.2279536125762,2026-03-30 00:22:00,0
16.70509995294982,74.24045674761096,2026-03-21 04:04:00,0
16.70857224940824,74.24395380688901,2026-03-04 03:17:00,0
16.71032308087178,74.23842840624643,2026-02-24 06:56:00,0
16.704212116123923,74.2416707372644,2026-01-16 11:30:00,0
16.701613613503646,74.25805739904163,2026-01-31 21:01:00,0
16.70436225431275,74.24164224162863,2026-02-14 04:05:00,0
16.691501324528335,74.24631033853751,2026-01-14 03:36:00,0
16.693423100220613,74.2411418453606,2026-03-06 23:18:00,0
16.694418403101164,74.24360570630365,2026-01-25 22:57:00,0
16.697022025379187,74.24304813344348,2026-03-26 08:39:00,0
16.708198193813786,74.24658659252778,2026-03-14 03:38:00,0
16.697756167557117,74.25232246028438,2026-02-27 02:08:00,0
16.701974699567682,74.25617915198082,2026-01-11 18:41:00,0
16.715393826382286,74.24547696065527,2026-01-03 05:17:00,0
16.702149888231506,74.24771637508827,2026-01-14 03:11:00,0
16.710900124547734,74.23379308392651,2026-02-14 23:21:00,0
16.69753105855992,74.24229698606067,2026-03-12 07:31:00,0
16.70335649953706,74.25052231571907,2026-01-14 18:23:00,0
16.697399823560712,74.24992774910733,2026-03-05 15:54:00,0
16.702287735392794,74.24469287786235,2026-01-05 07:12:00,0
16.71172246509966,74.25009115167654,2026-01-24 21:42:00,0
16.69118143661446,74.24692613367195,2026-02-23 20:46:00,0
16.708475389148365,74.25260245006606,2026-03-16 13:17:00,0
16.706901884818656,74.24531487325565,2026-03-11 22:09:00,0
16.700246800354424,74.24015441347542,2026-02-17 22:31:00,0
16.69343153716489,74.24568673005545,2026-01-04 05:53:00,0
16.705577036061708,74.21955524499317,2026-01-27 09:43:00,0
16.700764058327486,74.24606308589108,2026-03-12 12:33:00,0
16.706861409690838,74.21381269739828,2026-01-08 07:24:00,-1
16.705174817164185,74.22921229274075,2026-03-05 13:47:00,0
16.717814231130564,74.24661414880752,2026-03-05 08:28:00,0
16.703085154980215,74.24682023469813,2026-03-09 16:17:00,0
16.696812020059024,74.23370056975888,2026-01-20 13:13:00,0
16.70643420507965,74.23730318366496,2026-01-23 00:36:00,0
16.706759973471772,74.2539643279089,2026-01-18 20:45:00,0
16.715873500601923,74.23912775894742,2026-02-05 10:09:00,0
16.711680889967315,74.26094336249922,2026-02-17 03:44:00,0
16.707854968473196,74.24298464117459,2026-01-11 18:39:00,0
16.716706423129754,74.24626428941505,2026-02-21 01:34:00,0
16.695489895565416,74.25593499518799,2026-01-22 12:00:00,0
16.699881987738,74.24404821692954,2026-02-20 14:14:00,0
16.697587392468755,74.23498124815447,2026-01-28 06:01:00,0
16.70188152157475,74.24212218038645,2026-03-27 22:00:00,0
16.69398651081955,74.24271511411047,2026-01-29 17:58:00,0
16.710081207574515,74.23208206678238,2026-03-20 10:01:00,0
16.703222218423207,74.24095334342927,2026-01-16 18:05:00,0
16.693233549643978,74.23706246324801,2026-01-08 15:25:00,0
16.696875367350337,74.25039486205749,2026-01-17 23:37:00,0
16.7075081107796,74.24327689499347,2026-02-07 17:50:00,0
16.711705012543153,74.24073763400682,2026-03-23 03:10:00,0
16.720973847133532,74.24215054455502,2026-01-16 20:41:00,0
16.728310899728058,74.24478497614724,2026-03-12 13:12:00,-1
16.708315275466205,74.24793451359751,2026-03-04 17:19:00,0
16.697083695039744,74.23500230217064,2026-02-01 00:04:00,0
16.687943629754148,74.23466729893903,2026-01-31 06:38:00,0
16.707141691698748,74.25183743372321,2026-03-27 06:54:00,0
16.698496471237515,74.23970130502235,2026-03-06 07:36:00,0
16.701677141918562,74.23166526325922,2026-01-22 12:04:00,0
16.70010322560752,74.24655050167506,2026-03-24 01:36:00,0
16.703873672908667,74.24670695844826,2026-02-06 14:43:00,0
16.7135278418463,74.23075427794194,2026-01-08 04:08:00,0
16.70625638853956,74.2448358537237,2026-03-15 05:12:00,0
16.703730921303688,74.24888466473942,2026-03-20 04:26:00,0
16.69671476997739,74.24599509161365,2026-02-09 20:38:00,0
16.691602536442364,74.24805585187009,2026-03-05 08:28:00,0
16.70110953672741,74.23176584721527,2026-01-22 02:47:00,0
16.704569739593452,74.24564832123997,2026-03-18 12:46:00,0
16.719143439308638,74.24057904192424,2026-02-03 04:02:00,0
16.706042196171783,74.2391376787302,2026-01-25 01:22:00,0
16.712861916088183,74.24996444487535,2026-02-15 01:33:00,0
16.701005635211686,74.25483419608538,2026-01-25 01:12:00,0
16.695520449868663,74.2573549604368,2026-02-25 20:35:00,0
16.69727906590214,74.25351846297204,2026-03-09 06:59:00,0
16.72202775785948,74.2458217613042,2026-03-12 12:14:00,0
16.698428906566203,74.24913458297426,2026-02-08 19:37:00,0
16.71170791362989,74.2439694235944,2026-03-29 07:38:00,0
16.6977765825753,74.24404611350329,2026-01-24 18:07:00,0
16.71245258410299,74.249590025055,2026-03-05 10:13:00,0
16.708079607728845,74.24252573883179,2026-02-18 04:21:00,0
16.703746896818732,74.23716570450901,2026-03-26 22:01:00,0
16.704673899790915,74.2396842154733,2026-01-20 18:01:00,0
16.699761698436564,74.24807128302186,2026-01-18 16:58:00,0
16.708568577611857,74.2430239463296,2026-03-20 01:51:00,0
16.701360132157273,74.24572167981493,2026-03-23 02:22:00,0
16.69519515388986,74.24836063393761,2026-03-09 06:18:00,0
16.694776499405442,74.24000126829681,2026-02-12 17:44:00,0
16.706380703341775,74.24904998530903,2026-02-06 22:12:00,0
16.706279932908586,74.2331214953047,2026-03-09 06:00:00,0
16.70405089339112,74.25453843832949,2026-01-25 20:06:00,0
16.707286609116817,74.23899404204994,2026-01-01 15:06:00,0
16.715448013933653,74.22975923725451,2026-01-07 14:52:00,0
16.70675506001091,74.2346396503233,2026-02-01 00:05:00,0
16.701712582153327,74.23483163871457,2026-03-03 08:29:00,0
16.713850309680478,74.24341738654925,2026-02-09 15:03:00,0
16.70843005150769,74.24080919595562,2026-02-25 15:41:00,0
16.717286047935968,74.24030534425887,2026-02-12 06:45:00,0
16.706465875497774,74.24795761572385,2026-01-23 15:34:00,0
16.695204247746233,74.24571900288953,2026-03-09 09:15:00,0
16.694054726406033,74.24552838296515,2026-03-07 02:39:00,0
16.718207423457848,74.24627862765863,2026-03-28 15:39:00,0
16.718789325766263,74.24792907734401,2026-03-16 07:28:00,0
16.703563846293736,74.22613637326577,2026-02-04 04:47:00,0
16.70193450143091,74.24008449398188,2026-03-05 10:14:00,0
16.716691554337935,74.22555831948408,2026-02-01 13:17:00,0
16.69614363454365,74.24328847941437,2026-03-20 13:18:00,0
16.69784218384835,74.2429629362222,2026-02-24 22:42:00,0
16.710146614357512,74.25136425819831,2026-03-17 02:48:00,0
16.701843159017123,74.25250107514177,2026-01-26 07:30:00,0
16.704959025066238,74.24462220038602,2026-01-02 08:13:00,0
16.7036924568118,74.23899711138083,2026-01-13 17:19:00,0
16.70770059639039,74.24688128890035,2026-02-17 19:44:00,0
16.71625985489051,74.2387766589014,2026-03-28 12:55:00,0
16.705724679255212,74.24298885878845,2026-02-26 10:24:00,0
16.710151510346215,74.25088909053568,2026-03-14 20:35:00,0
16.68859862319175,74.23853782923209,2026-02-12 05:34:00,0
16.70461025278456,74.24944542911393,2026-03-28 06:21:00,0
16.698254157837656,74.24841921094954,2026-03-26 16:28:00,0
16.69524949551661,74.23536166546295,2026-01-20 14:31:00,0
16.69797478106457,74.25079115302573,2026-03-19 14:17:00,0
16.70232701247439,74.24858853076297,2026-01-02 14:28:00,0
16.712327220338846,74.24381540709898,2026-02-23 08:00:00,0
16.694388858258083,74.23690141233577,2026-02-09 08:29:00,0
16.705245051940754,74.2361263518514,2026-01-28 02:50:00,0
16.70112664453333,74.23869869938477,2026-03-26 00:35:00,0
16.702378615245102,74.24734075570633,2026-03-01 14:36:00,0
16.713022062602434,74.23535499866078,2026-01-13 10:46:00,0
16.70930492349603,74.24650009798896,2026-01-13 12:48:00,0
16.71569918485954,74.23306595576896,2026-01-11 13:07:00,0
16.703763954566,74.24136745132448,2026-01-28 08:43:00,0
16.69943245910663,74.24387718203658,2026-01-07 04:56:00,0
16.703209129464955,74.26256104116047,2026-01-24 18:39:00,0
16.70693997433017,74.23198147475583,2026-03-10 20:26:00,0
16.70641258686763,74.25477611653191,2026-03-20 15:09:00,0
16.69632489542213,74.2441987393119,2026-03-12 17:36:00,0
16.70572391825302,74.24628937534412,2026-02-14 15:28:00,0
16.706825826641108,74.2439467833071,2026-03-04 14:00:00,0
16.72513979230027,74.24655781454555,2026-03-26 22:53:00,0
16.72001475689025,74.2417705191651,2026-01-05 19:06:00,0
16.698174053195526,74.25463240145166,2026-03-23 09:51:00,0
16.702700933107604,74.2393482308462,2026-03-07 02:18:00,0
16.6932924639853,74.25205787657742,2026-02-04 18:36:00,0
16.70027434388829,74.23784506303829,2026-02-10 09:02:00,0
16.70752484002872,74.24251798522879,2026-02-09 11:15:00,0
16.714646828967105,74.23442429958168,2026-01-15 05:03:00,0
16.69916732929805,74.24664018976277,2026-01-21 17:29:00,0
16.699766828479454,74.25456100765541,2026-01-27 13:28:00,0
16.68782168776209,74.24238115056143,2026-01-01 12:33:00,0
16.70369867263564,74.24142491441036,2026-02-15 02:28:00,0
16.69650068470512,74.23408306429545,2026-02-12 21:18:00,0
16.700764484581068,74.24116565877158,2026-01-30 16:02:00,0
16.697985113774656,74.23025764592222,2026-01-16 21:05:00,0
16.70424589956598,74.23569697610624,2026-03-29 06:39:00,0
16.690938172869146,74.24481428836887,2026-03-03 01:33:00,0
16.69326363803687,74.25355210558193,2026-02-12 17:26:00,0
16.722033976896224,74.26547368688983,2026-03-07 00:58:00,-1
16.694700619349806,74.23830731931943,2026-02-03 11:50:00,0
16.69622571537236,74.25448240125316,2026-01-20 09:32:00,0
16.71969530822657,74.2449500198432,2026-03-02 14:02:00,0
16.728240537353923,74.24179001882602,2026-03-11 08:31:00,-1
16.695627466969395,74.24646075561381,2026-02-28 13:10:00,0
16.702054008345694,74.24349533186944,2026-02-20 23:25:00,0
16.707732444407522,74.24388316580489,2026-01-01 05:16:00,0
16.718829581155244,74.23973333469738,2026-02-27 09:46:00,0
16.69710514337257,74.2318151227216,2026-02-25 15:54:00,0
16.70303777723246,74.23065099837982,2026-02-07 02:53:00,0
16.71121870060849,74.24822595906625,2026-01-22 22:32:00,0
16.708478128595733,74.24078639927932,2026-03-30 02:52:00,0
16.701990751430156,74.23823128880275,2026-02-03 18:30:00,0
16.70392941628387,74.24306804501379,2026-01-25 11:35:00,0
16.69400083353304,74.24935945802332,2026-03-05 13:42:00,0
16.7030946100482,74.24444291154421,2026-02-13 09:02:00,0
16.702868900079928,74.23775156050687,2026-02-20 03:57:00,0
16.70685735911701,74.25281034364518,2026-02-28 08:20:00,0
16.700557382249446,74.25563348402385,2026-02-03 04:17:00,0
16.70877230818036,74.24695645324257,2026-01-14 16:58:00,0
16.713101726542558,74.25078930809075,2026-01-16 01:36:00,0
16.706243434621346,74.2529356799745,2026-03-26 13:38:00,0
16.707814051267192,74.25204079453123,2026-02-15 11:50:00,0
16.70542524278062,74.2479127934169,2026-02-07 12:43:00,0
16.70500067514473,74.2477867763766,2026-01-29 17:49:00,0
16.699227535731655,74.24715728458676,2026-03-06 22:44:00,0
16.707531954093383,74.23422129860361,2026-03-24 03:55:00,0
16.70422170721269,74.24860578525487,2026-03-11 04:55:00,0
16.721745346471444,74.23215348823098,2026-02-18 02:11:00,0
16.717586839219802,74.236643204359,2026-02-12 18:59:00,0
16.70808677242045,74.25342852054246,2026-03-19 22:28:00,0
16.69889554232244,74.24972176130154,2026-03-19 01:39:00,0
16.69610070822413,74.25489918631749,2026-02-05 02:47:00,0
16.71452914362471,74.24082660493049,2026-03-28 18:51:00,0
16.707101993801174,74.23378200926977,2026-03-16 11:15:00,0
16.70884114722713,74.24107650242343,2026-03-18 03:51:00,0
16.691043312104206,74.24381625037792,2026-01-06 02:07:00,0
16.712419507852463,74.24363190973071,2026-01-12 16:49:00,0
16.708635362705714,74.25206944383005,2026-01-27 19:56:00,0
16.696116554524682,74.24010983659997,2026-03-10 12:20:00,0
16.701227801540398,74.24581627577442,2026-01-08 00:51:00,0
16.707109737634852,74.23509098280452,2026-01-08 11:00:00,0
16.705419734386847,74.24660253822435,2026-01-03 20:21:00,0
16.70266263051357,74.24302486840148,2026-01-18 06:33:00,0
16.70417209385547,74.23700149329372,2026-03-24 16:44:00,0
16.702984180974344,74.24111336510259,2026-03-06 21:48:00,0
16.70622050009682,74.24152659402787,2026-03-06 12:26:00,0
16.716771935783942,74.2408387589653,2026-01-27 07:52:00,0
16.684466732472547,74.25717072993814,2026-02-26 06:14:00,0
16.70310519788392,74.24221243198153,2026-03-12 02:36:00,0
16.70641209937098,74.24104883111858,2026-02-17 22:11:00,0
16.707367951917494,74.22622039233912,2026-03-19 01:15:00,0
16.70202468334943,74.23584634118416,2026-02-21 06:14:00,0
16.69094622574017,74.24089541260435,2026-01-30 05:06:00,0
16.70762396386971,74.23751317859058,2026-02-27 11:34:00,0
16.71881880171331,74.25405366074702,2026-03-26 21:10:00,0
16.69272910876067,74.24168049779682,2026-03-16 09:24:00,0
16.711910624109585,74.25330755399455,2026-02-14 20:41:00,0
16.702371798215015,74.2434936370724,2026-02-23 17:16:00,0
16.704509405233367,74.24329782269137,2026-03-29 20:04:00,0
16.696576811914365,74.24228962841829,2026-03-09 08:56:00,0
16.70232435062115,74.24303037001296,2026-02-15 05:24:00,0
16.71540035675759,74.2567503600244,2026-01-26 06:54:00,0
16.7096612419359,74.22444311418599,2026-03-23 12:41:00,0
16.718858492843278,74.22698763404449,2026-03-29 21:48:00,0
16.71441929511182,74.23865463335154,2026-01-07 08:47:00,0
16.708512693431434,74.2431162230555,2026-01-03 20:53:00,0
16.71895147620934,74.24852083539811,2026-01-11 08:36:00,0
16.708511945269905,74.24678469758422,2026-02-04 19:00:00,0
16.711623905414374,74.23992603269696,2026-01-15 09:19:00,0
16.70262743237172,74.25115234954593,2026-03-21 09:13:00,0
16.70553236652687,74.25124156322522,2026-03-24 06:42:00,0
16.699420609413597,74.24447246265017,2026-01-17 05:55:00,0
16.71291667147676,74.25070126057989,2026-03-16 14:47:00,0
16.69557357101508,74.24518116210746,2026-01-13 17:17:00,0
16.71125880273934,74.23850813578574,2026-03-12 20:37:00,0
16.703474791539957,74.248582534712,2026-02-02 21:19:00,0
16.714369976747737,74.24388490498062,2026-01-04 15:01:00,0
16.711006951909848,74.24301071877403,2026-02-08 12:54:00,0
16.719565169261173,74.25478362857751,2026-03-16 01:09:00,0
16.710846197529108,74.22339302297168,2026-03-26 00:07:00,0
16.69242367795477,74.23165852663872,2026-01-11 21:37:00,0
16.704464374616812,74.233503436589,2026-03-17 06:01:00,0
16.69562394245924,74.24009391481944,2026-01-27 09:24:00,0
16.70085376126107,74.24096313464187,2026-02-11 18:26:00,0
16.71708982746621,74.2309413948178,2026-01-10 18:58:00,0
16.710100270487178,74.23511873574151,2026-03-29 13:37:00,0
16.699408556571367,74.2361132665718,2026-03-13 02:56:00,0
16.696890261068475,74.26265939273661,2026-02-27 19:19:00,0
16.70526225674301,74.25741393558197,2026-03-07 10:25:00,0
16.69526751880495,74.23970600465852,2026-03-20 15:06:00,0
16.699630877780827,74.24009133367754,2026-01-13 21:47:00,0
16.707496075772408,74.23380636802248,2026-01-23 03:28:00,0
16.71424249628885,74.22773495669419,2026-01-04 08:39:00,0
16.709870091777795,74.24206495850872,2026-02-14 00:09:00,0
16.686669683931214,74.23501718413404,2026-02-14 11:19:00,0
16.70743493383224,74.2423211957467,2026-01-03 16:11:00,0
16.705576268585858,74.23019835320764,2026-03-01 12:57:00,0
16.70831112228298,74.23690420433351,2026-01-01 19:10:00,0
16.717929677453206,74.24418901676242,2026-03-13 08:35:00,0
16.68849409378556,74.24592967678227,2026-03-05 11:46:00,0
16.70027117259847,74.24633977566994,2026-03-15 08:40:00,0
16.709727250582347,74.23243608812673,2026-01-11 15:30:00,0
16.692347244804367,74.24983748584108,2026-03-20 08:00:00,0
16.716807592384427,74.23659830642718,2026-02-19 07:15:00,0
16.707946852901603,74.24806286331685,2026-03-19 16:48:00,0
16.711772671886745,74.24291489058704,2026-03-04 15:22:00,0
16.700432450707822,74.23198890000737,2026-03-01 01:48:00,0
16.71151010951973,74.24047041836334,2026-01-03 21:37:00,0
16.71354777244791,74.24592290993651,2026-03-04 06:41:00,0
16.706863024161095,74.24790372304379,2026-02-10 09:16:00,0
16.70687520714159,74.24187209682044,2026-03-18 10:20:00,0
16.707162745914253,74.25525423112481,2026-03-03 13:46:00,0
16.698093237882084,74.25106008616788,2026-01-07 16:36:00,0
16.703819770558077,74.24094676706879,2026-03-22 01:49:00,0
16.70377981974038,74.2490009744971,2026-01-06 15:52:00,0
16.708067150914825,74.2584703478815,2026-01-27 22:20:00,0
16.712998593975282,74.25868387680626,2026-01-20 12:18:00,0
16.69653171134417,74.23317600095342,2026-03-29 16:18:00,0
16.70399992775744,74.23558773511074,2026-01-14 18:54:00,0
16.71685164438127,74.25487935029386,2026-03-18 00:12:00,0
16.699051294169497,74.23453375159329,2026-01-20 23:52:00,0
16.698421999861676,74.23241967093367,2026-02-28 13:22:00,0
16.70661844953465,74.2391104469544,2026-01-09 03:08:00,0
16.71175508152388,74.24636181367579,2026-02-05 06:33:00,0
16.705091408444485,74.24218082634711,2026-02-26 01:54:00,0
16.715631684723494,74.23779549103675,2026-03-05 23:59:00,0
16.71185435186053,74.2376063003062,2026-03-20 12:35:00,0
16.71173456053512,74.2373013034847,2026-03-15 10:58:00,0
16.709432932010593,74.23596392297073,2026-02-16 16:17:00,0
16.723621224802766,74.2612530630182,2026-01-28 07:07:00,-1
16.70335870648907,74.24538008856948,2026-01-24 12:17:00,0
16.688971821663465,74.25009407243523,2026-03-31 08:30:00,0
16.717834034892135,74.23908738025504,2026-02-24 17:56:00,0
16.701338404552345,74.24151234658251,2026-03-23 18:37:00,0
16.705863043554743,74.23729156814903,2026-02-09 00:53:00,0
16.71547640547888,74.22178633332064,2026-02-13 16:40:00,-1
16.692181923671527,74.2319759257852,2026-03-16 07:38:00,0
16.69498682228715,74.22851505056015,2026-03-07 01:18:00,0
16.692189776503046,74.22500172977638,2026-01-19 01:40:00,0
16.698646909679795,74.23343712820561,2026-02-17 03:51:00,0
16.708517092848133,74.25359964543505,2026-01-20 05:02:00,0
16.7091935027425,74.24264451065837,2026-03-10 11:36:00,0
16.707210193434626,74.25332451009857,2026-01-03 16:39:00,0
16.69369787292886,74.2462878606152,2026-03-16 10:16:00,0
16.686519172506937,74.24926047060572,2026-03-25 14:45:00,0
16.70543482868312,74.23579282403756,2026-01-03 02:09:00,0
16.70122579173089,74.24719160763354,2026-02-26 17:38:00,0
16.70867508617373,74.2488297138726,2026-01-08 02:55:00,0
16.71061562900977,74.23838682166213,2026-02-02 09:58:00,0
16.706105931456467,74.24747632296493,2026-01-31 06:46:00,0
16.711081064683004,74.24752950206859,2026-02-16 18:33:00,0
16.70683369099292,74.23860357903095,2026-03-24 14:02:00,0
16.70924051764481,74.23401785254183,2026-02-11 13:02:00,0
16.69936261389704,74.23352697334481,2026-02-05 20:16:00,0
16.703563108689348,74.24369204433536,2026-01-09 08:24:00,0
16.706574208773254,74.2456160789503,2026-03-21 21:01:00,0
16.711564227803336,74.23665979335634,2026-01-29 07:45:00,0
16.7018500706222,74.2432126827306,2026-02-11 14:51:00,0
16.709169338045854,74.2475642962891,2026-01-09 07:22:00,0
16.702873289664677,74.24794552571731,2026-01-26 23:55:00,0
16.704059662661372,74.25541504096097,2026-02-19 19:14:00,0
16.71163615233619,74.25321584665758,2026-03-23 01:23:00,0
16.689055517031566,74.23498966853795,2026-01-30 14:24:00,0
16.6946282213754,74.2564686896763,2026-02-20 11:02:00,0
16.693142516820455,74.23875218796356,2026-03-20 19:23:00,0
16.686331071041213,74.25135898249962,2026-02-02 10:38:00,0
16.699573884478756,74.24354389300841,2026-01-27 12:49:00,0
16.71099547119782,74.23970280497234,2026-01-04 23:55:00,0
16.70272092746894,74.2285384251218,2026-03-23 17:11:00,0
16.70658232065553,74.24162748391826,2026-01-10 23:36:00,0
16.713713739973684,74.23052493411755,2026-01-20 09:18:00,0
16.71562148905814,74.25073839388673,2026-01-13 12:54:00,0
16.70444689652219,74.2551343412571,2026-03-05 16:13:00,0
16.715828687116552,74.23662471208561,2026-02-02 20:02:00,0
16.70573701326747,74.24541576594015,2026-03-05 10:44:00,0
16.69830081420938,74.23719686782393,2026-02-24 15:50:00,0
16.700244797182407,74.2379721221589,2026-01-02 08:35:00,0
16.69315570789948,74.24919595763092,2026-01-28 16:23:00,0
16.69789492917013,74.24269169390524,2026-01-01 08:49:00,0
16.702135866495404,74.25691718433545,2026-01-06 21:32:00,0
16.711428680155027,74.23914214017037,2026-02-12 13:41:00,0
16.718766158649327,74.2509946906598,2026-01-24 19:59:00,0
16.693942547876983,74.24377930730365,2026-01-09 00:29:00,0
16.708142619746077,74.24936622407795,2026-02-06 18:45:00,0
16.69667564848674,74.23942273874135,2026-02-10 16:07:00,0
16.708797576707703,74.24260352929959,2026-03-31 07:18:00,0
16.703951306794497,74.2420760089656,2026-03-01 12:56:00,0
16.690352753393217,74.23631154308123,2026-02-05 08:51:00,0
16.712426375932544,74.24829665227665,2026-02-12 14:19:00,0
16.70015999429753,74.24820199204463,2026-01-09 00:39:00,0
16.70072879809301,74.24774843755924,2026-02-04 19:10:00,0
16.696441980709682,74.25529572523133,2026-02-22 07:12:00,0
16.6997657337865,74.25459475840988,2026-01-02 21:18:00,0
16.70842312352556,74.2400004424812,2026-03-24 18:25:00,0
16.703486045272506,74.24598441854747,2026-02-16 08:34:00,0
16.707629296018258,74.23801119448594,2026-03-12 19:15:00,0
16.70789537483143,74.24318684252891,2026-01-25 19:17:00,0
16.715565293244225,74.23820200440704,2026-03-17 06:13:00,0
16.702257710793084,74.25596056247308,2026-02-03 00:23:00,0
16.693185137465232,74.24590958520274,2026-03-25 12:58:00,0
16.713537779332576,74.24125576697516,2026-02-16 23:50:00,0
16.702348094623222,74.25254894857484,2026-02-27 06:56:00,0
16.713916739556616,74.22563507672163,2026-01-19 08:11:00,0
16.708067016905456,74.22688717924107,2026-03-31 13:01:00,0
16.70395089975837,74.24936670924176,2026-01-18 08:06:00,0
16.707790207152367,74.24348374758493,2026-01-03 23:53:00,0
16.72060810048101,74.24500357040208,2026-02-09 14:02:00,0
16.721615844232428,74.23238883117345,2026-03-17 03:15:00,0
16.70555504908106,74.24281413031319,2026-03-24 21:44:00,0
16.706281524746537,74.25902807528321,2026-03-19 03:08:00,0
16.713609921259728,74.24959359695836,2026-02-19 18:36:00,0
16.69823471173786,74.24435765236113,2026-03-24 12:04:00,0
16.707664562980945,74.23948756871916,2026-02-14 06:47:00,0
16.704793097216367,74.23984341718504,2026-02-13 00:50:00,0
16.707511265691657,74.2259664168864,2026-01-17 06:25:00,0
16.698333049552403,74.24506112336736,2026-03-12 21:33:00,0
16.692283460053527,74.24976386486784,2026-01-29 10:45:00,0
16.688416132512067,74.23039504538264,2026-01-18 13:22:00,0
16.69606092709608,74.23770866486154,2026-02-03 06:13:00,0
16.701330597720485,74.23374028294212,2026-02-24 06:45:00,0
16.702654467306807,74.23527719044152,2026-01-25 07:12:00,0
16.720497849299434,74.24342785301457,2026-02-02 06:40:00,0
16.713847946959255,74.22632478276009,2026-01-30 17:02:00,0
16.697303271069266,74.24791416350685,2026-02-23 15:44:00,0
16.707781667619606,74.24903084055947,2026-03-06 06:23:00,0
16.701743374109196,74.2409911792957,2026-03-02 19:12:00,0
16.702725089295676,74.22315433192011,2026-01-13 16:54:00,0
16.706482605195323,74.23502865099198,2026-02-01 05:40:00,0
16.7099533689358,74.25286321547281,2026-02-28 08:44:00,0
16.702285932128927,74.22077604575416,2026-01-20 11:04:00,0
16.713510812261873,74.24021981270245,2026-01-07 06:03:00,0
16.695864494190857,74.23355999377226,2026-01-29 22:50:00,0
16.705050712498895,74.24943656241267,2026-03-03 02:02:00,0
16.725781389812767,74.23759908838285,2026-03-01 18:08:00,-1
16.706784637941002,74.24623163216587,2026-01-12 16:19:00,0
16.71646571605285,74.24752368335335,2026-03-02 22:02:00,0
16.705732161425384,74.25768980671783,2026-01-18 11:57:00,0
16.709646216762636,74.2413764644506,2026-03-08 17:14:00,0
16.704545734444856,74.24600835495697,2026-02-20 23:41:00,0
16.703636739350685,74.23111955616697,2026-01-12 09:19:00,0
16.698764140826196,74.25252330850634,2026-02-01 12:23:00,0
16.70844241087166,74.23691592921543,2026-03-15 15:59:00,0
16.69818770248651,74.2385139666873,2026-02-08 22:38:00,0
16.710324681890505,74.2428220176412,2026-03-03 22:23:00,0
16.713682296035564,74.23049692523728,2026-03-09 08:15:00,0
16.707932251257898,74.24483016023143,2026-01-03 17:53:00,0
16.702710010131554,74.2507397301834,2026-03-25 19:59:00,0
16.70863172463447,74.24534347058797,2026-01-31 04:53:00,0
16.702530615555627,74.23028881948656,2026-03-13 09:45:00,0
16.71248437700372,74.24200952564536,2026-02-12 00:05:00,0
16.690348751326276,74.24893623122384,2026-02-21 22:14:00,0
16.70231514105505,74.22797608987227,2026-02-02 10:56:00,0
16.689073504039005,74.23440187188946,2026-03-18 18:57:00,0
16.69303951335818,74.25001234883264,2026-01-11 13:37:00,0
16.71591089783851,74.24516076347358,2026-03-22 15:36:00,0
16.712161479855773,74.246295772657,2026-01-19 15:52:00,0
16.69924415813372,74.25787595846099,2026-03-21 11:37:00,0
16.692979972351672,74.24674842222804,2026-01-03 05:03:00,0
16.681283769297266,74.24826310408346,2026-01-02 05:44:00,0
16.70065203593654,74.26468596421775,2026-01-09 09:02:00,0
16.72436332009798,74.24128956353528,2026-02-19 07:23:00,0
16.708479074171706,74.23661693789104,2026-01-24 23:12:00,0
16.7005234217116,74.24642237118597,2026-02-23 19:27:00,0
16.708720641676,74.24651192823511,2026-03-15 19:08:00,0
16.692512333176044,74.23878627686443,2026-01-03 10:38:00,0
16.702621413098417,74.23474082384355,2026-02-17 09:32:00,0
16.705795819784125,74.26147875537671,2026-03-08 12:51:00,0
16.70431119478543,74.2456147477631,2026-02-08 04:54:00,0
16.71132644897352,74.23714171694878,2026-03-25 06:06:00,0
16.707757161809887,74.25032744241823,2026-03-01 14:16:00,0
16.710346608144864,74.2421268387875,2026-01-04 02:35:00,0
16.699493021742153,74.24097694842945,2026-02-18 17:39:00,0
16.71803149558099,74.23266494185414,2026-01-12 20:04:00,0
16.697238803842787,74.24582101763133,2026-03-27 12:52:00,0
16.697898434754283,74.25830363846185,2026-01-21 00:51:00,0
16.71568627469056,74.24672942129757,2026-01-08 12:04:00,0
16.703469248106437,74.23999030316973,2026-01-21 00:38:00,0
16.71623057113653,74.23894315775657,2026-03-16 01:45:00,0
16.70145971430486,74.23971728021323,2026-02-23 23:53:00,0
16.716640364610164,74.24096829857561,2026-03-15 19:08:00,0
16.706051886534443,74.23997754773792,2026-02-11 13:06:00,0
16.70706583058658,74.25033049152859,2026-01-11 12:40:00,0
16.717517744173357,74.22913432717432,2026-02-04 21:11:00,0
16.702105836180444,74.2498960004033,2026-01-18 23:30:00,0
16.6974710232326,74.23996250779885,2026-02-20 02:20:00,0
16.701411486335772,74.24601558228555,2026-01-25 05:57:00,0
16.708618671605144,74.23398409671839,2026-03-29 07:27:00,0
16.692473927422554,74.25362904853479,2026-02-03 22:45:00,0
16.71009976722121,74.25296507968137,2026-01-29 06:39:00,0
16.700689829459055,74.250676724206,2026-03-30 14:30:00,0
16.714182501285865,74.23088196179364,2026-02-16 19:37:00,0
16.685845917560794,74.24963296856852,2026-01-16 08:14:00,0
16.698707473799164,74.24623884070108,2026-02-13 05:35:00,0
16.691508254790126,74.23015783002293,2026-01-23 22:08:00,0
16.698390164269085,74.24280562092983,2026-03-06 11:56:00,0
16.70698132720887,74.24591627591226,2026-02-21 15:11:00,0
16.7035661869964,74.24744860219057,2026-03-07 17:25:00,0
16.702972979448415,74.24441809093558,2026-03-26 14:41:00,0
16.70372652102896,74.24532985133477,2026-03-07 14:47:00,0
16.70662710592496,74.25478889113802,2026-01-31 15:37:00,0
16.696931711664455,74.25280827127928,2026-01-19 03:16:00,0
16.71065479712719,74.22006356036974,2026-02-17 15:26:00,0
16.710301327763084,74.2404604915613,2026-02-10 10:02:00,0
16.708080303501248,74.24168279177964,2026-01-29 04:11:00,0
16.70945226754201,74.22898321141818,2026-03-15 00:08:00,0
16.707371344006468,74.24375346446585,2026-03-23 20:14:00,0
16.721280586421848,74.25299006217928,2026-02-04 08:06:00,0
16.70430324663158,74.23430745712326,2026-03-03 06:43:00,0
16.70254333425332,74.24569120750951,2026-03-30 13:59:00,0
16.69897177935714,74.23567341218163,2026-01-02 01:41:00,0
16.696741898635377,74.23762470381055,2026-02-02 19:56:00,0
16.69504422569919,74.25481914907336,2026-03-08 09:43:00,0
16.697889621494152,74.2386595374391,2026-02-14 18:57:00,0
16.704434556946783,74.24669769991208,2026-03-13 06:28:00,0
16.70767436102798,74.2280302550715,2026-02-12 16:58:00,0
16.705409136468415,74.25789854049115,2026-01-06 19:06:00,0
16.69887571778056,74.24782121957044,2026-02-09 00:42:00,0
16.712201476512156,74.2415400012588,2026-02-06 09:43:00,0
16.710915301378407,74.24760437207999,2026-03-18 02:33:00,0
16.703722813540622,74.23172144456841,2026-01-14 06:16:00,0
16.69977667084268,74.25246024593402,2026-01-14 23:23:00,0
16.709387423366636,74.24040812179602,2026-01-13 17:38:00,0
16.706503788699887,74.24136744387961,2026-02-21 02:09:00,0
16.69341498192468,74.23906675508027,2026-03-31 14:24:00,0
16.704456157952123,74.23835478877803,2026-02-25 16:10:00,0
16.707096286496594,74.24855736489302,2026-03-15 11:11:00,0
16.697802441708095,74.24504725480082,2026-03-18 14:38:00,0
16.7065187471427,74.24821398513122,2026-02-24 01:18:00,0
16.693361420117935,74.24292964248411,2026-02-24 19:52:00,0
16.715689488800095,74.24710559848862,2026-01-22 21:01:00,0
16.714983599880473,74.2396492100486,2026-03-28 09:38:00,0
16.702979861325574,74.26083785473128,2026-03-12 21:42:00,0
16.70790763470271,74.23045655666856,2026-03-20 11:52:00,0
16.6857206242736,74.2530874985885,2026-03-30 12:48:00,0
16.695749218717875,74.25394325960576,2026-02-01 09:16:00,0
16.702649768638782,74.23618272955227,2026-01-13 22:29:00,0
16.696422935828583,74.26083418888444,2026-03-19 09:23:00,0
16.710715171861043,74.25096392226355,2026-02-12 13:35:00,0
16.720978372245984,74.25076911205458,2026-03-28 06:18:00,0
16.695587082244565,74.2432241774962,2026-03-04 12:06:00,0
16.698300292767318,74.24126219073425,2026-01-24 03:32:00,0
16.70688358694648,74.24132472938368,2026-02-01 22:24:00,0
16.717888929187996,74.24612424477056,2026-02-24 22:03:00,0
16.69522100549968,74.25420949020027,2026-02-05 11:44:00,0
16.706992288978455,74.24445051374289,2026-01-26 08:41:00,0
16.719570390806503,74.2357084510149,2026-01-19 21:13:00,0
16.691785926814564,74.24959541649908,2026-02-28 11:03:00,0
16.694751446345233,74.25036920597115,2026-01-04 03:59:00,0
16.701611147148313,74.24823727622757,2026-01-09 10:16:00,0
16.700835292697153,74.2489639912522,2026-01-04 19:52:00,0
16.711500810302027,74.24083257495873,2026-03-08 01:50:00,0
16.706933277758566,74.23556808666295,2026-01-03 15:20:00,0
16.69080030352286,74.23605445255487,2026-02-07 18:48:00,0
16.709123283223203,74.22991629401233,2026-01-11 22:03:00,0
16.700379688901155,74.24489558889236,2026-02-22 20:35:00,0
16.71519557773553,74.24233240973419,2026-01-04 02:19:00,0
16.699979299708502,74.23948009836376,2026-01-03 07:51:00,0
16.69990707773518,74.21935504940524,2026-02-06 23:46:00,0
16.709329052886435,74.23302146024244,2026-03-04 14:09:00,0
16.711103411858694,74.25196672521122,2026-01-10 20:47:00,0
16.708584794911488,74.23768299199949,2026-02-14 15:20:00,0
16.69151522146092,74.24588473342125,2026-03-14 22:18:00,0
16.709304275519425,74.2318745165602,2026-02-26 06:32:00,0
16.6967255355866,74.25450964385887,2026-03-09 12:38:00,0
16.706882208892704,74.24184777871956,2026-01-29 09:50:00,0
16.693610124516805,74.24532032317187,2026-03-26 18:46:00,0
16.708570577180343,74.26160623833505,2026-01-14 02:58:00,0
16.69854720876554,74.25513152080471,2026-02-24 11:28:00,0
16.694738922797914,74.2405474750297,2026-02-09 04:31:00,0
16.710710561091858,74.23825423852104,2026-01-03 20:34:00,0
16.706933156173413,74.24039563990785,2026-03-26 22:59:00,0
16.700088185588854,74.2470791859878,2026-03-05 04:51:00,0
16.716609430792168,74.24215820692599,2026-01-21 12:02:00,0
16.70147478062744,74.23983804683996,2026-01-05 17:05:00,0
16.705256861391767,74.25473745000566,2026-03-02 19:48:00,0
16.707151307581427,74.24208632086577,2026-02-19 01:23:00,0
16.70004267252697,74.2613967127443,2026-01-05 11:39:00,0
16.708769090347197,74.24372594051002,2026-03-30 17:56:00,0
16.700732381222682,74.25728254715379,2026-03-06 15:05:00,0
16.70170689342227,74.24585855538167,2026-02-11 15:20:00,0
16.715901141118426,74.25070368458599,2026-01-22 11:01:00,0
16.6966753115799,74.23720311158786,2026-01-25 09:27:00,0
16.685697757352564,74.23616992621929,2026-02-10 15:16:00,0
16.717887495960092,74.24667764764011,2026-01-06 03:27:00,0
16.725394623620854,74.25090842593971,2026-02-03 02:20:00,0
16.701757845876404,74.243322052016,2026-01-20 13:42:00,0
16.689505295675037,74.23270885331932,2026-01-11 03:44:00,0
16.70251612819043,74.23211793306967,2026-01-12 07:56:00,0
16.70271021640127,74.2315829087825,2026-02-01 02:27:00,0
16.70348060927182,74.22885902309648,2026-02-04 10:24:00,0
16.696092895664624,74.24387588287557,2026-02-01 12:16:00,0
16.70963648913981,74.25200035137365,2026-03-04 02:19:00,0
16.709196059002288,74.2428926737046,2026-02-16 23:44:00,0
16.693044755041445,74.2249166819413,2026-01-18 08:15:00,0
16.710593573853558,74.24147391631732,2026-03-29 12:16:00,0
16.721421479855564,74.24169760802694,2026-03-07 17:01:00,0
16.706375682659495,74.2597679900018,2026-02-12 07:14:00,0
16.70230139870345,74.23134289669665,2026-01-05 10:12:00,0
16.703863974284737,74.2398745791792,2026-03-24 07:09:00,0
16.709922054135745,74.25664682144435,2026-03-09 00:08:00,0
16.69115462715594,74.24659982673077,2026-02-11 12:57:00,0
16.706315125623817,74.24750650458813,2026-01-15 13:23:00,0
16.701876288404296,74.24391667549618,2026-01-10 16:17:00,0
16.719782600103645,74.24563954830926,2026-01-27 02:07:00,0
16.70360661812956,74.24922087624222,2026-01-21 17:07:00,0
16.718343100888955,74.23652410944885,2026-01-19 20:07:00,0
16.696170074417743,74.25002446863127,2026-02-06 16:14:00,0
16.70969807333442,74.23201597586491,2026-01-05 04:38:00,0
16.707555202110328,74.24562694378265,2026-01-30 06:47:00,0
16.69804762201708,74.24442992770629,2026-03-20 09:25:00,0
16.706419168917094,74.23806965529445,2026-03-19 22:11:00,0
16.71470015069465,74.24281851779739,2026-01-01 18:10:00,0
16.702409666365707,74.23801967877867,2026-03-03 01:52:00,0
16.69146429880664,74.2344263893851,2026-03-31 04:45:00,0
16.704859497388178,74.24017108206709,2026-02-22 01:08:00,0
16.69778061524166,74.23416809091702,2026-02-05 03:08:00,0
16.702261272490688,74.24558237971274,2026-02-14 05:03:00,0
16.704347297842517,74.23379931604677,2026-01-20 04:36:00,0
16.691354782271873,74.24869581618393,2026-02-05 18:06:00,0
16.692074733285434,74.23354816745656,2026-03-26 07:46:00,0
16.7088565346842,74.23846964067535,2026-02-25 02:20:00,0
16.70081825043064,74.23800317273427,2026-02-08 18:41:00,0
16.684482045265433,74.25360117383099,2026-01-12 05:09:00,0
16.711278752292863,74.24564231956492,2026-03-23 13:26:00,0
16.707178958042192,74.24130612957964,2026-01-15 15:04:00,0
16.699289001407706,74.24698975552856,2026-03-06 22:40:00,0
16.694465358311533,74.22614246122136,2026-01-28 06:43:00,0
16.711686463170512,74.24265493128287,2026-01-26 01:48:00,0
16.70779480498048,74.25898011342244,2026-01-16 09:45:00,0
16.72406081826147,74.24405877205122,2026-02-03 18:10:00,0
16.708361508789796,74.24354330535336,2026-03-02 22:31:00,0
16.708101625130094,74.24738502703713,2026-02-07 11:56:00,0
16.70366457655913,74.25016484194651,2026-01-03 05:29:00,0
16.711534206937603,74.22702026645688,2026-01-24 18:14:00,0
16.710000681609984,74.22954138814566,2026-01-15 09:59:00,0
16.71501380006852,74.24468233032869,2026-02-06 03:46:00,0
16.7008294166509,74.23728098750482,2026-03-23 05:38:00,0
16.701516740216448,74.25349620209775,2026-03-28 15:31:00,0
16.7011671746327,74.24047860488092,2026-03-31 18:41:00,0
16.71132641376943,74.22752375411429,2026-01-11 03:22:00,0
16.716986995522372,74.23285588866524,2026-02-13 21:11:00,0
16.701329276054803,74.22100259184295,2026-01-05 02:27:00,0
16.701601810177653,74.24112699570173,2026-02-14 13:59:00,0
16.707512617790957,74.24149292698188,2026-02-21 21:37:00,0
16.703033907999895,74.23960429832174,2026-03-11 14:32:00,0
16.71261642922512,74.25163103231223,2026-01-31 06:40:00,0
16.686985781675045,74.25258815869213,2026-01-04 06:10:00,0
16.698386359624664,74.24163689261314,2026-02-10 20:58:00,0
16.698740669328306,74.22592245066018,2026-02-08 10:21:00,0
16.686437151900908,74.24793825264393,2026-02-26 04:17:00,0
16.697290892445046,74.24744288182806,2026-01-09 23:37:00,0
16.69767875107323,74.24547513256125,2026-02-25 04:29:00,0
16.71390372713328,74.2336813752283,2026-03-08 12:17:00,0
16.703039514790472,74.25907004308948,2026-03-30 13:03:00,0
16.69675349023783,74.23532457797486,2026-01-21 11:39:00,0
16.70454436367029,74.2489937834176,2026-03-09 19:50:00,0
16.71339338897153,74.22950121844468,2026-01-12 11:49:00,0
16.69719232947108,74.23555788250184,2026-03-30 15:41:00,0
16.697715400928626,74.2551309491738,2026-02-13 06:55:00,0
16.709468391674193,74.24091280141599,2026-03-09 03:27:00,0
16.703227711074152,74.24971938084106,2026-03-11 23:25:00,0
16.710179877525675,74.24489564310974,2026-02-24 17:31:00,0
16.704890825665636,74.242160334752,2026-02-04 14:17:00,0
16.710613309184716,74.25391080259945,2026-03-09 21:07:00,0
16.696719375087675,74.24110672940277,2026-02-12 20:49:00,0
16.704903322793694,74.2287540951395,2026-03-01 07:38:00,0
16.703314479885094,74.23657407926439,2026-02-25 04:37:00,0
16.695272872607166,74.24740953382961,2026-02-11 18:22:00,0
16.692492176417048,74.24616407285089,2026-01-11 12:52:00,0
16.710485992282194,74.2304635339981,2026-01-27 07:54:00,0
16.702192380942254,74.23720525984473,2026-03-26 09:39:00,0
16.696821757746818,74.23834622920637,2026-02-16 19:35:00,0
16.704230568504613,74.24007624324707,2026-02-27 05:55:00,0
16.714024150858794,74.23199269129118,2026-01-24 06:20:00,0
16.686754097237024,74.23797303113504,2026-03-05 12:29:00,0
16.693026890480773,74.23717111611792,2026-02-13 19:13:00,0
16.697616908464838,74.24917226607809,2026-01-20 16:29:00,0
16.716689430933762,74.24947297048791,2026-01-14 03:39:00,0
16.707260695863354,74.24183351633529,2026-02-05 13:13:00,0
16.711138537923688,74.23986368163303,2026-02-20 21:15:00,0
16.695878712646987,74.24411939449631,2026-01-26 05:09:00,0
16.696043712997835,74.23646739914035,2026-01-23 01:48:00,0
16.70858250973378,74.23382534334266,2026-01-25 06:21:00,0
16.70546619464748,74.2354782303286,2026-01-27 10:11:00,0
16.70938991055091,74.23792149468822,2026-03-08 12:15:00,0
16.70349863207257,74.23369220960166,2026-02-14 21:54:00,0
16.707225149811634,74.2442964764725,2026-02-12 05:16:00,0
16.706264952679238,74.24883772539026,2026-01-15 15:03:00,0
16.711222139112678,74.23030321359361,2026-02-19 00:14:00,0
16.711456066255554,74.24320102968973,2026-03-28 14:44:00,0
16.692041024044865,74.24124051363786,2026-03-09 02:18:00,0
16.687021851557272,74.24573206948429,2026-02-10 05:23:00,0
16.71301396318121,74.24289648985517,2026-01-28 15:03:00,0
16.714501800746095,74.23137120576054,2026-02-01 16:55:00,0
16.69683501584389,74.23290088560914,2026-01-03 10:01:00,0
16.690121316747632,74.24323538860467,2026-01-03 15:03:00,0
16.705792278568055,74.25123024735795,2026-03-11 20:54:00,0
16.7124467058108,74.22528650103165,2026-03-17 21:25:00,0
16.719380756179472,74.24576581263841,2026-03-29 04:04:00,0
16.70913038057681,74.2525169760423,2026-02-26 07:48:00,0
16.702026266427314,74.24177579299034,2026-03-25 15:02:00,0
16.69785495502732,74.2474016199682,2026-02-07 11:26:00,0
16.705091610333362,74.23737544735282,2026-01-23 20:49:00,0
16.702605882368918,74.24204507040578,2026-01-23 02:21:00,0
16.696879456754168,74.23003269185352,2026-01-22 07:08:00,0
16.721390045206906,74.22424525353264,2026-03-09 01:29:00,-1
16.719281347216576,74.2505421264098,2026-01-01 21:27:00,0
16.71408838946844,74.2351200405782,2026-03-27 02:13:00,0
16.697633196817524,74.23935577723996,2026-03-11 17:35:00,0
16.711840154594377,74.23190846197383,2026-02-04 06:32:00,0
16.710117011275983,74.23172024237532,2026-03-05 04:00:00,0
16.70854036499363,74.24160929839924,2026-01-13 03:19:00,0
16.714997322136348,74.23716338244691,2026-02-08 19:48:00,0
16.71008296914289,74.24602376798396,2026-01-10 19:51:00,0
16.710920113890435,74.24662030735183,2026-01-11 02:07:00,0
16.710095250266978,74.2455667971706,2026-01-01 13:44:00,0
16.707726331264016,74.24490880632742,2026-03-13 14:57:00,0
16.690731110962286,74.25562214563945,2026-03-08 22:56:00,0
16.705668968619282,74.23445924984763,2026-03-22 08:49:00,0
16.700550464329204,74.24256052107037,2026-03-30 07:48:00,0
16.694761272338877,74.25206151856415,2026-03-28 19:56:00,0
16.718454532954404,74.2531163184747,2026-03-31 08:29:00,0
16.718831962727084,74.23162589080523,2026-01-02 10:15:00,0
16.715873764802364,74.24050115646675,2026-03-12 13:51:00,0
16.707041707334845,74.25386496876693,2026-03-07 02:09:00,0
16.71580500096762,74.24706463284159,2026-01-15 14:19:00,0
16.705096425444815,74.24456210425183,2026-01-13 07:30:00,0
16.70662237821518,74.24125852245251,2026-03-29 23:51:00,0
16.696252229036304,74.23992959259434,2026-03-21 10:17:00,0
16.70817593043599,74.24530575250472,2026-01-30 12:04:00,0
16.705483087427393,74.24098100700012,2026-01-07 17:29:00,0
16.69457878306532,74.24265937103164,2026-01-31 00:37:00,0
16.704590423105465,74.24362878964891,2026-01-01 11:29:00,0
16.704362163489144,74.23757542777204,2026-03-03 20:38:00,0
16.719380489333155,74.24725703499105,2026-02-04 05:08:00,0
16.712153706628104,74.26631395718732,2026-01-05 09:56:00,0
16.70509156351273,74.22878410688539,2026-03-30 04:11:00,0
16.705353699024833,74.23691847929105,2026-03-23 10:13:00,0
16.703376688121633,74.24761922062015,2026-03-31 18:09:00,0
16.69634058242089,74.24337245978661,2026-01-02 06:36:00,0
16.703791584979143,74.24909483819233,2026-03-11 18:09:00,0
16.69903121394678,74.25240405261206,2026-03-12 21:03:00,0
16.694997475688613,74.24453936894214,2026-03-12 08:25:00,0
16.70908977451638,74.2520564183073,2026-01-24 20:31:00,0
16.708130117279463,74.22424561684969,2026-02-05 03:04:00,0
16.690706339909053,74.25572361838333,2026-03-25 14:56:00,0
16.704018522900036,74.24600049721514,2026-01-06 22:23:00,0
16.7129656110872,74.25162274684595,2026-02-27 16:43:00,0
16.71347378991117,74.23324099404127,2026-03-13 08:09:00,0
16.71320669474308,74.23635384094715,2026-03-13 19:46:00,0
16.70531130565521,74.24416750635315,2026-02-23 17:51:00,0
16.698239637376243,74.2428636968853,2026-03-11 00:25:00,0
16.696330409381133,74.24526454870407,2026-03-23 20:10:00,0
16.707756839238,74.25167612128743,2026-03-10 22:15:00,0
16.70803424027492,74.22887823747757,2026-01-11 10:28:00,0
16.71529864889284,74.25079055257373,2026-01-23 00:12:00,0
16.713799837202735,74.24306625527966,2026-01-28 11:03:00,0
16.703942170747748,74.241369745111,2026-01-31 21:04:00,0
16.69504635296911,74.23123107812492,2026-02-02 11:01:00,0
16.70244714722391,74.247024389347,2026-01-20 18:54:00,0
16.706737849558483,74.22368713719175,2026-03-03 11:53:00,0
16.703383334036882,74.2481871520899,2026-01-10 22:06:00,0
16.700376847135377,74.23106315331621,2026-03-12 21:31:00,0
16.707023078519757,74.24342766330093,2026-03-01 06:40:00,0
16.700968338068712,74.24204664930137,2026-03-28 11:48:00,0
16.699975471330195,74.25235630517835,2026-01-01 14:07:00,0
16.707491622674425,74.24157075864788,2026-01-27 14:04:00,0
16.701784059358964,74.23744689151083,2026-03-22 20:24:00,0
16.706952835111824,74.23894717843223,2026-02-14 10:15:00,0
16.707185632182814,74.25318306215003,2026-02-20 11:35:00,0
16.695884567991264,74.24729037575344,2026-01-03 14:33:00,0
16.701150071009074,74.23991496014781,2026-03-10 14:09:00,0
16.71650221551933,74.24110842864027,2026-01-23 18:27:00,0
16.695703363898122,74.23046258327531,2026-03-28 16:21:00,0
16.688066764408234,74.24610779360681,2026-02-03 15:50:00,0
16.69010523877406,74.22892147433843,2026-01-17 23:25:00,0
16.705232879572613,74.24901437172667,2026-02-23 10:37:00,0
16.70524733822426,74.24402897273993,2026-02-12 23:14:00,0
16.704059113156596,74.26209561439659,2026-02-12 09:01:00,0
16.714713518631427,74.2341989155702,2026-03-27 11:40:00,0
16.683617324535174,74.24217870327168,2026-02-02 19:15:00,0
16.708167470995445,74.25738630160738,2026-02-05 19:02:00,0
16.717491505614426,74.25253111712233,2026-02-26 04:00:00,0
16.695977753880864,74.23743030358736,2026-01-16 08:05:00,0
16.701791739426987,74.26985500107432,2026-03-16 13:48:00,0
16.70001599485132,74.2644246142962,2026-01-21 16:34:00,0
16.702255646939154,74.2619913087894,2026-01-22 18:01:00,0
16.69441055651212,74.26806934684764,2026-01-01 23:08:00,0
16.699285436778393,74.263875627514,2026-01-31 20:36:00,0
16.687215580997787,74.26974180149962,2026-02-22 10:39:00,0
16.701080987614944,74.26735538941318,2026-03-05 10:38:00,0
16.703600165387375,74.2721736036219,2026-03-22 20:51:00,0
16.698180644698848,74.26287036867126,2026-03-12 00:21:00,0
16.68707959287532,74.26724207521195,2026-01-29 21:23:00,0
16.70790825490281,74.25754298341532,2026-03-16 06:51:00,0
16.702916200303942,74.25518831350753,2026-01-18 12:14:00,0
16.69419187921839,74.27365414112336,2026-01-19 20:09:00,0
16.697755196425295,74.26172963741058,2026-02-02 05:25:00,0
16.687994644777746,74.2664390445269,2026-02-18 12:48:00,0
16.691796718977777,74.26098992011529,2026-01-19 06:45:00,0
16.69569750922914,74.25530787479265,2026-03-23 00:01:00,0
16.709827366498242,74.26008786314067,2026-01-25 07:47:00,0
16.694883972872898,74.27148795214215,2026-02-05 06:36:00,0
16.70512170927463,74.26444192059424,2026-02-24 10:47:00,0
16.69569347037711,74.24630821472216,2026-02-08 16:32:00,0
16.701983580486814,74.25827804434739,2026-02-06 08:23:00,0
16.69886883598285,74.27425835034164,2026-03-30 15:13:00,0
16.706984452800743,74.2582896251052,2026-02-09 05:29:00,0
16.695721509294252,74.24559617046613,2026-01-11 04:11:00,0
16.68741977399998,74.27514439108339,2026-03-07 17:22:00,0
16.68894440774909,74.2654591400785,2026-03-05 12:06:00,0
16.695744980048456,74.2594398971295,2026-01-20 16:54:00,0
16.690007520234573,74.25702865811135,2026-03-18 12:23:00,0
16.703281696125437,74.26865881543834,2026-02-05 06:35:00,0
16.696273854681134,74.2556641327982,2026-01-14 13:42:00,0
16.71899685240021,74.26918605139613,2026-01-16 12:30:00,-1
16.686098283238902,74.2643375622858,2026-03-06 07:13:00,0
16.701629065429678,74.2619574554039,2026-01-20 10:38:00,0
16.690976375811953,74.2611641184427,2026-02-12 06:38:00,0
16.696052789276937,74.2586002557063,2026-03-08 01:39:00,0
16.701131355786725,74.26836512096168,2026-03-18 18:14:00,0
16.681397029001005,74.2530772573432,2026-02-14 01:38:00,0
16.701894608934303,74.24702459898536,2026-03-23 16:05:00,0
16.715223259698192,74.26491552098315,2026-01-28 05:39:00,0
16.69637249361305,74.26504990662454,2026-03-20 12:34:00,0
16.702078462854445,74.26384192922009,2026-01-23 12:41:00,0
16.708199373545003,74.26326182695695,2026-01-06 19:04:00,0
16.698688371999783,74.2574356769733,2026-03-07 06:44:00,0
16.695352318491747,74.26629986163509,2026-03-10 02:48:00,0
16.681794108770227,74.25963553498597,2026-03-25 08:51:00,0
16.70512792575516,74.25610309151348,2026-03-24 22:29:00,0
16.699094652722167,74.25750486950196,2026-01-10 04:50:00,0
16.691898529188894,74.27616511759021,2026-02-25 22:06:00,0
16.70101277368222,74.24612019134364,2026-03-05 09:34:00,0
16.69533055714555,74.26399830483437,2026-02-24 01:53:00,0
16.695772590951076,74.24656711657902,2026-01-02 16:23:00,0
16.70485032924887,74.25913413329341,2026-01-05 01:12:00,0
16.689292940709407,74.25653098011877,2026-03-02 08:22:00,0
16.70837852228859,74.24331977362657,2026-03-19 01:01:00,0
16.688818510695054,74.26311230072348,2026-01-17 03:03:00,0
16.69469838873316,74.25695969550247,2026-01-05 04:13:00,0
16.715383569552532,74.24320634925951,2026-02-06 08:39:00,0
16.70901883809314,74.2667165447262,2026-01-29 05:10:00,0
16.700780831939962,74.27148004942391,2026-03-30 11:04:00,0
16.69247575827599,74.27192099473838,2026-03-25 07:51:00,0
16.6957658215464,74.26287165152522,2026-02-20 05:30:00,0
16.700586202516686,74.26036846510863,2026-03-27 11:26:00,0
16.700300185858715,74.27062525296716,2026-01-21 14:14:00,0
16.699273032562992,74.27345906868273,2026-03-31 06:30:00,0
16.699753339887327,74.26906854962301,2026-02-10 05:30:00,0
16.698284999122357,74.25246769918216,2026-02-12 21:01:00,0
16.68846417011488,74.26161075882573,2026-01-05 13:12:00,0
16.695867914062713,74.26351612915434,2026-01-16 23:14:00,0
16.707316992431895,74.24552306424867,2026-01-18 11:56:00,0
16.68905332561959,74.26375488527697,2026-02-13 21:57:00,0
16.698483555907686,74.27818393460784,2026-01-18 01:57:00,0
16.693441968569832,74.26511948932641,2026-01-10 04:59:00,0
16.700890803435183,74.27178730465154,2026-02-24 11:02:00,0
16.696890934551465,74.26146331784103,2026-03-20 12:40:00,0
16.711819149319798,74.25941425340814,2026-01-07 07:07:00,0
16.704052665233522,74.26305017112065,2026-02-20 10:45:00,0
16.68950557467378,74.25347338681613,2026-03-28 10:13:00,0
16.70536982409291,74.25228979850213,2026-02-06 09:43:00,0
16.693802785149902,74.27013043645736,2026-01-17 11:11:00,0
16.69538402902898,74.27097873874294,2026-01-08 03:47:00,0
16.702510552160856,74.25207114947531,2026-03-26 06:28:00,0
16.696066020642157,74.26774399043643,2026-02-06 11:19:00,0
16.707142846530584,74.25930432019516,2026-01-10 11:08:00,0
16.693803919507893,74.26271846859593,2026-03-19 22:58:00,0
16.69504842757927,74.26368174911549,2026-03-14 04:20:00,0
16.694749032851615,74.267954803745,2026-03-05 07:21:00,0
16.69547489001316,74.26066174561491,2026-01-08 14:12:00,0
16.708793532444382,74.27128129596242,2026-01-08 10:06:00,0
16.705030370348883,74.26247530271809,2026-01-20 16:44:00,0
16.713679551632097,74.26499347417976,2026-01-15 09:23:00,0
16.718141153631194,74.2533338992677,2026-02-17 20:48:00,0
16.691754263744542,74.27726927208565,2026-02-05 07:23:00,0
16.700563353018616,74.26375859938564,2026-03-10 21:05:00,0
16.690590397466853,74.26570397940277,2026-01-10 02:58:00,0
16.693779152578013,74.24713451351032,2026-03-07 12:23:00,0
16.694959339917954,74.25341838381537,2026-03-26 01:31:00,0
16.691542761006893,74.26990306950336,2026-01-12 18:03:00,0
16.69158490181681,74.26229512894635,2026-02-28 16:57:00,0
16.698845724971836,74.24468976212137,2026-02-15 19:27:00,0
16.690266252652908,74.26830631943187,2026-01-09 12:49:00,0
16.7067370156731,74.25564973756518,2026-01-27 08:30:00,0
16.69265797170066,74.27129053588702,2026-03-12 22:12:00,0
16.72247655176077,74.25929731457117,2026-03-20 05:03:00,-1
16.696388924392284,74.26163765348817,2026-02-03 03:45:00,0
16.700576141135336,74.26943163662874,2026-01-10 14:05:00,0
16.689637270524273,74.25282005623316,2026-01-23 00:55:00,0
16.71364873406502,74.25205722553733,2026-03-17 21:48:00,0
16.708956005446424,74.25842801263683,2026-02-21 07:10:00,0
16.70237532696589,74.26661738239697,2026-02-08 17:50:00,0
16.68922557960976,74.2493529819791,2026-01-02 04:53:00,0
16.701685335021796,74.24665572320089,2026-03-12 10:37:00,0
16.69102855163186,74.26658976741635,2026-02-11 21:15:00,0
16.711698842107786,74.25517617349946,2026-02-19 01:45:00,0
16.706473557854824,74.25686219189664,2026-03-17 22:37:00,0
16.7007635123079,74.24514551678449,2026-02-20 14:46:00,0
16.68050899469402,74.2545681654852,2026-03-25 12:36:00,0
16.692132672170725,74.25993946162696,2026-02-20 08:38:00,0
16.7055020890528,74.26744302286099,2026-01-31 19:55:00,0
16.709703069533784,74.25383015867013,2026-03-25 01:00:00,0
16.708873358491935,74.27325900896186,2026-02-27 19:39:00,0
16.687263895982067,74.25452355180657,2026-03-10 10:29:00,0
16.708124121731863,74.27229886041519,2026-03-02 09:28:00,0
16.68673331547534,74.26169168121892,2026-02-20 10:03:00,0
16.699936763877012,74.25558380216792,2026-01-10 11:12:00,0
16.702190739186467,74.25875893495056,2026-01-23 20:41:00,0
16.697593883321225,74.27082458862034,2026-03-24 01:10:00,0
16.68518270515679,74.271729622557,2026-02-21 10:07:00,0
16.69739441511941,74.25346565456584,2026-03-11 16:29:00,0
16.69738155655796,74.25966052951937,2026-01-16 10:55:00,0
16.698815420763616,74.26072125462134,2026-01-20 14:34:00,0
16.6954922285966,74.25211007911587,2026-03-26 17:03:00,0
16.69645590277407,74.2595545195788,2026-02-07 19:33:00,0
16.699682349741224,74.26004258288361,2026-03-21 19:44:00,0
16.703539636839757,74.2691216758315,2026-03-14 18:00:00,0
16.697564585897148,74.2696594002265,2026-01-31 07:44:00,0
16.696722808573057,74.25736632481313,2026-03-27 10:56:00,0
16.700738832306033,74.25828837484912,2026-03-11 21:35:00,0
16.684632672592837,74.26531433841645,2026-01-12 11:47:00,0
16.70381628101781,74.25531849240859,2026-01-09 14:17:00,0
16.699995495223014,74.2647091212139,2026-01-12 09:32:00,0
16.70031754821278,74.25929674810105,2026-03-08 15:10:00,0
16.707685874460754,74.25224481137809,2026-01-13 21:17:00,0
16.684377475759614,74.25234530629697,2026-01-26 10:06:00,0
16.684209329041128,74.27157646956826,2026-02-09 02:21:00,0
16.702190430762588,74.25874862816686,2026-01-13 04:59:00,0
16.699943065158973,74.2731228327512,2026-01-30 17:43:00,0
16.701361415545534,74.25589090991429,2026-03-03 00:53:00,0
16.69630298339862,74.26232964160906,2026-03-29 11:45:00,0
16.70531482939392,74.27914141378415,2026-02-12 06:46:00,-1
16.707461110743928,74.25154090604269,2026-03-09 04:55:00,0
16.70387185835161,74.2448174840008,2026-02-17 17:06:00,0
16.697913372332764,74.2702927210503,2026-02-11 23:13:00,0
16.683138484899086,74.25338552715687,2026-02-16 20:20:00,0
16.706153889664296,74.25983434908716,2026-03-28 06:27:00,0
16.70977382932974,74.2553126543164,2026-01-06 08:24:00,0
16.705156467295872,74.26214530224765,2026-02-16 04:54:00,0
16.69296286058106,74.25239571034253,2026-01-05 14:58:00,0
16.70539035514934,74.25856047929693,2026-03-20 18:03:00,0
16.70688423766369,74.26359852261245,2026-02-24 02:31:00,0
16.712470529982394,74.25193352890982,2026-01-05 06:03:00,0
16.692991120606177,74.25439932776284,2026-02-26 03:32:00,0
16.698188363323645,74.25722093733121,2026-02-09 05:09:00,0
16.705978176409147,74.2485694765262,2026-01-05 05:53:00,0
16.700459280571504,74.25661951213762,2026-03-30 01:03:00,0
16.69106137918359,74.26095037231923,2026-02-04 01:25:00,0
16.703316930280213,74.2568036084673,2026-01-03 03:23:00,0
16.70462929307052,74.25782898805654,2026-02-25 03:45:00,0
16.700703703170646,74.25984078663275,2026-02-03 18:38:00,0
16.70175667941744,74.25475405230054,2026-03-01 02:25:00,0
16.697930352786514,74.26552850052694,2026-01-15 14:41:00,0
16.711826231485727,74.27148782499842,2026-03-16 13:04:00,0
16.692794462530298,74.25628495686244,2026-02-07 19:12:00,0
16.69530143389789,74.26388158585182,2026-02-07 20:46:00,0
16.70008788410822,74.25808306275653,2026-03-14 08:06:00,0
16.707031632221607,74.26292389876032,2026-02-19 08:14:00,0
16.688021014639244,74.27252623624963,2026-01-01 02:54:00,0
16.689517626001876,74.26406927634415,2026-02-22 01:41:00,0
16.683698171938122,74.24581268368952,2026-02-28 03:11:00,0
16.700261561802026,74.26363196505159,2026-01-29 02:01:00,0
16.691053553462346,74.26986290994648,2026-01-17 06:26:00,0
16.696923599119856,74.25822723064002,2026-01-05 20:15:00,0
16.705291025519134,74.26796507844895,2026-03-18 03:51:00,0
16.694867658233736,74.25447907567079,2026-01-01 09:07:00,0
16.701850256181945,74.24811568672382,2026-02-22 12:15:00,0
16.697605296737986,74.26112935215066,2026-03-17 06:01:00,0
16.70537691452077,74.24594818623403,2026-02-01 16:35:00,0
16.703801024538784,74.25808183189686,2026-01-19 00:30:00,0
16.6944645304306,74.27029473810117,2026-03-06 08:17:00,0
16.698650785972795,74.24472189675403,2026-02-26 17:21:00,0
16.708349947181762,74.2497640256327,2026-01-02 08:10:00,0
16.70314701496203,74.25174374203871,2026-02-21 22:25:00,0
16.68882430353799,74.25949344112232,2026-01-01 00:50:00,0
16.70524494448937,74.25707426571483,2026-02-05 23:12:00,0
16.69132311502051,74.27119309105358,2026-01-28 08:45:00,0
16.711300104559687,74.26763478663274,2026-03-17 00:20:00,0
16.708192790718726,74.26396218356855,2026-03-29 22:55:00,0
16.702319083807346,74.26116504251476,2026-03-04 20:32:00,0
16.70125786274749,74.26314583821588,2026-03-08 02:21:00,0
16.69832774195178,74.2531041411575,2026-01-03 01:07:00,0
16.7054281916112,74.26685768282846,2026-01-06 18:12:00,0
16.697033774644304,74.25110364596513,2026-03-11 21:39:00,0
16.70188455896512,74.26668301595122,2026-02-08 12:57:00,0
16.706975474932154,74.26948914001696,2026-02-15 15:07:00,0
16.695505547651795,74.26168691681671,2026-03-04 06:42:00,0
16.695070458080075,74.25859029552831,2026-02-01 05:33:00,0
16.690445076154205,74.26320247926648,2026-03-03 08:47:00,0
16.69148421803099,74.2371078530392,2026-03-07 10:04:00,0
16.685372837508467,74.2624180657479,2026-01-22 15:12:00,0
16.705838630312122,74.25909316801729,2026-03-03 17:54:00,0
16.714471316336663,74.25959497509555,2026-01-16 05:54:00,0
16.711402631547763,74.26565226010318,2026-01-28 22:52:00,0
16.686991324090986,74.25940184862749,2026-03-12 05:07:00,0
16.70579883737245,74.2508783451468,2026-03-30 11:21:00,0
16.69634552015409,74.26054044387266,2026-02-28 09:12:00,0
16.7008115794452,74.26091947129265,2026-02-21 06:40:00,0
16.68393685559356,74.26129535493828,2026-02-24 12:29:00,0
16.702133889343813,74.26831495235935,2026-03-12 19:29:00,0
16.691491522164522,74.25131172357572,2026-01-07 06:56:00,0
16.70159708014329,74.26140560364932,2026-03-08 12:47:00,0
16.687510376622487,74.27031943758895,2026-01-26 03:19:00,0
16.70434286579582,74.2461231080245,2026-01-14 21:16:00,0
16.708196101403413,74.26143717344624,2026-02-10 05:27:00,0
16.69373456110628,74.25531697198421,2026-01-03 10:22:00,0
16.690904619348714,74.25703431692422,2026-02-26 18:09:00,0
16.6827518156596,74.25276153997429,2026-02-20 20:49:00,0
16.697868691727397,74.2586435942744,2026-02-16 03:34:00,0
16.695347248525746,74.27473004491542,2026-01-03 18:01:00,0
16.687591844701213,74.24988455711059,2026-03-10 16:09:00,0
16.703624150050498,74.25064311998017,2026-01-04 03:58:00,0
16.69640023694508,74.2495845234387,2026-01-24 15:08:00,0
16.691394112330837,74.27381934629302,2026-02-05 15:08:00,0
16.695563420754876,74.25630128235584,2026-03-05 04:39:00,0
16.708570436311437,74.25979488751723,2026-02-06 16:40:00,0
16.70482349555004,74.25677773647115,2026-03-15 11:50:00,0
16.69895979150801,74.25244461697278,2026-03-26 02:16:00,0
16.70495284014772,74.25811879482708,2026-03-10 20:30:00,0
16.690712704348904,74.2796659488459,2026-01-04 12:01:00,0
16.700258960805815,74.2711365673678,2026-03-11 09:01:00,0
16.70117857864389,74.25317649745767,2026-01-19 13:23:00,0
16.69624130793201,74.26518059282449,2026-03-21 23:10:00,0
16.70348366668766,74.25334781781868,2026-03-30 01:52:00,0
16.693756532362844,74.24578905888923,2026-01-08 13:49:00,0
16.704078565662208,74.26815608734132,2026-01-09 21:01:00,0
16.70441487017225,74.26928074277315,2026-03-04 17:56:00,0
16.676662720954422,74.2683684180084,2026-01-13 21:33:00,-1
16.70952244562808,74.25624107800625,2026-03-29 04:20:00,0
16.67561893947718,74.25866579412799,2026-02-18 15:01:00,-1
16.69507160779555,74.26599812442927,2026-02-21 15:05:00,0
16.70820278427406,74.2631319682988,2026-03-19 10:14:00,0
16.69746170619798,74.25685090022962,2026-01-20 13:24:00,0
16.688270512140242,74.24704742543906,2026-02-20 00:29:00,0
16.691250103506267,74.26091100155314,2026-03-31 21:18:00,0
16.708215245970564,74.26863207711389,2026-01-02 23:40:00,0
16.68462796375561,74.25041929368773,2026-01-16 17:18:00,0
16.709031928807697,74.26511007505341,2026-01-14 03:32:00,0
16.69955918320766,74.26265233356108,2026-01-31 04:48:00,0
16.69046083735646,74.26600118610587,2026-01-12 16:38:00,0
16.69533507942158,74.26697580399775,2026-01-16 11:39:00,0
16.691862205271185,74.2544442780646,2026-03-18 17:47:00,0
16.70692980160687,74.24706432479869,2026-02-11 19:20:00,0
16.705859422478103,74.25573184379454,2026-02-02 05:22:00,0
16.68624671092899,74.26711301854021,2026-02-07 16:46:00,0
16.696771263051843,74.2556639687718,2026-03-29 08:33:00,0
16.693094514701244,74.25444765340914,2026-02-14 05:04:00,0
16.710348079747675,74.24542919726461,2026-02-12 04:56:00,0
16.689199207054987,74.2740211804364,2026-03-25 12:26:00,0
16.71283383283748,74.26660570913141,2026-01-04 08:31:00,0
16.699733642083864,74.2661591678502,2026-02-13 01:10:00,0
16.69070452474896,74.26774180309424,2026-03-09 08:10:00,0
16.694581806527925,74.26461366689236,2026-02-16 07:35:00,0
16.69358704927385,74.25804536915857,2026-03-20 03:22:00,0
16.689803052783876,74.25868988716702,2026-03-21 19:14:00,0
16.70075861487784,74.25657948508326,2026-01-31 06:20:00,0
16.690176675594465,74.28107792603532,2026-03-15 14:21:00,0
16.682557070330095,74.2644472962504,2026-01-22 22:59:00,0
16.696962588233212,74.25628959646919,2026-01-22 13:47:00,0
16.685577150428657,74.26372397419334,2026-03-29 23:20:00,0
16.69398271305546,74.25191304865716,2026-01-02 03:55:00,0
16.69272717689117,74.27203605374872,2026-02-01 18:47:00,0
16.693030271423794,74.25471144723355,2026-02-26 15:43:00,0
16.71600770481272,74.26400868346099,2026-02-07 05:10:00,0
16.700451292537355,74.26852782103795,2026-03-18 00:52:00,0
16.70196296807196,74.26307814835364,2026-01-23 15:25:00,0
16.685788813629262,74.26075575993457,2026-02-19 18:09:00,0
16.694768294930903,74.26008641667886,2026-01-12 06:23:00,0
16.70172242103953,74.2595484712249,2026-01-20 00:08:00,0
16.691803768696694,74.25538641208858,2026-01-16 14:53:00,0
16.707264502748142,74.25640413256184,2026-03-08 17:19:00,0
16.69037842731279,74.2718367229892,2026-01-19 05:50:00,0
16.697709070913078,74.25913170693852,2026-03-02 06:12:00,0
16.695311586880194,74.25371362984494,2026-02-01 02:33:00,0
16.701314565275055,74.25586961922511,2026-02-20 20:28:00,0
16.694876079425157,74.26880296544559,2026-03-20 15:36:00,0
16.69783285098343,74.26540485306532,2026-03-19 16:48:00,0
16.698110959265776,74.26448263342586,2026-01-02 00:16:00,0
16.69412489794087,74.25793983040873,2026-03-12 13:57:00,0
16.703880750947977,74.26458689976138,2026-03-28 00:11:00,0
16.7019071069987,74.2548515110004,2026-03-02 02:46:00,0
16.699291088437974,74.25792308774923,2026-01-17 20:22:00,0
16.696556333332303,74.26775843589914,2026-03-01 19:52:00,0
16.70637235224416,74.26699422143136,2026-02-27 06:03:00,0
16.698113326049487,74.2521447212324,2026-03-01 14:21:00,0
16.697546421697393,74.25315578837673,2026-02-08 14:15:00,0
16.700837520239105,74.26086961722251,2026-02-17 06:21:00,0
16.713572693463767,74.27380905899736,2026-02-28 16:00:00,0
16.68927715033583,74.24467547868426,2026-02-11 18:04:00,0
16.70615885514444,74.26222666351657,2026-03-11 14:55:00,0
16.684854630710095,74.24899165334742,2026-03-05 20:44:00,0
16.701738185265828,74.2549253520518,2026-01-28 06:44:00,0
16.71260066262087,74.25708457265549,2026-02-24 22:40:00,0
16.703909348195737,74.25663593325251,2026-03-10 02:05:00,0
16.701365000628318,74.25572963248273,2026-02-14 02:21:00,0
16.695516404249574,74.26005765648301,2026-03-06 08:24:00,0
16.70024837760391,74.25571795546696,2026-01-12 09:35:00,0
16.697983497476773,74.24830034092118,2026-02-04 18:16:00,0
16.693712187136548,74.26623895690018,2026-03-05 04:09:00,0
16.6976809950762,74.2660229773372,2026-03-22 13:26:00,0
16.70158704928501,74.26674539448018,2026-02-28 03:21:00,0
16.693862263451756,74.2476741240299,2026-03-01 17:32:00,0
16.69354974543452,74.26239134522068,2026-01-31 19:15:00,0
16.68911805249926,74.26540783084646,2026-03-05 02:00:00,0
16.70312580020871,74.25175038345249,2026-02-02 01:39:00,0
16.704362586095737,74.26007338598546,2026-01-05 16:26:00,0
16.70185328355389,74.25906986683752,2026-01-23 04:55:00,0
16.70772136394183,74.27473720526855,2026-02-25 00:13:00,0
16.700702941096644,74.27539596829611,2026-03-28 13:44:00,0
16.703136087498926,74.24668514885336,2026-02-14 14:54:00,0
16.7024306994051,74.27995141604583,2026-03-19 10:02:00,-1
16.699267679844652,74.25267819423078,2026-03-12 00:30:00,0
16.695753425374964,74.26784538635462,2026-02-20 11:51:00,0
16.717713220926335,74.26776398384692,2026-03-14 09:19:00,0
16.69638439216117,74.25203447818527,2026-02-06 03:34:00,0
16.694672978311036,74.26394614235072,2026-02-09 20:15:00,0
16.703472078587602,74.25913973004587,2026-03-08 07:32:00,0
16.70201483532236,74.26443464003707,2026-02-27 11:59:00,0
16.688761667619115,74.26184537841905,2026-02-17 11:53:00,0
16.70898142603651,74.26957071588296,2026-02-08 23:42:00,0
16.699246443397193,74.26060319634517,2026-03-29 19:50:00,0
16.691112551238273,74.2586570074446,2026-01-06 21:53:00,0
16.70951027291483,74.26876851386446,2026-01-05 23:03:00,0
16.70500540457277,74.26464316771887,2026-02-13 02:42:00,0
16.689883664064418,74.26585450715457,2026-01-04 02:03:00,0
16.71421746272206,74.25468330662194,2026-01-31 16:21:00,0
16.705270378946928,74.25163789774882,2026-02-21 04:11:00,0
16.699918431074998,74.25545822285399,2026-02-06 11:08:00,0
16.712721750444974,74.25503342891456,2026-01-19 07:04:00,0
16.701274382270636,74.26628959414923,2026-01-26 14:58:00,0
16.699775335399167,74.26780787240236,2026-02-24 09:17:00,0
16.694717599071822,74.25875895768375,2026-03-27 15:01:00,0
16.704654803514455,74.2714473521506,2026-03-12 07:52:00,0
16.70381282373859,74.27094775515013,2026-02-19 06:22:00,0
16.70011744111912,74.2619471913312,2026-01-13 10:19:00,0
16.69368010916906,74.25342486582765,2026-01-22 20:08:00,0
16.701039438833327,74.27260301319549,2026-02-09 15:42:00,0
16.6994416097139,74.25951186119178,2026-01-23 04:50:00,0
16.689332205450125,74.26100932157145,2026-03-03 23:31:00,0
16.688225501189407,74.25728315979515,2026-02-02 22:59:00,0
16.704521227030476,74.25288167738962,2026-03-17 01:08:00,0
16.679184893479587,74.24825088455748,2026-01-25 05:06:00,0
16.701643284215688,74.26506294658846,2026-02-14 16:06:00,0
16.69617533553797,74.25373279156884,2026-03-06 07:13:00,0
16.71046597285504,74.28447624983198,2026-01-19 13:17:00,-1
16.69605225432677,74.2513114113391,2026-03-10 12:42:00,0
16.705275873714015,74.24994094020015,2026-02-22 17:19:00,0
16.696824689270098,74.26408110972491,2026-02-28 06:56:00,0
16.700909985227888,74.27223450783174,2026-02-10 21:45:00,0
16.70589469224736,74.26051671725556,2026-03-26 03:49:00,0
16.6962995542694,74.2645779393615,2026-03-11 11:21:00,0
16.707972439075988,74.24525162066034,2026-01-18 06:50:00,0
16.692050416983147,74.25457990763447,2026-02-20 00:02:00,0
16.702356742740466,74.25141107416691,2026-03-23 07:04:00,0
16.7073811177823,74.24483963320043,2026-01-26 03:33:00,0
16.705280299934323,74.2609358418722,2026-02-18 06:44:00,0
16.715331559013883,74.24205737902712,2026-03-09 21:29:00,0
16.693892485461514,74.2494224322713,2026-01-25 14:20:00,0
16.68896680598921,74.2557024496479,2026-02-16 14:20:00,0
16.69204531913204,74.2533497133124,2026-02-19 18:25:00,0
16.70528354053239,74.26317126801766,2026-01-16 23:30:00,0
16.703983383474153,74.26244464153523,2026-01-16 23:38:00,0
16.700818053277178,74.26715038996748,2026-02-20 16:14:00,0
16.691016343607142,74.26601906986171,2026-01-17 02:10:00,0
16.706134938346633,74.26912650231489,2026-03-27 08:22:00,0
16.690202361778795,74.25998465279993,2026-02-17 03:21:00,0
16.709271596659015,74.26242773520654,2026-03-05 11:54:00,0
16.722859507385117,74.26409210961536,2026-02-05 17:16:00,-1
16.702931609172573,74.26113325357913,2026-01-27 21:24:00,0
16.70466486508526,74.25682244552067,2026-02-13 18:50:00,0
16.696057121848835,74.25734045972528,2026-03-05 23:29:00,0
16.685518293431304,74.25345953281337,2026-02-05 18:44:00,0
16.695178245095757,74.26337293463928,2026-01-26 10:25:00,0
16.691256838071208,74.25924787860733,2026-01-13 22:59:00,0
16.68842396338868,74.25469460999491,2026-02-18 20:12:00,0
16.713778879535965,74.25470204144541,2026-03-03 04:06:00,0
16.702182900144205,74.25031681017774,2026-02-17 09:26:00,0
16.70303750064491,74.2678307307299,2026-01-23 22:34:00,0
16.69752782107843,74.26062894135626,2026-01-23 06:21:00,0
16.69861703134045,74.25309759984341,2026-02-03 22:26:00,0
16.707716405457916,74.26646838199682,2026-02-01 07:25:00,0
16.699741303050438,74.25551640952165,2026-01-19 08:08:00,0
16.704245551504197,74.2487479949839,2026-03-26 19:06:00,0
16.69843196561724,74.26816977831376,2026-01-30 16:15:00,0
16.697262776874144,74.25570322408348,2026-01-23 13:17:00,0
16.688744686675186,74.25672880727834,2026-02-24 14:21:00,0
16.684178007501064,74.26032944016279,2026-03-14 02:13:00,0
16.69790750479147,74.26914071378232,2026-02-11 19:44:00,0
16.700451973535944,74.26016029832694,2026-03-02 01:31:00,0
16.68971095970633,74.25040706299085,2026-01-09 13:13:00,0
16.69972420107972,74.2643510160329,2026-02-17 22:28:00,0
16.700430020503923,74.25612008220591,2026-01-06 23:49:00,0
16.682751935951526,74.27510339177223,2026-01-13 09:01:00,0
16.692679002724162,74.25999104222402,2026-02-23 06:42:00,0
16.703258111149882,74.24211971601682,2026-01-19 09:52:00,0
16.703096469835167,74.26285891977724,2026-01-04 07:01:00,0
16.690770600668802,74.27555678233809,2026-01-17 02:35:00,0
16.701267584403997,74.27260736230836,2026-03-11 13:17:00,0
16.708179257802882,74.27464763431006,2026-02-22 19:28:00,0
16.706216583671928,74.25184191851696,2026-02-04 08:41:00,0
16.699237713703887,74.26729721916782,2026-03-29 14:30:00,0
16.696256189493404,74.25422404368211,2026-02-04 17:13:00,0
16.694965244125324,74.26179431519535,2026-03-20 22:50:00,0
16.703742558263276,74.24981638057008,2026-02-01 01:06:00,0
16.70156083178514,74.25484435388094,2026-01-03 06:32:00,0
16.705035232048818,74.2545900264211,2026-01-10 22:08:00,0
16.701054990504968,74.26718844224115,2026-01-25 15:14:00,0
16.70655011160278,74.26640575297336,2026-01-17 18:59:00,0
16.70075674026366,74.26221455783465,2026-01-15 03:40:00,0
16.706277509729052,74.24919662865557,2026-02-04 12:01:00,0
16.70696658216293,74.25750688452841,2026-03-29 19:27:00,0
16.6935637869582,74.25403106813647,2026-01-19 01:05:00,0
16.685534847625032,74.26695740605356,2026-01-22 04:55:00,0
16.712347942848115,74.26942547882254,2026-03-31 13:40:00,0
16.7020532698457,74.26845108468825,2026-01-19 02:50:00,0
16.68628411283603,74.25395824464466,2026-03-16 17:14:00,0
16.69428944402225,74.23808373502169,2026-02-25 21:05:00,0
16.70617499433896,74.24586430481496,2026-03-25 11:47:00,0
16.697762585350937,74.27137301582466,2026-02-20 01:21:00,0
16.695903508645447,74.25678996048545,2026-02-23 09:54:00,0
16.711207054882504,74.25399420305388,2026-01-21 07:50:00,0
16.69162170282893,74.2731412823475,2026-02-21 17:50:00,0
16.69361477313796,74.27012127956391,2026-03-02 07:59:00,0
16.701691091800384,74.26019558977536,2026-03-30 19:36:00,0
16.70312363945643,74.2576527752715,2026-01-09 17:32:00,0
16.703970744274724,74.2589431902975,2026-01-15 02:34:00,0
16.70728990435655,74.2618173023871,2026-01-02 17:50:00,0
16.701588628965453,74.27280037825057,2026-03-13 03:21:00,0
16.703915071511506,74.2633797393939,2026-01-08 10:00:00,0
16.69792632592548,74.26580823226432,2026-03-24 09:26:00,0
16.700501586425894,74.26935416087257,2026-02-02 20:06:00,0
16.70086027344043,74.2506425919918,2026-01-26 22:50:00,0
16.70172078508655,74.2660388951398,2026-03-29 18:02:00,0
16.70618031846066,74.25764344996271,2026-03-06 19:59:00,0
16.70444116545556,74.23987123843382,2026-02-19 06:03:00,0
16.7003537360232,74.24297464366411,2026-03-22 00:09:00,0
16.69352699212047,74.25185505910785,2026-03-09 22:12:00,0
16.7005413700645,74.26424978582875,2026-02-27 08:55:00,0
16.699775857720834,74.26091039652273,2026-01-29 22:25:00,0
16.701545452638506,74.26147493365741,2026-03-30 17:58:00,0
16.717652202457124,74.2756075478615,2026-03-06 17:46:00,-1
16.695809817771668,74.24984728308112,2026-03-27 02:32:00,0
16.703378312153003,74.25978053316653,2026-03-28 22:57:00,0
16.708547696537952,74.26243548418252,2026-02-19 10:24:00,0
16.700784015312795,74.2541098150677,2026-02-02 04:45:00,0
16.718702760953377,74.26022661396067,2026-03-27 05:54:00,0
16.696975685666146,74.24720040532733,2026-03-31 21:58:00,0
16.70259271377856,74.2712792497382,2026-01-11 23:26:00,0
16.693609554040854,74.25454708357977,2026-02-27 10:57:00,0
16.697187802118854,74.27625120131823,2026-02-24 05:15:00,0
16.701991471283172,74.25974020540866,2026-03-09 08:57:00,0
16.706770432498462,74.2682244285232,2026-03-29 18:55:00,0
16.702552758672187,74.25957357704807,2026-01-23 16:40:00,0
16.710072918794676,74.25975404934192,2026-03-29 19:35:00,0
16.69924027751526,74.25532776533423,2026-02-27 21:04:00,0
16.697342651761286,74.26095299143493,2026-01-08 10:12:00,0
16.721631880858233,74.26254398955531,2026-02-15 23:46:00,0
16.703153901195535,74.25372593192868,2026-01-13 00:17:00,0
16.694244147632173,74.25899964467312,2026-03-28 01:49:00,0
16.694445889902013,74.25511920907155,2026-03-10 16:31:00,0
16.69245856068375,74.27839731255692,2026-03-23 10:05:00,0
16.707492554846855,74.25928215384072,2026-02-24 05:28:00,0
16.697084981656854,74.27236185721358,2026-02-05 16:48:00,0
16.701018899805252,74.25843502135355,2026-02-08 13:15:00,0
16.699491930604495,74.26207430113229,2026-03-27 05:14:00,0
16.70585193926353,74.24942908742685,2026-01-14 15:23:00,0
16.69322604725693,74.25642341926506,2026-03-21 15:11:00,0
16.691395421710855,74.26168427736631,2026-02-07 23:32:00,0
16.701794378457453,74.27268803064769,2026-02-23 03:13:00,0
16.7048076742776,74.26177586222141,2026-03-02 00:41:00,0
16.702660258504782,74.27106976288955,2026-01-08 09:22:00,0
16.69352437016722,74.26512583288162,2026-01-14 09:09:00,0
16.70541987873673,74.27301921071572,2026-01-15 11:18:00,0
16.694049112583233,74.25952766226156,2026-03-12 01:56:00,0
16.695827690841707,74.27912178168522,2026-01-07 22:02:00,0
16.69244837180222,74.2561168303767,2026-02-24 23:32:00,0
16.710409266789217,74.25386830532642,2026-01-10 17:15:00,0
16.70506737232822,74.25031957720249,2026-03-11 02:29:00,0
16.70483994700543,74.27864819737248,2026-03-29 22:13:00,-1
16.70997769136914,74.26655558058094,2026-02-07 06:17:00,0
16.72250119398591,74.25732703413296,2026-01-20 02:16:00,0
16.686326191168718,74.26999218157499,2026-02-10 00:57:00,0
16.69409298735298,74.26550153748094,2026-03-04 04:14:00,0
16.695070599326602,74.275729019771,2026-03-07 11:05:00,0
16.693193443020938,74.24761733733808,2026-02-27 06:54:00,0
16.69137933401917,74.2578771191335,2026-02-22 09:06:00,0
16.697602775487557,74.25629982892846,2026-02-26 19:16:00,0
16.690267170277686,74.24421053858873,2026-01-20 13:27:00,0
16.702680338940297,74.26848261763824,2026-01-19 14:28:00,0
16.70041358657143,74.25783682755358,2026-03-25 18:41:00,0
16.70384822931811,74.2659170496399,2026-02-22 03:23:00,0
16.704061827613106,74.27887817547465,2026-03-19 12:09:00,-1
16.704824054827412,74.25717405046538,2026-02-26 07:09:00,0
16.69701272850541,74.25663077613875,2026-02-10 23:23:00,0
16.716969147221068,74.2609493133578,2026-02-21 08:04:00,0
16.701875448931855,74.26789797882387,2026-03-04 06:05:00,0
16.685100121979,74.25546629579752,2026-01-17 18:06:00,0
16.69198099403387,74.25495230722295,2026-02-11 14:09:00,0
16.68607597608778,74.26845751416194,2026-03-07 01:48:00,0
16.70013867703321,74.26302911459071,2026-01-08 20:01:00,0
16.699025558207573,74.24364217389596,2026-01-07 14:12:00,0
16.696252594416805,74.25019686560425,2026-01-15 09:47:00,0
16.716087408899202,74.27200988691062,2026-02-23 04:59:00,0
16.704391862992615,74.26321542626464,2026-01-22 11:01:00,0
16.70580878689157,74.25390243255171,2026-02-09 06:19:00,0
16.692551412096464,74.25863672274212,2026-01-13 01:01:00,0
16.69200684086935,74.26010589338242,2026-01-23 12:37:00,0
16.700294443992775,74.26588586688224,2026-01-02 14:22:00,0
16.701384057117217,74.24913389284113,2026-03-14 15:57:00,0
16.685149507463084,74.25327240689064,2026-02-11 23:42:00,0
16.698557543817202,74.2621836460389,2026-01-16 19:55:00,0
16.70011257666299,74.25920132335604,2026-02-17 08:38:00,0
16.69827880667383,74.2645748734611,2026-03-25 23:14:00,0
16.693492876701225,74.25016394082112,2026-03-16 05:35:00,0
16.69568371854463,74.26285702941017,2026-03-21 14:39:00,0
16.698585126451416,74.26873266895502,2026-02-06 12:58:00,0
16.70072640018888,74.2638945483772,2026-02-02 10:52:00,0
16.704838332660405,74.2611128939181,2026-01-29 11:00:00,0
16.708646849639607,74.25923293117948,2026-01-28 11:07:00,0
16.697645218211782,74.25332119077784,2026-03-24 18:31:00,0
16.696350750431076,74.25942401126049,2026-01-13 08:58:00,0
16.703501245388274,74.27007764682305,2026-03-18 15:07:00,0
16.704886759331288,74.25904777194721,2026-03-24 11:16:00,0
16.69652639653393,74.25288156808521,2026-03-17 23:07:00,0
16.706323147815727,74.25606202328989,2026-02-26 11:28:00,0
16.707836682729248,74.26160680237821,2026-03-19 00:11:00,0
16.71033349172527,74.25701188802256,2026-01-03 20:39:00,0
16.714226567253757,74.26388242626452,2026-03-15 13:17:00,0
16.693068670890725,74.264182750086,2026-02-15 23:45:00,0
16.70011118567466,74.26711186544324,2026-03-28 06:12:00,0
16.70009022157295,74.27138847577812,2026-01-08 17:19:00,0
16.69921541145174,74.26796686979499,2026-03-25 16:55:00,0
16.694805896643118,74.25252608748683,2026-02-21 15:18:00,0
16.68811550397415,74.25277172442739,2026-01-10 08:19:00,0
16.700741435568233,74.25939382818832,2026-02-15 19:21:00,0
16.693853154723616,74.25639059714209,2026-01-04 08:10:00,0
16.70068794784598,74.25089338618432,2026-01-08 10:56:00,0
16.69364765166641,74.25646646564662,2026-02-17 20:28:00,0
16.691202733233244,74.25620389653105,2026-03-15 10:15:00,0
16.701874386883013,74.25462521808191,2026-01-10 17:42:00,0
16.70120737221445,74.25747368411076,2026-01-24 14:36:00,0
16.704634255770568,74.26942760680255,2026-02-05 05:15:00,0
16.717486910131342,74.26159390433,2026-02-18 17:36:00,0
16.702218316249684,74.27977447260845,2026-01-01 01:33:00,0
16.703880654136512,74.26136406548817,2026-02-27 12:19:00,0
16.69137950936906,74.25767947380851,2026-02-14 19:24:00,0
16.689704740475708,74.26003306306124,2026-03-28 14:34:00,0
16.712662635574187,74.26205193582756,2026-01-28 02:52:00,0
16.692612161760533,74.26348203165738,2026-02-14 10:37:00,0
16.69164844742825,74.27661369060688,2026-01-08 08:17:00,0
16.699687208630266,74.25323743628019,2026-03-24 13:24:00,0
16.69927846069298,74.26687236846543,2026-03-17 01:10:00,0
16.692779947948452,74.26166200478092,2026-02-01 22:29:00,0
16.697560214250295,74.24743121805945,2026-02-11 10:38:00,0
16.7098350057412,74.26616559025676,2026-03-19 04:03:00,0
16.693552051129345,74.27014098848643,2026-01-27 14:04:00,0
16.68885062012507,74.25314258876979,2026-01-22 05:23:00,0
16.707540748967197,74.25992852905686,2026-01-22 18:39:00,0
16.703938375295504,74.24619716590395,2026-03-05 16:09:00,0
16.69503585103481,74.24992954832253,2026-01-19 23:54:00,0
16.687342663870982,74.26838423662095,2026-01-08 23:24:00,0
16.69404301314849,74.25626866795194,2026-01-15 21:22:00,0
16.699562364505205,74.2511295762005,2026-03-30 17:52:00,0
16.709325376719068,74.26183568291567,2026-03-20 13:21:00,0
16.691707344201042,74.25582070054855,2026-03-27 20:30:00,0
16.69932384094791,74.25623342673781,2026-01-25 22:58:00,0
16.70540115727916,74.2659146082054,2026-02-09 19:10:00,0
16.680949861279025,74.25070613312853,2026-02-14 04:03:00,0
16.70827028934351,74.25275707829854,2026-02-17 03:42:00,0
16.69054039542235,74.26123263993719,2026-01-03 09:54:00,0
16.702655963947656,74.26775527832599,2026-02-23 19:11:00,0
16.701973465196886,74.26990528241193,2026-01-04 11:45:00,0
16.70867669113171,74.25467950623711,2026-01-25 18:04:00,0
16.70440739504715,74.26749901573537,2026-01-27 07:29:00,0
16.68098167606616,74.25372686165224,2026-03-02 16:51:00,0
16.69372176602275,74.27460967477526,2026-03-22 16:25:00,0
16.701105641034825,74.25092983179665,2026-03-04 20:53:00,0
16.69844016091104,74.27062783048633,2026-02-09 04:34:00,0
16.703820885838052,74.25474811114546,2026-02-17 06:09:00,0
16.706314932445355,74.27610597163836,2026-02-16 02:47:00,0
16.704867613891437,74.26473056583083,2026-01-14 07:07:00,0
16.698285800459562,74.25187186776473,2026-03-28 03:47:00,0
16.685229303911036,74.25582209216367,2026-03-24 17:26:00,0
16.696356150009162,74.26624944964179,2026-01-22 14:29:00,0
16.70333094518511,74.26842115534093,2026-01-11 08:29:00,0
16.691276421979595,74.25943427526622,2026-01-15 20:29:00,0
16.705050197840972,74.26035726624771,2026-02-26 15:00:00,0
16.707267146378136,74.26606682426116,2026-01-03 15:34:00,0
16.701014935810367,74.2610543874161,2026-01-10 06:40:00,0
16.6754897610695,74.2496519611253,2026-02-28 08:21:00,-1
16.689775293098304,74.25349620780288,2026-01-14 03:34:00,0
16.71508951326845,74.26188095954522,2026-01-07 04:36:00,0
16.695627697655773,74.26972385933199,2026-01-02 20:21:00,0
16.684126854214966,74.2729278593933,2026-03-05 12:29:00,0
16.70988197910648,74.26623623536618,2026-02-02 16:51:00,0
16.70010684473235,74.2622983260883,2026-01-26 14:26:00,0
16.70883952391166,74.26599051108786,2026-02-27 13:29:00,0
16.702215669401753,74.25466599319834,2026-01-16 08:19:00,0
16.702904073981717,74.25340695422929,2026-02-13 13:06:00,0
16.705579906495366,74.25001005911435,2026-03-02 17:00:00,0
16.71821944358845,74.26266839209309,2026-02-26 03:39:00,0
16.707768050687672,74.26148410645268,2026-03-02 18:02:00,0
16.687357285457235,74.26550121987607,2026-01-20 04:21:00,0
16.70357329212223,74.26436889464715,2026-01-13 14:46:00,0
16.709131846144825,74.2619411541706,2026-02-18 01:03:00,0
16.709621606452288,74.26445293332543,2026-01-06 03:50:00,0
16.696587160135525,74.25965853523019,2026-02-10 21:15:00,0
16.709319555561503,74.26330313116179,2026-02-26 06:46:00,0
16.707421939196408,74.25419084477852,2026-03-15 21:21:00,0
16.720580139495755,74.26295764740512,2026-02-28 18:57:00,0
16.69399998611001,74.2653473414823,2026-03-31 12:28:00,0
16.695940795388797,74.25464254857543,2026-02-20 02:28:00,0
16.696078222799688,74.25501117992297,2026-01-23 02:50:00,0
16.69287983400189,74.25578794642787,2026-03-02 13:56:00,0
16.67789859595461,74.25100056515919,2026-03-14 23:15:00,0
16.696522404210214,74.27012619940133,2026-01-29 21:18:00,0
16.702954864477597,74.26852548139776,2026-01-07 19:28:00,0
16.69605422523595,74.26429947083382,2026-01-01 22:38:00,0
16.715483049468233,74.27577756761555,2026-02-26 21:47:00,-1
16.700107006501725,74.25848603442746,2026-03-01 16:09:00,0
16.710328232441473,74.28425409932089,2026-01-11 20:05:00,-1
16.70209136330184,74.2581797646771,2026-01-03 00:49:00,0
16.706611258479146,74.26204154681405,2026-02-28 21:36:00,0
16.70223393243147,74.25681777668848,2026-02-05 19:08:00,0
16.71095027705523,74.2629786044805,2026-02-07 14:17:00,0
16.70044751480106,74.2666849194231,2026-01-24 14:56:00,0
16.70396896566471,74.25908866885558,2026-03-06 15:06:00,0
16.7029306634692,74.27421375877695,2026-03-09 00:25:00,0
16.69769371633498,74.26191319427707,2026-01-05 16:44:00,0
16.703239858551395,74.26216388308889,2026-01-09 00:30:00,0
16.71787508996958,74.25272801844389,2026-02-19 22:58:00,0
16.697836824463234,74.26334799259641,2026-02-24 06:46:00,0
16.703355719142824,74.25892778223353,2026-01-14 00:56:00,0
16.710062231606955,74.25513408216531,2026-01-15 05:30:00,0
16.709122026247552,74.25378820473482,2026-03-03 09:56:00,0
16.700093731341756,74.28137410703806,2026-02-10 22:10:00,-1
16.68093289037634,74.25789218199857,2026-01-11 19:06:00,0
16.704133622549186,74.24834411663376,2026-02-24 20:34:00,0
16.682244205931013,74.25441422832215,2026-01-07 14:56:00,0
16.711759497847527,74.2595874572842,2026-01-21 18:08:00,0
16.701355790969547,74.26437333626093,2026-03-06 04:20:00,0
16.707997392158976,74.26443837217381,2026-01-21 00:21:00,0
16.692783110894553,74.26541291641422,2026-01-06 17:13:00,0
16.6875799402136,74.2548411175469,2026-03-28 09:34:00,0
16.70208603507313,74.26272352354802,2026-01-21 04:59:00,0
16.69973117248035,74.25299152428713,2026-02-16 08:07:00,0
16.696067673390743,74.25504285613589,2026-03-16 05:25:00,0
16.70067729024586,74.252658328204,2026-03-31 02:12:00,0
16.722139487136257,74.25049288916321,2026-03-14 20:55:00,0
16.70667620437895,74.26851367591087,2026-01-31 13:38:00,0
16.708395988846906,74.26550889360783,2026-03-18 20:54:00,0
16.706751495132426,74.26781332295982,2026-01-02 03:30:00,0
16.711835697150818,74.2603145045282,2026-01-30 08:22:00,0
16.698479426616792,74.26621446159092,2026-01-18 22:44:00,0
16.683561909538597,74.24590968476286,2026-02-17 12:35:00,0
16.69849131093595,74.26690470014437,2026-03-22 05:51:00,0
16.706493885679972,74.26141695864004,2026-03-11 14:25:00,0
16.69224159683908,74.2650168768012,2026-03-31 20:20:00,0
16.698589072396086,74.26304018639239,2026-01-13 07:53:00,0
16.69446584205598,74.25210355876371,2026-03-09 16:44:00,0
16.712016234014744,74.24801568179687,2026-03-07 04:41:00,0
16.705995656123253,74.25430356667054,2026-02-11 01:58:00,0
16.70521232496515,74.26451933825018,2026-01-09 18:34:00,0
16.704972810504966,74.2655207313214,2026-01-10 09:42:00,0
16.69970200597958,74.24905646178095,2026-03-24 04:37:00,0
16.70158045026022,74.25215120506026,2026-01-27 13:41:00,0
16.690518523355742,74.25421411451248,2026-02-27 08:35:00,0
16.682508464169995,74.25714155951788,2026-03-27 02:23:00,0
16.70120064904276,74.24910359335318,2026-02-14 09:32:00,0
16.702591922050175,74.24862358587089,2026-01-19 21:26:00,0
16.712570686528657,74.2606900306898,2026-01-21 15:40:00,0
16.71255998787999,74.25055524528197,2026-01-17 07:44:00,0
16.692015811253647,74.25907357192023,2026-03-14 23:44:00,0
16.6971818797204,74.26846842252914,2026-02-01 03:10:00,0
16.70384267436705,74.2495857621007,2026-03-03 15:10:00,0
16.720255237421938,74.25834843393272,2026-03-07 10:35:00,0
16.71184079362971,74.26819805387001,2026-02-19 10:45:00,0
16.708955177295987,74.2566538528771,2026-02-18 16:26:00,0
16.696897696355606,74.25541064247314,2026-01-17 05:56:00,0
16.69293440295076,74.26930796651446,2026-02-17 15:18:00,0
16.706311263067064,74.25755038336823,2026-03-09 15:18:00,0
16.691194709886123,74.26883596020166,2026-01-18 13:43:00,0
16.698092509192158,74.26343172312902,2026-01-21 21:10:00,0
16.699081776407983,74.25725724277673,2026-03-04 03:10:00,0
16.712743296712983,74.26383752424479,2026-03-30 08:41:00,0
16.697162421576323,74.26256359611078,2026-02-05 06:47:00,0
16.680486002891417,74.26816706256803,2026-03-16 13:10:00,0
16.7040355571813,74.25561323569708,2026-01-17 10:44:00,0
16.69440782517517,74.26032964853425,2026-02-21 06:35:00,0
16.7003410481955,74.25950787456317,2026-03-26 22:34:00,0
16.699306362393262,74.26563318513313,2026-02-09 17:45:00,0
16.69781036803346,74.25179856644445,2026-02-15 14:41:00,0
16.706322724654278,74.26813581638591,2026-01-14 22:59:00,0
16.68773708097318,74.26373063017736,2026-02-17 12:33:00,0
16.695863886200364,74.24946459941094,2026-02-22 16:59:00,0
16.705472303304937,74.26966610260385,2026-03-30 07:45:00,0
16.695087321797246,74.27787274464639,2026-01-19 02:04:00,0
16.68712954632584,74.2680146717564,2026-02-02 23:26:00,0
16.705348442746054,74.27141587813782,2026-02-28 06:04:00,0
16.70898475704353,74.26068297105283,2026-03-26 20:55:00,0
16.699640038338856,74.2467079606421,2026-01-22 09:48:00,0
16.684313235212244,74.24524703639067,2026-03-04 13:02:00,0
16.70564775797359,74.26204065635095,2026-03-21 03:22:00,0
16.686720896948643,74.25526416953817,2026-02-26 23:29:00,0
16.702470394214785,74.25268338977338,2026-02-08 09:54:00,0
16.69290028940206,74.25949802652825,2026-01-22 02:20:00,0
16.690721285713863,74.26492468230289,2026-01-26 22:11:00,0
16.69646471986336,74.24837793962591,2026-01-05 15:47:00,0
16.69853361954858,74.25640897903776,2026-01-14 16:22:00,0
16.694846333996907,74.27207896546497,2026-02-09 09:36:00,0
16.70470962622572,74.25139769295824,2026-01-13 15:28:00,0
16.69643144497233,74.26695808949732,2026-01-01 21:58:00,0
16.707841526973375,74.25612215390761,2026-03-04 08:11:00,0
16.702249385325146,74.2643663500788,2026-01-07 09:21:00,0
16.69441954234723,74.26877862005763,2026-01-13 16:48:00,0
16.69307248092934,74.26593025413588,2026-02-23 13:54:00,0
16.68682002960762,74.26727327681772,2026-03-24 23:08:00,0
16.702325865422935,74.25078725173275,2026-03-07 04:51:00,0
16.697163299621987,74.26890927765393,2026-01-03 22:14:00,0
16.681022435775493,74.25317845508293,2026-01-16 02:46:00,0
16.695714281017842,74.26207633412457,2026-03-08 15:11:00,0
16.69279172776596,74.26206596949598,2026-03-07 22:12:00,0
16.712605420737365,74.26388098047096,2026-02-05 04:36:00,0
16.68637777110485,74.26269565340849,2026-03-27 11:24:00,0
16.688469193602128,74.2532495201718,2026-03-21 23:05:00,0
16.708879757144846,74.24920106070164,2026-03-08 21:15:00,0
16.71085410525971,74.2669787894397,2026-03-09 08:10:00,0
16.694040136490194,74.26148667662015,2026-03-12 14:59:00,0
16.69494331341753,74.26919501472767,2026-01-14 08:36:00,0
16.704929883172426,74.25964213652651,2026-03-05 01:32:00,0
16.68138320162444,74.2487586851146,2026-03-26 14:11:00,0
16.685110450523954,74.26772903744804,2026-01-21 05:25:00,0
16.697754132793193,74.25703703512272,2026-01-02 07:38:00,0
16.712399124529032,74.26273602765937,2026-02-02 11:31:00,0
16.696514159294665,74.25482032457217,2026-01-25 06:22:00,0
16.70080749433388,74.27315441368188,2026-03-27 10:24:00,0
16.70907031418051,74.25298748140654,2026-02-10 03:06:00,0
16.716855077866224,74.25730056196716,2026-03-01 12:12:00,0
16.695385212214813,74.26085958962159,2026-03-30 08:59:00,0
16.699865306210132,74.25126254138331,2026-03-13 00:17:00,0
16.714576441770742,74.2626441562287,2026-03-09 10:00:00,0
16.687822405798467,74.27289528381975,2026-03-29 04:22:00,0
16.70822064856443,74.25607630271446,2026-03-03 23:55:00,0
16.69185347574111,74.26316114255226,2026-01-21 19:54:00,0
16.700819778936825,74.2380045169117,2026-03-07 09:50:00,0
16.6980590476208,74.25968856639612,2026-01-29 22:50:00,0
16.69233590719439,74.2574956617126,2026-01-30 18:47:00,0
16.69213518457873,74.25345201918073,2026-02-28 00:46:00,0
16.70221131491403,74.26865160375704,2026-01-29 09:27:00,0
16.7079643146253,74.25739005054702,2026-01-03 04:36:00,0
16.69896211037449,74.25858018010325,2026-03-31 23:03:00,0
16.700560905269864,74.2569824570017,2026-02-21 09:49:00,0
16.704569392530328,74.24466547302589,2026-03-02 07:13:00,0
16.692227049815894,74.25094410847939,2026-03-14 18:46:00,0
16.705917540067304,74.26768874788897,2026-02-27 02:33:00,0
16.706554744776476,74.24312039482497,2026-02-24 22:33:00,0
16.720829010390002,74.25386947720308,2026-03-13 06:22:00,0
16.696991166475524,74.25680223954969,2026-01-27 14:02:00,0
16.696335345586654,74.27394897493834,2026-03-16 13:26:00,0
16.70615172697259,74.26614883012398,2026-03-07 04:03:00,0
16.706552833351296,74.25554263578358,2026-01-17 09:21:00,0
16.695719302772986,74.27043610957693,2026-01-14 03:25:00,0
16.69677469858456,74.254075873436,2026-03-21 04:07:00,0
16.704329046705745,74.26807279842988,2026-03-22 12:42:00,0
16.693379326074123,74.24912898203262,2026-03-31 10:08:00,0
16.696715728095878,74.26858606265432,2026-01-10 01:58:00,0
16.700716742138948,74.25675093083623,2026-03-22 14:32:00,0
16.70796750947858,74.25177196607247,2026-03-19 17:08:00,0
16.695163211070565,74.2582628510954,2026-03-11 02:00:00,0
16.685260924303755,74.26221875343776,2026-02-14 19:16:00,0
16.684667220259854,74.2560420125558,2026-02-15 18:22:00,0
16.68992469546635,74.26443162804797,2026-02-08 13:52:00,0
16.6894946582544,74.25533604893069,2026-01-03 15:12:00,0
16.69876311393104,74.26496297915146,2026-02-15 01:25:00,0
16.69048895877122,74.26353777649629,2026-01-22 08:15:00,0
16.69437796032143,74.25951261556234,2026-01-19 00:26:00,0
16.693807312920143,74.25646894150108,2026-01-06 00:46:00,0
16.696475937113217,74.26121232636612,2026-02-11 04:36:00,0
16.710580034652185,74.26440202994428,2026-01-05 07:25:00,0
16.705295580715443,74.27649439322185,2026-03-18 11:23:00,0
16.700129035322206,74.26751536337439,2026-03-22 01:19:00,0
16.696311789755352,74.26780791959852,2026-03-14 02:03:00,0
16.696534138747015,74.28470809755889,2026-01-28 02:07:00,-1
16.702621971759616,74.26412766781415,2026-01-15 16:11:00,0
16.704673352586816,74.2638771480905,2026-02-15 10:02:00,0
16.692739059951194,74.26563212059457,2026-03-02 14:35:00,0
16.700291846044912,74.2519282721793,2026-01-02 20:28:00,0
16.683747043450694,74.25644878690865,2026-03-19 02:46:00,0
16.701693710273364,74.25595064586646,2026-02-09 11:18:00,0
16.70609719393567,74.26518091181777,2026-03-15 18:41:00,0
16.697759450984954,74.25860660350223,2026-01-08 00:24:00,0
16.714532215969122,74.26110578740379,2026-02-08 07:21:00,0
16.69295009242051,74.26869963696119,2026-02-11 05:57:00,0
16.701739523322427,74.26690520590964,2026-01-05 07:52:00,0
16.69971340202667,74.25870623197568,2026-03-05 16:04:00,0
16.699197618660452,74.25464003922498,2026-03-25 19:19:00,0
16.699085422655962,74.26908219785324,2026-02-18 15:41:00,0
16.700856840240075,74.26619112944728,2026-02-05 15:06:00,0
16.706783669947708,74.24714994545364,2026-02-27 05:52:00,0
16.711021889890198,74.25749476848874,2026-02-02 11:42:00,0
16.699981998043967,74.26132412369614,2026-02-02 09:04:00,0
16.706522528577374,74.26623063773697,2026-03-10 08:33:00,0
16.694385864429865,74.26728081195952,2026-02-23 04:20:00,0
16.70612764362181,74.26227124800941,2026-01-24 18:10:00,0
16.693904067809385,74.26468198025087,2026-02-06 16:04:00,0
16.708725279488704,74.26051309441903,2026-03-17 03:03:00,0
16.717685127019145,74.25460918649456,2026-02-17 14:01:00,0
16.699023328896228,74.25790988487168,2026-01-07 20:16:00,0
16.68245965207354,74.26015192949312,2026-03-19 03:09:00,0
16.69561541653404,74.25972256599985,2026-03-08 15:56:00,0
16.66491541676445,74.2224332035695,2026-01-25 00:28:00,0
16.676820133320565,74.2108992480371,2026-03-28 22:06:00,0
16.680449645224712,74.21180590132512,2026-03-27 15:58:00,0
16.677749040064754,74.21924703148346,2026-03-31 14:51:00,0
16.678025409635907,74.22402920230019,2026-02-04 00:03:00,0
16.683903930966437,74.2284921501633,2026-03-25 03:25:00,0
16.671368342503612,74.22485642747816,2026-03-14 13:48:00,0
16.66697566228839,74.22058925275994,2026-03-20 08:50:00,0
16.677214641673306,74.21403044197154,2026-02-19 05:42:00,0
16.686112915244014,74.21143274403325,2026-01-26 02:22:00,0
16.693500424315893,74.21591298329336,2026-01-21 09:51:00,0
16.68625702591276,74.22327948467985,2026-03-28 23:57:00,0
16.66825388992105,74.22269298965301,2026-02-15 05:16:00,0
16.678141062084986,74.2032007841142,2026-03-25 12:15:00,0
16.682053075048653,74.21371458377386,2026-02-19 22:10:00,0
16.68142072893539,74.22963606041284,2026-02-18 02:14:00,0
16.68431443642354,74.22063372038244,2026-01-07 14:12:00,0
16.672663608428312,74.20866392869517,2026-02-06 04:29:00,0
16.680519544700406,74.23884656945279,2026-02-20 01:18:00,0
16.68336258263821,74.21976846614147,2026-01-10 20:01:00,0
16.68660536762643,74.22307467167451,2026-01-15 13:59:00,0
16.673554254667096,74.22319619804836,2026-02-23 03:46:00,0
16.677238745062056,74.21705923627071,2026-01-23 07:58:00,0
16.658369458559413,74.21417941054543,2026-03-05 01:10:00,-1
16.675028304259378,74.23697339988053,2026-02-11 10:29:00,0
16.67580468085623,74.22802564695694,2026-02-06 08:37:00,0
16.67184332393466,74.22657549760886,2026-01-11 13:32:00,0
16.68132489720186,74.22461031353374,2026-02-06 13:01:00,0
16.679552436543638,74.2119734608771,2026-02-18 19:10:00,0
16.66192628897938,74.23022024153393,2026-02-21 14:21:00,0
16.681724063754412,74.2132549387359,2026-01-25 07:36:00,0
16.67257340695369,74.22226629438521,2026-01-03 12:00:00,0
16.683885511673523,74.20688488075628,2026-03-26 03:11:00,0
16.66974519001817,74.20367312919483,2026-03-28 04:59:00,0
16.680240052308246,74.22254632962122,2026-03-23 08:54:00,0
16.677734693368908,74.21352720586243,2026-01-27 02:11:00,0
16.682424815079603,74.20408665942962,2026-02-24 05:36:00,0
16.68099757822121,74.22432487602357,2026-01-13 16:19:00,0
16.67795868659983,74.2369606461684,2026-03-23 12:00:00,0
16.667709821487644,74.23111648206864,2026-01-01 11:51:00,0
16.66818233629231,74.21794145691787,2026-02-12 08:38:00,0
16.675328904487262,74.22007076245357,2026-03-19 02:53:00,0
16.679933760928563,74.22710165005427,2026-03-07 07:12:00,0
16.675134016422408,74.22897702415868,2026-03-19 16:31:00,0
16.685001695444637,74.2172517142494,2026-02-14 16:09:00,0
16.677766232646306,74.22027342172579,2026-01-09 13:51:00,0
16.672279898201765,74.22240491845412,2026-01-01 16:54:00,0
16.677775229656095,74.22443101056223,2026-01-14 16:50:00,0
16.681806878690534,74.2189353884639,2026-01-06 04:17:00,0
16.682599077750595,74.21903931803945,2026-02-10 07:28:00,0
16.695027033055943,74.23103865863803,2026-01-05 13:11:00,0
16.674648725279972,74.22967616561954,2026-01-17 17:07:00,0
16.679412170707277,74.22381928458749,2026-02-07 17:55:00,0
16.683408991574556,74.23375287256019,2026-03-08 05:22:00,0
16.679812616326394,74.21690843390219,2026-03-02 16:20:00,0
16.67599505483209,74.23298378758903,2026-01-06 05:21:00,0
16.667605942589244,74.22434012354829,2026-03-23 07:06:00,0
16.675913323527574,74.24616820897772,2026-02-19 11:22:00,-1
16.67141038069826,74.21046014458574,2026-02-01 09:33:00,0
16.66618714655101,74.21448523798226,2026-02-04 10:49:00,0
16.673634569266635,74.2233503826256,2026-03-18 08:34:00,0
16.67162326623387,74.22317787242383,2026-02-11 20:17:00,0
16.684670292362345,74.2356011118734,2026-01-23 02:59:00,0
16.684808734699313,74.21465300253361,2026-02-08 05:28:00,0
16.672768965683353,74.22723934814955,2026-01-07 03:48:00,0
16.677918170955493,74.22929970403746,2026-01-14 18:49:00,0
16.6651340587031,74.22563718265776,2026-01-29 07:29:00,0
16.676045280398537,74.21231202926461,2026-01-20 19:48:00,0
16.683191855205617,74.23126207044203,2026-02-01 10:28:00,0
16.686599503116913,74.22983459945053,2026-01-06 19:59:00,0
16.67429562334647,74.22479667615832,2026-02-24 21:43:00,0
16.68841483888422,74.22163478149767,2026-01-11 09:01:00,0
16.667874464627893,74.22180886408036,2026-01-20 12:38:00,0
16.670018977606848,74.21937011366208,2026-03-30 00:15:00,0
16.685677294925103,74.22512628107403,2026-01-01 12:45:00,0
16.693368969828505,74.22024907882356,2026-01-26 04:20:00,0
16.683947455905468,74.21321180019717,2026-02-15 00:24:00,0
16.679677260907727,74.21161126684137,2026-01-28 15:10:00,0
16.66243853002782,74.21398370997078,2026-01-29 20:20:00,0
16.663820423551652,74.2217770579404,2026-01-12 10:32:00,0
16.681035276295166,74.21978435330851,2026-02-08 02:33:00,0
16.67713549864343,74.2217227503463,2026-03-09 23:09:00,0
16.671153318542782,74.22400650506837,2026-02-22 21:53:00,0
16.68052426064664,74.21498143259267,2026-03-25 04:08:00,0
16.68092105094006,74.23172528134675,2026-03-04 23:21:00,0
16.68755532694832,74.21785831338362,2026-03-13 01:51:00,0
16.6810928182641,74.21653258412175,2026-02-08 20:26:00,0
16.689827154946673,74.22385908989865,2026-02-25 03:15:00,0
16.68006395223639,74.205307918381,2026-02-22 00:48:00,0
16.67907732004154,74.21367572440222,2026-03-15 04:34:00,0
16.688514497489976,74.22784858238953,2026-02-15 02:21:00,0
16.67217247295967,74.2061006245675,2026-02-06 09:08:00,0
16.70251557962613,74.22894059357546,2026-01-07 07:18:00,0
16.683002059825334,74.23208909253087,2026-03-19 08:30:00,0
16.683046634022702,74.21704435729741,2026-02-09 04:45:00,0
16.68420076779178,74.2223345021394,2026-03-13 20:48:00,0
16.695017091802654,74.2289526966788,2026-03-03 00:44:00,0
16.686340059293382,74.21626568649565,2026-01-01 03:43:00,0
16.66715955216797,74.2269422041642,2026-02-28 14:54:00,0
16.69122776307814,74.21463080963895,2026-02-13 21:38:00,0
16.67727282736444,74.21617918165333,2026-01-22 13:54:00,0
16.680857240582714,74.2136053082854,2026-01-24 19:34:00,0
16.6697659682226,74.22274117759356,2026-02-27 09:59:00,0
16.68420961614499,74.22926375242052,2026-01-08 18:15:00,0
16.67478900567946,74.21852709654306,2026-02-24 13:37:00,0
16.68080135710395,74.2098300067207,2026-03-18 03:47:00,0
16.677727207957112,74.21133834542171,2026-01-08 19:35:00,0
16.69540010241389,74.22315679537097,2026-01-01 17:10:00,0
16.695858082401166,74.23475293130716,2026-01-06 10:53:00,0
16.680372105361716,74.22314979999452,2026-03-07 17:09:00,0
16.68051182169095,74.21690482759479,2026-03-18 07:13:00,0
16.677012456269203,74.22612947173481,2026-03-30 22:29:00,0
16.688848050332023,74.2180840109153,2026-01-03 14:16:00,0
16.677368641037333,74.21697371826109,2026-02-13 09:09:00,0
16.676629301802834,74.21233232715444,2026-01-05 08:02:00,0
16.687828742909318,74.23126759075397,2026-02-03 09:52:00,0
16.675693607237466,74.19968633666004,2026-01-28 17:10:00,0
16.67969795972441,74.22638287360223,2026-02-24 12:35:00,0
16.66734951374791,74.21629004049763,2026-03-23 19:25:00,0
16.685633522760984,74.21671727414838,2026-03-14 10:08:00,0
16.695526935513456,74.23353852124895,2026-01-06 17:24:00,0
16.6857698029824,74.2142869512624,2026-01-22 14:56:00,0
16.691694393340377,74.21455944676777,2026-01-25 17:46:00,0
16.67323118291058,74.21895684608864,2026-01-23 13:30:00,0
16.681890594256224,74.2233107790865,2026-02-01 18:59:00,0
16.672454720605046,74.21646515374165,2026-02-24 15:30:00,0
16.67817787563535,74.20740912855571,2026-03-08 13:29:00,0
16.68617769181882,74.21307441455295,2026-03-26 14:08:00,0
16.680814564904825,74.23025067085172,2026-03-05 06:18:00,0
16.66869887181919,74.22059821431309,2026-01-27 20:37:00,0
16.669479767155696,74.22360869826963,2026-01-17 13:40:00,0
16.668950688548072,74.21790863034262,2026-02-03 21:47:00,0
16.683931620719516,74.21472401843062,2026-03-13 23:15:00,0
16.696511156285254,74.233420555599,2026-03-31 09:35:00,0
16.690899665952003,74.21849446514359,2026-02-05 07:21:00,0
16.66483211840683,74.21645304096378,2026-01-16 20:38:00,0
16.691368607504558,74.22876913893084,2026-01-01 10:41:00,0
16.687491203336116,74.21422111712906,2026-01-07 22:15:00,0
16.66763760043577,74.2152421812498,2026-02-27 07:38:00,0
16.677574387066315,74.22008197347213,2026-02-23 01:52:00,0
16.688764179291965,74.2200021608327,2026-02-27 21:34:00,0
16.684403468087478,74.22207689078323,2026-01-03 04:25:00,0
16.669527239580894,74.23673335271516,2026-02-09 07:51:00,0
16.68488593724637,74.22268998597082,2026-01-17 05:44:00,0
16.662899995231356,74.20097556829799,2026-01-31 06:52:00,-1
16.678217422593942,74.22261039154745,2026-02-25 23:58:00,0
16.6891036541552,74.22030303995592,2026-01-25 19:33:00,0
16.68014715372457,74.22034760019481,2026-03-01 08:32:00,0
16.676008499600304,74.22196757847517,2026-01-27 00:35:00,0
16.687114770030178,74.2197705736986,2026-02-15 22:31:00,0
16.68779801452069,74.21957910325555,2026-02-11 07:39:00,0
16.690480317542935,74.22490435367817,2026-02-04 12:53:00,0
16.686994739427572,74.21566335362245,2026-01-12 08:14:00,0
16.6886509983515,74.21241850931489,2026-02-21 20:35:00,0
16.6858632684595,74.24419025162098,2026-03-31 02:36:00,0
16.682124229192933,74.21427314044975,2026-02-27 21:42:00,0
16.68071607199811,74.22080114329968,2026-03-09 02:55:00,0
16.67810192224722,74.208034717993,2026-03-14 07:31:00,0
16.67030105365552,74.2209317473204,2026-01-04 10:31:00,0
16.67235750792944,74.21253419559449,2026-03-13 08:20:00,0
16.67774388414452,74.2164602164572,2026-01-22 19:43:00,0
16.68193161727682,74.22836051732617,2026-03-01 19:58:00,0
16.691526500784033,74.22377607654703,2026-03-30 13:08:00,0
16.679665622176994,74.2245472761966,2026-03-22 11:32:00,0
16.68802781032702,74.20583036129287,2026-02-07 07:10:00,0
16.688634525251455,74.23469516135863,2026-03-17 10:08:00,0
16.678148425618488,74.21046494951247,2026-02-25 16:10:00,0
16.684757521690962,74.23222848651434,2026-01-12 23:48:00,0
16.6780517756662,74.22817235092785,2026-01-22 14:12:00,0
16.690577087152626,74.22461866193427,2026-03-28 02:25:00,0
16.685086746706126,74.21316012175274,2026-03-24 08:51:00,0
16.67047612996249,74.22121271875855,2026-03-22 06:09:00,0
16.681292197217232,74.21623262871483,2026-02-04 13:53:00,0
16.69318489729459,74.22023231657204,2026-01-29 21:12:00,0
16.678550151723627,74.21800102192732,2026-03-14 12:58:00,0
16.68358172024076,74.20369111594742,2026-01-02 19:35:00,0
16.684367030701914,74.22897427320788,2026-03-22 18:33:00,0
16.671707016806682,74.2193511427476,2026-02-24 08:35:00,0
16.68408566359371,74.21612159680399,2026-02-26 22:38:00,0
16.66884931878372,74.21551738213736,2026-02-09 10:58:00,0
16.674995007148787,74.22286767661093,2026-03-30 03:17:00,0
16.688605783739952,74.21284994929364,2026-03-09 11:03:00,0
16.682854050322465,74.2019585955322,2026-01-05 20:17:00,0
16.677564177538027,74.22325703842567,2026-02-17 05:08:00,0
16.683571688169962,74.22415282398366,2026-03-19 08:47:00,0
16.67951926201796,74.21840294540257,2026-01-07 21:13:00,0
16.680100628018813,74.21081677699848,2026-03-08 07:38:00,0
16.68525454821376,74.22071148432711,2026-01-23 00:31:00,0
16.674181058074726,74.20828374105349,2026-02-15 14:05:00,0
16.677501854443147,74.21399441650797,2026-02-14 07:26:00,0
16.667315173003196,74.22675151256713,2026-01-04 09:24:00,0
16.672636353950004,74.2170991123965,2026-01-02 20:52:00,0
16.69254565157651,74.21641706870578,2026-03-08 07:12:00,0
16.68307778651668,74.23563754012329,2026-03-25 18:46:00,0
16.669411293588787,74.2228196999775,2026-01-27 06:35:00,0
16.66767716499321,74.2227119560838,2026-03-26 04:28:00,0
16.679102688799116,74.21704239403833,2026-02-10 17:42:00,0
16.692489492265413,74.2152290266589,2026-01-06 06:49:00,0
16.678505934921564,74.20250874847986,2026-02-17 18:58:00,0
16.690455996427232,74.22774992425539,2026-03-29 15:14:00,0
16.68281544616655,74.22358647764605,2026-01-23 12:10:00,0
16.683770003662765,74.2185666720543,2026-03-28 10:58:00,0
16.66931423592556,74.21890218638531,2026-02-28 16:14:00,0
16.687500183374,74.22588915409808,2026-02-05 15:31:00,0
16.67732054370181,74.20756231941536,2026-03-04 09:50:00,0
16.686904739628886,74.21528094934757,2026-02-06 01:37:00,0
16.673486640144112,74.21090957709686,2026-01-08 15:43:00,0
16.68141639478008,74.23417207425989,2026-03-20 08:50:00,0
16.6828160236315,74.22700524425483,2026-02-03 15:40:00,0
16.678767733467392,74.20237845887091,2026-02-20 22:02:00,0
16.68323636154469,74.20788990698688,2026-03-08 23:51:00,0
16.67786882339846,74.21894123461314,2026-01-08 11:04:00,0
16.67480752197567,74.21622047830341,2026-03-06 22:44:00,0
16.69284386706235,74.20940494233538,2026-02-02 20:55:00,0
16.68839162293089,74.2355580979012,2026-02-19 00:20:00,0
16.673913082039615,74.22250031931186,2026-02-11 03:22:00,0
16.684547554444755,74.2237985305829,2026-03-11 23:46:00,0
16.67405856916239,74.21446388040614,2026-01-17 21:05:00,0
16.6705225228507,74.22577819317742,2026-01-10 16:30:00,0
16.68827047553119,74.21695653791214,2026-02-06 23:39:00,0
16.66636720299482,74.21773325461034,2026-01-11 15:20:00,0
16.687414847308613,74.2248880156786,2026-01-22 20:17:00,0
16.677978221499416,74.20696801947952,2026-03-01 04:10:00,0
16.678307627175357,74.23277622287881,2026-03-15 16:31:00,0
16.683278009756986,74.22145911371778,2026-03-04 09:36:00,0
16.684649590495955,74.23024755367024,2026-01-29 14:16:00,0
16.67338925458537,74.21139664194705,2026-03-15 07:22:00,0
16.685741804870002,74.21261467900777,2026-02-06 13:09:00,0
16.680906964304203,74.2107047982272,2026-01-17 07:02:00,0
16.669951561657054,74.22200238138132,2026-03-10 01:29:00,0
16.67864100413136,74.22052786641534,2026-02-16 12:13:00,0
16.69105023212447,74.21628470544616,2026-02-03 08:27:00,0
16.693412758385964,74.21188744645691,2026-03-01 11:23:00,0
16.68573878766087,74.20986722984215,2026-03-07 05:28:00,0
16.670477252094653,74.21961212879623,2026-01-21 03:11:00,0
16.683924855219647,74.21627530576329,2026-01-11 13:18:00,0
16.686806887230873,74.21451514406114,2026-02-16 12:33:00,0
16.68580566386655,74.23237671588905,2026-01-05 15:18:00,0
16.686279634309503,74.21934139457446,2026-02-27 11:02:00,0
16.68290610463398,74.23016034347141,2026-02-09 13:59:00,0
16.679420701289356,74.21573398253854,2026-01-20 07:12:00,0
16.675133060032767,74.22195821027039,2026-02-23 20:57:00,0
16.66481651585199,74.21955619186994,2026-02-03 19:13:00,0
16.682717134133707,74.20641902152386,2026-02-04 22:59:00,0
16.68148842274922,74.23142670645011,2026-01-20 11:17:00,0
16.684460606742597,74.21891877114373,2026-03-02 20:20:00,0
16.669299650453656,74.22597134575706,2026-03-23 06:21:00,0
16.685160133514522,74.21398377022031,2026-02-25 16:20:00,0
16.696436360756966,74.21868124494736,2026-01-22 07:29:00,0
16.680627601046222,74.21306518112061,2026-03-17 00:07:00,0
16.679506677446348,74.2298879878621,2026-01-11 21:00:00,0
16.682472018848685,74.2224912747796,2026-01-27 01:54:00,0
16.69625869619768,74.22293642821344,2026-01-04 03:56:00,0
16.6718108179064,74.23086547317683,2026-03-18 08:31:00,0
16.68162565546715,74.22925073037518,2026-01-05 01:05:00,0
16.673602740621618,74.22612274028909,2026-02-19 03:54:00,0
16.67562396223324,74.20862618122369,2026-01-18 05:49:00,0
16.679603277536945,74.21443456704387,2026-01-20 02:22:00,0
16.690778585932907,74.2119688949119,2026-02-24 17:43:00,0
16.69440792480551,74.225820269549,2026-03-14 08:09:00,0
16.683585137157014,74.221365215534,2026-01-02 14:07:00,0
16.676987242215812,74.20887590053096,2026-01-15 06:38:00,0
16.69994191093311,74.21849004629591,2026-01-26 19:22:00,0
16.676579564149364,74.20804710131425,2026-03-26 22:04:00,0
16.675430912685123,74.21957474809544,2026-01-06 05:38:00,0
16.66580045564337,74.2067570199681,2026-01-17 01:33:00,-1
16.691168732553958,74.22423061994708,2026-02-06 07:54:00,0
16.68774596473897,74.22302370100827,2026-01-30 07:18:00,0
16.69934244428893,74.23526358794678,2026-01-05 08:55:00,0
16.668883813182255,74.22678298631598,2026-02-18 14:49:00,0
16.691665366459834,74.21661668595343,2026-02-24 16:17:00,0
16.68056108414693,74.22654456074619,2026-01-16 22:18:00,0
16.6864488017344,74.20881868895243,2026-03-03 22:59:00,0
16.666817782871163,74.21230021917054,2026-01-06 02:33:00,0
16.69174465458132,74.2226651402566,2026-03-07 19:41:00,0
16.686292134010653,74.20273400269801,2026-01-24 07:46:00,0
16.67968871972171,74.21970271372052,2026-01-21 04:34:00,0
16.685160901501288,74.21183789366304,2026-01-18 16:12:00,0
16.67387603759166,74.22081045644123,2026-03-20 03:57:00,0
16.675364479315345,74.21137810913562,2026-02-15 04:32:00,0
16.676292443090997,74.22339398509963,2026-03-04 03:01:00,0
16.665178177106476,74.22015461938933,2026-01-19 08:32:00,0
16.686894067953627,74.23120292733505,2026-01-06 02:21:00,0
16.68953274891346,74.22005387627281,2026-01-04 10:29:00,0
16.67438924680189,74.2138508575603,2026-02-09 16:03:00,0
16.682785624127558,74.21802491315339,2026-01-30 09:07:00,0
16.677875676202966,74.20924610882386,2026-03-11 02:21:00,0
16.68262619169665,74.22324909803764,2026-03-12 22:57:00,0
16.674979382070312,74.22471880197052,2026-01-28 23:31:00,0
16.6729325987513,74.23975356829354,2026-02-09 00:29:00,0
16.68841659908819,74.21502531207517,2026-02-04 08:10:00,0
16.679489035319005,74.2178576434106,2026-03-02 18:10:00,0
16.696176871606827,74.2153939318045,2026-02-26 15:56:00,0
16.680370479718352,74.22169690960905,2026-02-28 14:19:00,0
16.672591375677197,74.22305352427584,2026-01-05 23:50:00,0
16.689815527011486,74.21957300124457,2026-01-31 09:57:00,0
16.68504640131317,74.22869060733498,2026-03-29 00:34:00,0
16.68581498290957,74.21506416396996,2026-01-31 18:18:00,0
16.689524805430942,74.22788939238312,2026-01-16 16:52:00,0
16.674777629649235,74.22430798282913,2026-01-18 23:09:00,0
16.678981973528117,74.2199037606408,2026-01-03 09:36:00,0
16.678628401348096,74.21748050687394,2026-03-12 06:31:00,0
16.669674027704676,74.23941334206985,2026-01-01 11:29:00,-1
16.677891278798732,74.21346393079406,2026-02-23 15:37:00,0
16.690691035663015,74.22238346541575,2026-02-05 23:02:00,0
16.68189870483035,74.21399824743806,2026-01-09 12:30:00,0
16.66923150937724,74.23428496598896,2026-03-21 13:59:00,0
16.66755328470668,74.22709461063039,2026-03-08 18:38:00,0
16.693318208469986,74.21457320096927,2026-03-15 18:41:00,0
16.679277447917958,74.22410075994745,2026-03-26 07:10:00,0
16.674820718354386,74.22206156577022,2026-03-24 02:01:00,0
16.677808065880825,74.2158670019042,2026-03-05 01:24:00,0
16.66818153796546,74.22606531373782,2026-02-18 00:58:00,0
16.691384761196094,74.22311444312884,2026-03-04 17:31:00,0
16.67685557649931,74.22172558971108,2026-02-10 09:17:00,0
16.690939212221906,74.21966464231006,2026-01-17 07:39:00,0
16.68041321371558,74.2234484359408,2026-02-04 17:27:00,0
16.691436255796546,74.22183510129194,2026-02-12 00:31:00,0
16.682053555992344,74.2204727466642,2026-01-05 04:15:00,0
16.686825861302953,74.21487187267209,2026-03-18 06:31:00,0
16.685752744368706,74.2335501299261,2026-03-23 20:33:00,0
16.684986328530016,74.21159664045321,2026-02-07 19:09:00,0
16.682783475817462,74.22342108975104,2026-02-14 15:44:00,0
16.678137194271073,74.21743807406159,2026-03-17 16:29:00,0
16.695323477532583,74.23407637815559,2026-02-10 22:56:00,0
16.672744504119233,74.21277213970221,2026-03-03 22:22:00,0
16.680034461138746,74.21411789390592,2026-02-16 08:45:00,0
16.68011908700166,74.21224145549391,2026-01-25 09:38:00,0
16.683219526026747,74.2225877204076,2026-03-13 11:22:00,0
16.676564218832844,74.20901559472345,2026-01-18 08:16:00,0
16.682517970444717,74.21617177204193,2026-01-21 04:51:00,0
16.678649259318377,74.20278107341717,2026-03-04 05:24:00,0
16.667344379860495,74.22192337083303,2026-03-05 21:23:00,0
16.680076418290053,74.21599828112996,2026-03-27 21:38:00,0
16.671195477335758,74.20809554604854,2026-03-05 23:15:00,0
16.666124913900408,74.22868487522379,2026-01-03 05:21:00,0
16.681094986565515,74.20953866481292,2026-03-18 11:02:00,0
16.683903066736157,74.22637554952023,2026-02-07 06:03:00,0
16.684213584336835,74.2143916734081,2026-01-01 18:45:00,0
16.68453736565616,74.23281257102316,2026-02-22 02:44:00,0
16.664539287832476,74.2259964043114,2026-01-16 08:03:00,0
16.669111864576738,74.211935617033,2026-02-07 10:30:00,0
16.69578817149451,74.21266333958232,2026-02-12 09:27:00,0
16.671622329919384,74.22484420164179,2026-01-07 16:18:00,0
16.684886728249094,74.21790097495432,2026-03-18 13:10:00,0
16.67450449902667,74.21864525994383,2026-02-15 22:21:00,0
16.68063738191414,74.23017791089417,2026-03-28 20:39:00,0
16.67493396638181,74.21401048901303,2026-02-11 20:05:00,0
16.684492329236956,74.2207303501774,2026-02-23 12:54:00,0
16.681094192938534,74.22763702234921,2026-03-15 02:39:00,0
16.676413681810846,74.22647293990708,2026-01-20 02:12:00,0
16.671598623042556,74.21872309865984,2026-03-23 19:21:00,0
16.68214219357994,74.21768875295318,2026-01-17 14:42:00,0
16.670298249607658,74.20608947629984,2026-03-31 15:14:00,0
16.683419848336968,74.21155004005868,2026-02-27 13:11:00,0
16.701011879272293,74.22254687381259,2026-02-16 16:30:00,0
16.690801360410095,74.21889694248846,2026-01-19 21:44:00,0
16.68574678309515,74.22059941662853,2026-02-21 05:14:00,0
16.67931514161807,74.22831402887707,2026-02-19 18:40:00,0
16.664489978983973,74.2105014151275,2026-03-30 12:51:00,0
16.669421708832797,74.21811055758214,2026-03-17 03:11:00,0
16.690262342848822,74.22150968770728,2026-02-13 11:03:00,0
16.673681951359,74.2143667204994,2026-02-05 02:00:00,0
16.674405983214687,74.23145181691142,2026-02-04 20:07:00,0
16.678674796194528,74.2272686944129,2026-02-04 01:29:00,0
16.671503629929227,74.22232106661671,2026-01-02 05:20:00,0
16.670185850123588,74.23435385423463,2026-01-04 06:03:00,0
16.67959620741775,74.20800883776312,2026-03-09 15:02:00,0
16.672867764362625,74.21993818975115,2026-01-23 20:49:00,0
16.67407185136177,74.22293069575147,2026-02-07 00:22:00,0
16.673750471790825,74.21268355962565,2026-03-04 20:05:00,0
16.684178881710675,74.22240571633453,2026-02-24 16:12:00,0
16.678142994476037,74.21114734004969,2026-02-02 10:26:00,0
16.678571424256848,74.22552445854619,2026-03-09 17:14:00,0
16.68477556717847,74.22846267814504,2026-01-15 05:55:00,0
16.678863683134136,74.22217866720902,2026-02-12 12:54:00,0
16.677773969852343,74.20517761747948,2026-01-10 12:27:00,0
16.68376360284456,74.21226565183068,2026-02-17 20:17:00,0
16.68534558274846,74.2245176800257,2026-01-09 13:18:00,0
16.67882341200393,74.2201695891481,2026-03-26 17:46:00,0
16.680644862204964,74.19844797905846,2026-03-01 07:43:00,0
16.673745678162135,74.22994264307094,2026-01-23 02:10:00,0
16.673114535654683,74.22109325205003,2026-02-25 03:15:00,0
16.686153180015733,74.213447402688,2026-02-01 11:58:00,0
16.683559536500358,74.22795964478053,2026-02-16 16:00:00,0
16.683642387507334,74.21457967989674,2026-01-16 01:27:00,0
16.682246834789805,74.21449238305917,2026-02-15 00:42:00,0
16.68036962620652,74.22286682120811,2026-01-10 14:38:00,0
16.685571295126582,74.23424830767394,2026-01-14 18:46:00,0
16.687480870088184,74.23298869742378,2026-02-22 13:27:00,0
16.687289824041525,74.22287769199123,2026-02-15 01:18:00,0
16.67919377667243,74.2236990852708,2026-01-27 10:08:00,0
16.691095941839272,74.22633199145668,2026-01-06 09:27:00,0
16.681827685453857,74.20994413059704,2026-02-08 02:47:00,0
16.685059009540527,74.22515318669721,2026-03-25 07:51:00,0
16.68225670312668,74.21412741225485,2026-03-05 17:25:00,0
16.681976053659874,74.22254782453437,2026-01-06 05:20:00,0
16.674113984077998,74.21818025897915,2026-03-26 09:50:00,0
16.68561080670676,74.22400966661691,2026-02-08 02:49:00,0
16.702762355159262,74.22094482772005,2026-02-21 19:43:00,0
16.67700163940168,74.19541575783343,2026-01-01 01:14:00,-1
16.6805679577234,74.22143113369364,2026-01-28 21:47:00,0
16.67643035788522,74.22513722361839,2026-03-12 18:05:00,0
16.676095840787504,74.2235674267867,2026-01-30 18:16:00,0
16.69235559582495,74.21917931243033,2026-01-15 22:55:00,0
16.67461623185818,74.23313729353544,2026-01-09 03:49:00,0
16.67620735621307,74.22249098503298,2026-03-25 05:49:00,0
16.66730005741015,74.22350138640154,2026-03-15 03:46:00,0
16.67393910620366,74.22835593515241,2026-01-04 22:59:00,0
16.666332800856374,74.22290074399757,2026-03-25 06:29:00,0
16.685054437593696,74.21281585797269,2026-03-15 20:54:00,0
16.702397577774697,74.20049330068976,2026-02-02 09:25:00,-1
16.677066569650794,74.21618303278386,2026-03-01 02:20:00,0
16.666665936536077,74.22608756420705,2026-01-24 05:10:00,0
16.68719999731544,74.21717522934865,2026-01-23 11:25:00,0
16.67418460032856,74.22640942697825,2026-03-06 07:19:00,0
16.690394775444428,74.22118982540736,2026-01-19 05:13:00,0
16.67774376761768,74.2303045285621,2026-02-01 23:11:00,0
16.674945474487338,74.21763826634303,2026-02-02 04:35:00,0
16.678576339554034,74.22374091861253,2026-01-14 12:33:00,0
16.68606221408749,74.22404708051629,2026-03-16 13:21:00,0
16.678180634953954,74.23201281498105,2026-03-02 15:27:00,0
16.67602620237765,74.20634690154932,2026-03-19 13:49:00,0
16.678409347176167,74.21633273380357,2026-02-17 03:41:00,0
16.66982515852399,74.22678812884311,2026-01-16 18:36:00,0
16.683176252818352,74.23236717183823,2026-01-26 03:44:00,0
16.665706187249242,74.22192057210114,2026-02-01 19:26:00,0
16.676447028365075,74.21765836668463,2026-03-26 18:38:00,0
16.686075081670644,74.2260569469494,2026-01-22 08:58:00,0
16.682424386263463,74.22694962140186,2026-03-04 09:03:00,0
16.68472256458389,74.21712270657066,2026-01-12 00:54:00,0
16.67947963461825,74.22264245849742,2026-03-28 00:54:00,0
16.689357969447883,74.22944421809929,2026-02-28 04:19:00,0
16.687397593574158,74.2351236719462,2026-02-08 18:16:00,0
16.68356912803398,74.22594083967388,2026-02-01 03:04:00,0
16.687420366218507,74.22035311117332,2026-02-01 21:50:00,0
16.68600338843523,74.21956739859169,2026-01-21 06:49:00,0
16.676484291893225,74.22445917245754,2026-02-23 23:34:00,0
16.66924880870647,74.21907461726016,2026-03-19 22:33:00,0
16.68336289700674,74.22151712399217,2026-01-22 17:00:00,0
16.684368713846652,74.21153698988375,2026-03-09 08:22:00,0
16.68872377592911,74.23037645757192,2026-02-20 22:57:00,0
16.672509429799636,74.21087852218281,2026-03-11 15:19:00,0
16.672748551525782,74.21654310591637,2026-03-11 06:41:00,0
16.683679202130463,74.22078074608682,2026-01-04 12:39:00,0
16.679430664089175,74.23592789503911,2026-01-02 21:49:00,0
16.66491390711543,74.21661853612117,2026-03-24 08:40:00,0
16.683000865310035,74.21467187348831,2026-01-14 23:43:00,0
16.66518061668009,74.21559346466132,2026-02-21 17:26:00,0
16.672437947585014,74.2332711773409,2026-03-09 18:39:00,0
16.69081345098288,74.19750122405195,2026-02-15 08:12:00,-1
16.694599032142456,74.21197809590281,2026-01-01 13:18:00,0
16.670274749052226,74.24185030967328,2026-01-01 22:51:00,-1
16.6773648677007,74.22472705658794,2026-03-02 06:13:00,0
16.680340980184628,74.21115212040529,2026-03-22 18:57:00,0
16.69424981542065,74.2196646561426,2026-01-31 21:48:00,0
16.676057048417405,74.22053963652854,2026-02-18 22:48:00,0
16.676184927815733,74.22676900196724,2026-03-26 00:56:00,0
16.6923898044677,74.23471601602257,2026-03-16 06:19:00,0
16.677001686778254,74.22310841345023,2026-02-18 15:30:00,0
16.685777613671732,74.21568169357589,2026-02-28 23:54:00,0
16.6681828562791,74.22629667553679,2026-03-28 12:23:00,0
16.67863013804726,74.2144139784251,2026-03-13 16:51:00,0
16.66672322529339,74.21173330003208,2026-02-07 10:14:00,0
16.671556529752355,74.20592072902434,2026-03-04 08:43:00,0
16.686713610841217,74.207478972844,2026-01-30 14:27:00,0
16.679600756871306,74.212828438751,2026-03-24 21:16:00,0
16.677447154075576,74.2105776818584,2026-01-09 10:02:00,0
16.674010003008153,74.22250589221899,2026-01-21 07:02:00,0
16.67823475141407,74.21040478539341,2026-02-01 03:23:00,0
16.682408905336807,74.1948506695838,2026-01-19 04:32:00,-1
16.687863329651694,74.21164870580328,2026-02-23 13:19:00,0
16.658998826527224,74.21622512281823,2026-03-06 03:05:00,-1
16.673345910605896,74.21515640409703,2026-03-22 03:21:00,0
16.68127276993751,74.23215619743448,2026-02-15 03:00:00,0
16.679209095072302,74.21509165952568,2026-02-25 22:07:00,0
16.683227009940214,74.2270473877056,2026-02-23 22:11:00,0
16.682140322289012,74.21984813920255,2026-01-01 07:21:00,0
16.677561057096053,74.21966156219462,2026-03-05 18:27:00,0
16.675785174432104,74.21331695768922,2026-01-03 02:14:00,0
16.678035988082115,74.21952973878736,2026-02-19 06:26:00,0
16.68918993879858,74.21387923098482,2026-03-31 23:34:00,0
16.674143936536755,74.22136019451403,2026-03-12 21:25:00,0
16.679497546214847,74.21811000293901,2026-02-15 13:59:00,0
16.681466737711986,74.21244297653446,2026-01-29 16:45:00,0
16.692482807438996,74.2279351547176,2026-03-17 08:22:00,0
16.677597533934108,74.22341472384016,2026-03-19 07:25:00,0
16.68767045324809,74.21641549812686,2026-02-03 02:54:00,0
16.68985583522612,74.22116394437629,2026-01-10 16:34:00,0
16.679489965880073,74.21932941982799,2026-02-22 09:37:00,0
16.678314248167386,74.2130592725019,2026-02-27 01:26:00,0
16.677367570623613,74.22056396983217,2026-03-26 01:35:00,0
16.67795341492606,74.21503190596154,2026-03-22 02:41:00,0
16.686833918884613,74.21244052931503,2026-01-21 14:46:00,0
16.681848079818042,74.20701786135787,2026-01-23 17:49:00,0
16.68188231767336,74.21713114117169,2026-03-31 17:30:00,0
16.67099821191696,74.22453576527667,2026-01-30 09:57:00,0
16.672260079380997,74.21444272517297,2026-02-11 06:07:00,0
16.697147574598215,74.24016566953726,2026-01-28 11:45:00,0
16.67857739419769,74.22708548522922,2026-02-05 09:36:00,0
16.673801824035372,74.23043464106128,2026-02-20 18:48:00,0
16.691448793324714,74.2263619440966,2026-01-27 07:42:00,0
16.68225446838947,74.23482291979951,2026-02-07 03:48:00,0
16.684625239334917,74.21370398413222,2026-02-01 17:43:00,0
16.678895623397747,74.19951410091473,2026-01-10 17:11:00,0
16.677450615275387,74.21643099513318,2026-03-12 19:15:00,0
16.67864330902002,74.22446574860437,2026-03-22 05:10:00,0
16.66893809463761,74.22121213577398,2026-02-14 06:46:00,0
16.67929658072464,74.22220378088774,2026-01-19 10:06:00,0
16.68236826461634,74.23056728002136,2026-02-27 21:00:00,0
16.69480370587075,74.2230564605957,2026-02-18 01:36:00,0
16.680687992520042,74.22639130342073,2026-02-19 14:38:00,0
16.661326583662316,74.21248349806518,2026-02-23 12:46:00,0
16.67924811653772,74.21123685048627,2026-03-06 14:39:00,0
16.701916033064865,74.23291291138419,2026-01-04 16:01:00,0
16.686930929879882,74.22080721228117,2026-01-09 22:44:00,0
16.67351288844953,74.21501416653243,2026-01-09 14:44:00,0
16.684728852115445,74.21502884405162,2026-01-14 22:00:00,0
16.67406389260088,74.21480701502689,2026-03-29 10:50:00,0
16.669169539843626,74.21432832783164,2026-03-07 16:51:00,0
16.677213045094128,74.20973481757918,2026-03-01 19:20:00,0
16.68073221151391,74.20799663678224,2026-03-04 21:31:00,0
16.665022755980534,74.21843996497876,2026-01-04 00:30:00,0
16.67080672567569,74.21525659303744,2026-01-20 04:45:00,0
16.680082684505457,74.22885727428354,2026-03-13 11:28:00,0
16.67673461459209,74.22234461322613,2026-02-11 15:34:00,0
16.68315849016917,74.22212254144063,2026-02-15 18:27:00,0
16.67028265338153,74.21405503673957,2026-03-09 12:32:00,0
16.685712909988425,74.21903177267376,2026-01-07 18:25:00,0
16.67052992722352,74.22288800882905,2026-03-13 21:04:00,0
16.693141874415502,74.2257295659177,2026-03-03 06:25:00,0
16.666273933724973,74.21924886538785,2026-02-06 07:48:00,0
16.671259565836934,74.22863299023459,2026-02-14 22:35:00,0
16.683338966424255,74.22006391447127,2026-01-07 16:21:00,0
16.69331386601198,74.22634277694814,2026-01-19 10:37:00,0
16.68252034428893,74.21608118233128,2026-01-23 04:10:00,0
16.68450286336146,74.20549929306745,2026-03-20 23:50:00,0
16.680140295213384,74.22214687190414,2026-01-11 03:26:00,0
16.67178881236708,74.22580259250518,2026-01-27 05:22:00,0
16.676078893214086,74.22460277865446,2026-01-12 20:34:00,0
16.67030472224015,74.2233774932915,2026-01-26 14:38:00,0
16.669770320257786,74.21721130427235,2026-01-01 22:56:00,0
16.683213991354556,74.21354602998844,2026-01-25 13:11:00,0
16.671014576143296,74.22441382615234,2026-03-07 03:16:00,0
16.682556432053786,74.22341157932958,2026-03-11 01:42:00,0
16.66958541798223,74.21551280727324,2026-02-04 03:28:00,0
16.682371064160932,74.22887539351353,2026-03-05 13:12:00,0
16.676090539448296,74.21293707588362,2026-02-25 16:21:00,0
16.691252924269204,74.21533181296967,2026-03-23 06:47:00,0
16.68258975116463,74.23309140169873,2026-03-14 10:01:00,0
16.689886263143954,74.22694865550187,2026-01-21 15:22:00,0
16.6739548262686,74.21713592555287,2026-02-22 23:26:00,0
16.68044914672195,74.22229904567715,2026-03-12 18:32:00,0
16.67215130273507,74.2212383379562,2026-01-28 12:10:00,0
16.676691158058045,74.19803508908018,2026-02-21 13:46:00,-1
16.677903166218044,74.21274820840421,2026-02-06 00:32:00,0
16.674193134234503,74.21959322706313,2026-01-28 18:44:00,0
16.670275977129233,74.21714710818752,2026-01-18 22:34:00,0
16.668691861410778,74.22197682051865,2026-01-04 04:34:00,0
16.66128201507434,74.22903585850358,2026-03-09 11:40:00,0
16.671549228291973,74.21742771372277,2026-03-15 16:55:00,0
16.685019951173373,74.21153876163102,2026-02-28 15:44:00,0
16.667212011743892,74.22259881326809,2026-01-22 16:42:00,0
16.669055017229972,74.21738701333146,2026-01-02 16:39:00,0
16.69432718856986,74.21875149199343,2026-02-26 20:33:00,0
16.674908031601213,74.21766581024677,2026-01-18 23:48:00,0
16.68256836807332,74.23793470240008,2026-02-19 09:33:00,0
16.685138537172005,74.20207436591201,2026-03-29 07:41:00,0
16.68530020903825,74.21689332877494,2026-01-01 09:36:00,0
16.667821486155134,74.21997048779481,2026-02-21 22:45:00,0
16.678151522560803,74.21375086006174,2026-03-31 11:46:00,0
16.667054181843852,74.22719860665703,2026-01-31 02:05:00,0
16.69957054287128,74.22650606142976,2026-03-15 06:57:00,0
16.667240997887873,74.21961796305209,2026-03-16 12:43:00,0
16.67161727824904,74.21783460995725,2026-02-13 18:46:00,0
16.671675193161267,74.21910434532614,2026-01-28 14:49:00,0
16.668026716186215,74.21916170677082,2026-03-03 05:32:00,0
16.690820751278054,74.21937301577499,2026-02-25 18:01:00,0
16.699379583208668,74.21849600718787,2026-02-12 21:26:00,0
16.6761940070455,74.22201959451674,2026-01-18 08:18:00,0
16.669436614825244,74.22602569651862,2026-03-09 00:18:00,0
16.66210459601019,74.2101579188192,2026-01-20 00:35:00,-1
16.678047130251823,74.21159468880613,2026-01-13 02:08:00,0
16.67746907661471,74.20601185576413,2026-01-07 01:10:00,0
16.674789630989117,74.22693117920286,2026-02-10 04:07:00,0
16.68177100203181,74.22200258634552,2026-01-11 19:24:00,0
16.683161385142522,74.22404214012747,2026-01-31 04:45:00,0
16.6825846660635,74.20856401409308,2026-01-22 18:16:00,0
16.67747100102425,74.23427958498304,2026-02-11 08:51:00,0
16.671187025363405,74.21512919273484,2026-03-11 23:40:00,0
16.685326664782455,74.22134564645688,2026-02-10 13:01:00,0
16.680100110075372,74.22683507728543,2026-02-20 03:20:00,0
16.686320604395778,74.21562940513189,2026-01-11 04:13:00,0
16.668625903447623,74.2214333741968,2026-03-29 21:12:00,0
16.66852622234034,74.24285978460372,2026-02-25 19:08:00,-1
16.673955674250074,74.22240899794282,2026-01-02 09:27:00,0
16.671549876733675,74.23285088920504,2026-02-20 20:42:00,0
16.686042014207807,74.22964538516153,2026-01-01 21:45:00,0
16.6828104774079,74.22294408029195,2026-01-07 22:42:00,0
16.688793471950284,74.21208643382695,2026-02-03 14:37:00,0
16.68317189453929,74.22847802888654,2026-03-01 01:56:00,0
16.681669196654987,74.20801511726681,2026-02-25 20:00:00,0
16.689597838242754,74.23280700098941,2026-03-13 04:31:00,0
16.68375781871788,74.22160004246574,2026-01-17 04:03:00,0
16.680544807707502,74.19879821162161,2026-01-18 06:00:00,0
16.691843624271446,74.21727595123974,2026-02-17 23:41:00,0
16.680921447065224,74.22523158256739,2026-03-20 04:23:00,0
16.677565275160656,74.21810380901569,2026-03-07 01:11:00,0
16.673297413929777,74.22572004648795,2026-03-02 05:40:00,0
16.68562420367236,74.2131998066583,2026-01-09 11:10:00,0
16.68989640433474,74.2095521410177,2026-03-21 00:29:00,0
16.67959530078853,74.21942843677562,2026-03-30 14:21:00,0
16.690463324990237,74.22025252533832,2026-02-22 09:44:00,0
16.664239879744226,74.2172129251915,2026-01-31 07:16:00,0
16.679556373001535,74.22981832917314,2026-03-01 15:05:00,0
16.679679240703166,74.21319834099889,2026-02-27 19:37:00,0
16.67418404502074,74.22250532485866,2026-03-25 14:51:00,0
16.699070888303854,74.22054375976931,2026-01-10 23:09:00,0
16.67947045893849,74.20754627238291,2026-02-16 08:55:00,0
16.676738153827163,74.20944775853066,2026-03-05 20:29:00,0
16.680207696907466,74.22009528812998,2026-02-01 09:50:00,0
16.663977490091792,74.23584959998949,2026-03-17 15:23:00,-1
16.67392105659724,74.22463415849519,2026-01-06 19:48:00,0
16.687865919755563,74.20619492139885,2026-01-10 11:24:00,0
16.674968437160537,74.19511609547905,2026-03-13 04:12:00,-1
16.673368998697597,74.22586442874403,2026-01-12 07:51:00,0
16.690476205092114,74.21923029213657,2026-02-07 15:57:00,0
16.690722035207614,74.22913012775608,2026-01-26 07:03:00,0
16.68413592377729,74.2129542566343,2026-03-03 22:22:00,0
16.67635906132769,74.22280169998287,2026-01-02 01:46:00,0
16.67808423147907,74.22676938770422,2026-02-02 02:50:00,0
16.673566800307402,74.21642029089435,2026-03-30 17:52:00,0
16.67204181504777,74.21659131543815,2026-02-03 04:42:00,0
16.67164466809353,74.22020210264878,2026-02-23 20:30:00,0
16.67505556474572,74.22434141077248,2026-03-30 22:12:00,0
16.671722232074522,74.21988532796391,2026-02-24 16:23:00,0
16.667490359051655,74.22779197070207,2026-03-09 22:45:00,0
16.68175522135803,74.21630451848586,2026-03-28 07:21:00,0
16.681876764647146,74.20937283835629,2026-02-25 13:09:00,0
16.693606342067426,74.2358158029449,2026-03-16 21:10:00,0
16.67465329305316,74.21516293010765,2026-02-15 17:48:00,0
16.682368804716987,74.21545246333025,2026-03-15 06:45:00,0
16.682501700634198,74.21947357343142,2026-02-27 18:40:00,0
16.677969299510995,74.22053744887724,2026-01-31 13:19:00,0
16.685954668709996,74.21690653086009,2026-02-20 05:46:00,0
16.686201833494806,74.21986052882441,2026-01-31 03:18:00,0
16.68261928876158,74.21968190214858,2026-02-05 17:41:00,0
16.677954882359618,74.22139855461617,2026-01-27 06:09:00,0
16.677139759131563,74.2011401003281,2026-02-14 04:46:00,0
16.669057968809625,74.23504701045606,2026-02-01 04:51:00,0
16.673552657771058,74.21882169349172,2026-02-26 08:13:00,0
16.675023939808785,74.22464498095557,2026-02-03 06:08:00,0
16.671008225900565,74.20897518926773,2026-02-14 04:34:00,0
16.6835193917335,74.21623199791,2026-01-13 14:24:00,0
16.689573022951897,74.21462147306944,2026-02-04 19:02:00,0
16.672735500541368,74.23175779011606,2026-02-02 00:50:00,0
16.682267531485955,74.21531349114531,2026-03-28 11:53:00,0
16.67172711088376,74.22606463989553,2026-02-10 04:58:00,0
16.677560622632488,74.21479663637861,2026-01-02 22:30:00,0
16.674477363366577,74.21637904848276,2026-01-28 20:11:00,0
16.68481516518885,74.2180355986784,2026-03-07 15:33:00,0
16.67456969460926,74.23027076101464,2026-01-15 21:08:00,0
16.68809328330965,74.20488117872776,2026-01-15 16:02:00,0
16.678034233810703,74.2094746915578,2026-02-03 14:33:00,0
16.67480317032324,74.20442155867448,2026-02-02 02:38:00,0
16.669973557901237,74.21129998304191,2026-02-13 06:45:00,0
16.68202563608236,74.21350719959047,2026-01-04 01:47:00,0
16.68716174721781,74.20708414996727,2026-03-06 20:46:00,0
16.682186570052295,74.21412681802708,2026-01-20 06:08:00,0
16.697910653331316,74.20388228415253,2026-03-06 00:16:00,-1
16.69143829961976,74.21185609020986,2026-02-20 19:29:00,0
16.677539777882263,74.22960336319927,2026-01-19 05:49:00,0
16.67745578052954,74.22322870456225,2026-02-12 06:11:00,0
16.683757573755884,74.22149974137739,2026-01-04 07:10:00,0
16.673295846556595,74.21197777154977,2026-03-05 03:53:00,0
16.68933030645226,74.20771132032765,2026-01-28 08:12:00,0
16.68289280417475,74.21088675139572,2026-02-04 12:18:00,0
16.682051671286867,74.21965432138484,2026-01-15 03:24:00,0
16.685495629342167,74.22694541423782,2026-02-02 20:21:00,0
16.693782639066953,74.22721893933708,2026-02-05 14:54:00,0
16.6813676428175,74.22504489889987,2026-01-21 05:54:00,0
16.67909567703303,74.21409954508745,2026-03-30 03:23:00,0
16.69206975698658,74.22019639865923,2026-01-26 04:23:00,0
16.68774040332793,74.2174292597597,2026-01-17 07:06:00,0
16.67743216127693,74.21839048189204,2026-02-19 08:07:00,0
16.68004149158927,74.23629702317568,2026-01-29 16:46:00,0
16.68156304732751,74.20590399810396,2026-02-10 20:33:00,0
16.682894503556838,74.21812258547263,2026-03-07 06:14:00,0
16.669147201192487,74.22969399125756,2026-01-08 00:57:00,0
16.667660123137587,74.20827286803973,2026-02-15 19:50:00,0
16.67290087982398,74.21485002059786,2026-01-02 22:49:00,0
16.67228209245591,74.21576769201945,2026-01-04 22:53:00,0
16.67484940788822,74.21821368222356,2026-01-09 07:50:00,0
16.68507768513672,74.20723234272315,2026-01-15 13:15:00,0
16.678648566749402,74.22476228848271,2026-02-01 10:47:00,0
16.681571156840082,74.2253302982601,2026-03-26 04:08:00,0
16.670205572719663,74.22406700260014,2026-03-23 13:24:00,0
16.67630686237663,74.21303701060567,2026-01-10 06:50:00,0
16.684698061293957,74.2206920863263,2026-03-31 04:56:00,0
16.684759619665414,74.21280447808344,2026-02-27 03:48:00,0
16.674203409374496,74.21733922671383,2026-02-19 19:58:00,0
16.681293299091035,74.23722774341736,2026-03-13 07:25:00,0
16.69759078282786,74.22076556302076,2026-02-13 14:23:00,0
16.679859216565955,74.2104997873921,2026-01-24 21:20:00,0
16.67445450443086,74.22144268272531,2026-02-17 16:03:00,0
16.678609900885103,74.2091856325915,2026-03-07 06:10:00,0
16.680737416860214,74.21040791685988,2026-03-03 10:36:00,0
16.678790652954476,74.21167101491241,2026-01-16 06:58:00,0
16.679749162394586,74.21644552438244,2026-03-26 10:23:00,0
16.668452425624505,74.22749575196471,2026-01-26 15:03:00,0
16.672298956199313,74.22462718558414,2026-03-15 19:08:00,0
16.67880531810343,74.22418396262597,2026-01-29 01:32:00,0
16.67867785623982,74.21120860347527,2026-01-06 16:57:00,0
16.67547048580112,74.21566948515651,2026-03-31 16:17:00,0
16.678583891311387,74.22217600885506,2026-02-22 23:46:00,0
16.680488118843314,74.21497344011689,2026-01-20 07:28:00,0
16.687115307652196,74.21777306847758,2026-01-01 00:42:00,0
16.679206306118193,74.22353086954024,2026-01-12 15:05:00,0
16.683192825642386,74.21720981855039,2026-01-16 06:57:00,0
16.675667197588528,74.22180847671281,2026-03-25 07:29:00,0
16.684576765788787,74.23274182764816,2026-01-16 22:19:00,0
16.683005842380897,74.2186251296081,2026-01-15 13:46:00,0
16.68692653602544,74.22943470247775,2026-03-17 09:39:00,0
16.685707683699555,74.22447496053846,2026-03-21 03:14:00,0
16.68470988498305,74.20826206405211,2026-01-19 19:24:00,0
16.681959513816356,74.21333123293545,2026-02-18 02:24:00,0
16.688508071427613,74.21316132066454,2026-02-21 22:01:00,0
16.674783403444778,74.21927768203115,2026-01-29 00:27:00,0
16.674972737770425,74.22491715238465,2026-03-09 14:53:00,0
16.6814514511836,74.23004126733363,2026-03-21 06:55:00,0
16.683322237522123,74.2224654007098,2026-03-07 08:09:00,0
16.67340714800589,74.21643456355157,2026-03-23 06:49:00,0
16.679401899492692,74.20334207005097,2026-01-10 22:44:00,0
16.67924800980617,74.22056471660333,2026-03-01 03:14:00,0
16.66227775907517,74.22020616154956,2026-03-31 22:50:00,0
16.67824324808593,74.22146343002831,2026-02-18 05:03:00,0
16.67874145733721,74.23684992238162,2026-03-26 18:28:00,0
16.678717656457415,74.22992477236954,2026-02-01 08:29:00,0
16.691327314196617,74.226280487346,2026-03-22 16:38:00,0
16.67027361361193,74.21230338295942,2026-03-26 11:48:00,0
16.673403019430364,74.21589604200642,2026-02-26 00:08:00,0
16.659102433613445,74.21924124314457,2026-03-05 09:54:00,-1
16.676152666670607,74.21379674300792,2026-02-17 01:13:00,0
16.67683485156699,74.22400371619987,2026-01-29 12:37:00,0
16.675920182589326,74.22285527079373,2026-02-18 06:21:00,0
16.68886141871587,74.21129353765556,2026-03-28 14:51:00,0
16.686884940178697,74.22957453367277,2026-01-02 08:15:00,0
16.680622853794137,74.22081848267047,2026-01-19 10:59:00,0
16.677035095571682,74.20616743082606,2026-02-14 22:51:00,0
16.688209517344855,74.21958925713324,2026-01-31 13:08:00,0
16.679841937121314,74.22224965164739,2026-02-26 03:20:00,0
16.67345383968865,74.22778233889149,2026-02-02 10:47:00,0
16.666270010580124,74.21730018877498,2026-03-01 06:48:00,0
16.676469484048834,74.22662350613957,2026-01-10 13:39:00,0
16.68603714893738,74.22149713589415,2026-01-30 21:25:00,0
16.698212309516343,74.2094795631277,2026-03-04 08:28:00,0
16.680492882769517,74.20867866581214,2026-02-12 09:58:00,0
16.673877155879037,74.22898047896119,2026-03-06 05:32:00,0
16.670520278333726,74.22956787342706,2026-02-27 06:25:00,0
16.684415639170446,74.22258327384324,2026-01-30 13:33:00,0
16.665883071580925,74.23196565376944,2026-02-08 13:08:00,0
16.68440276081124,74.22845287879233,2026-03-28 19:44:00,0
16.686541692850103,74.22546902983584,2026-03-28 14:12:00,0
16.68349023562586,74.21270950809013,2026-01-04 04:51:00,0
16.67824270662449,74.23385143000826,2026-03-05 11:45:00,0
16.684519525228374,74.22429041145766,2026-02-14 04:30:00,0
16.681367506969025,74.2169132898031,2026-01-01 02:45:00,0
16.673775009265114,74.21465383995756,2026-02-27 01:41:00,0
16.694803298579,74.22205427025212,2026-01-03 02:17:00,0
16.677186564963115,74.20663152732129,2026-01-29 16:38:00,0
16.6862060184036,74.22559738620282,2026-03-04 03:02:00,0
16.660651085738433,74.21237143348245,2026-03-15 03:21:00,0
16.690211767062248,74.22296486487059,2026-02-07 03:18:00,0
16.691750109957237,74.21582703730114,2026-03-14 18:55:00,0
16.680238670297012,74.2178846502982,2026-03-17 13:15:00,0
16.6844701682779,74.21394472101788,2026-02-10 06:41:00,0
16.68446812145286,74.21871016455056,2026-01-16 13:42:00,0
16.674857731442874,74.23511503636814,2026-03-01 07:51:00,0
16.684376978443513,74.23108047701639,2026-01-02 05:51:00,0
16.67353095624102,74.22283583163997,2026-03-22 09:20:00,0
16.689015545145697,74.22675360952555,2026-03-10 09:39:00,0
16.687797261525603,74.22903976315285,2026-03-08 05:53:00,0
16.674348995983074,74.21336145294234,2026-02-12 13:23:00,0
16.67413138925199,74.21938048905893,2026-03-29 10:55:00,0
16.67483522718034,74.20542433416345,2026-03-13 16:02:00,0
16.685861116531722,74.22898481688209,2026-03-21 12:41:00,0
16.672000121753516,74.23652019406161,2026-01-09 10:49:00,0
16.682853701112286,74.22064066099698,2026-02-13 13:36:00,0
16.685974774485075,74.20299991900077,2026-03-27 16:14:00,0
16.679294036397653,74.22487112413262,2026-03-15 03:41:00,0
16.68808050957492,74.21276728667081,2026-02-10 20:52:00,0
16.67756551864408,74.21469320446668,2026-01-07 07:54:00,0
16.678289155192047,74.22501261111833,2026-01-26 09:35:00,0
16.672182030150946,74.2220364330041,2026-02-21 12:06:00,0
16.68813741878096,74.2160951297973,2026-02-27 18:23:00,0
16.67386783642417,74.21480315493919,2026-03-25 04:29:00,0
16.68279817454172,74.22100668844176,2026-01-09 08:35:00,0
16.679429471462992,74.2167242755799,2026-02-05 16:11:00,0
16.671577735495106,74.21112610293117,2026-01-25 11:42:00,0
16.675127174849415,74.21733949454817,2026-03-28 09:49:00,0
16.691062977912324,74.22271674098604,2026-01-15 22:47:00,0
16.681613260341077,74.21857517226545,2026-01-20 20:40:00,0
16.671926797269066,74.20869193121402,2026-01-27 19:17:00,0
16.68244262629879,74.227912516971,2026-01-10 12:10:00,0
16.678831087747245,74.19808950850445,2026-02-27 21:53:00,0
16.68228099073074,74.21503841236357,2026-02-20 04:32:00,0
16.67695500122347,74.22118543102297,2026-03-23 15:39:00,0
16.691360223342297,74.22449329446242,2026-02-08 23:30:00,0
16.665271710661656,74.22901411846608,2026-01-29 00:21:00,0
16.68075456125105,74.21430076101318,2026-02-03 18:53:00,0
16.695955427957447,74.22469265869867,2026-03-14 00:20:00,0
16.67907040572512,74.22156654710305,2026-02-17 13:23:00,0
16.676832656284716,74.23520432204347,2026-03-04 01:58:00,0
16.69163614432767,74.20848979898207,2026-03-09 02:25:00,0
16.683008556770567,74.22335597817847,2026-01-23 11:50:00,0
16.6732891511239,74.22311967955358,2026-02-20 03:10:00,0
16.674518057542567,74.22220509425863,2026-02-20 17:31:00,0
16.6755223978308,74.21604338494271,2026-01-16 18:02:00,0
16.68288958307243,74.22661802120912,2026-01-01 19:42:00,0
16.69070556906351,74.20751706020846,2026-03-06 15:04:00,0
16.688419384102392,74.2194733696906,2026-02-25 09:18:00,0
16.683648097456874,74.21548900258757,2026-03-06 05:42:00,0
16.66934684191954,74.21458161646346,2026-02-03 23:03:00,0
16.669376539888052,74.22342998229962,2026-02-16 09:20:00,0
16.68426601616971,74.22861982834176,2026-03-30 08:23:00,0
16.669236231216537,74.2172539539053,2026-01-21 07:00:00,0
16.67819546383145,74.22624544871941,2026-02-28 18:03:00,0
16.730397925323558,74.2016691352519,2026-01-12 21:45:00,1
16.722858142326096,74.20161854544448,2026-01-06 21:53:00,1
16.72793638325407,74.19350962932171,2026-03-28 03:40:00,1
16.727604112873667,74.19860056094397,2026-01-12 16:24:00,1
16.724426720699956,74.18417067466488,2026-03-01 00:33:00,1
16.73342786342925,74.20741101398266,2026-02-16 06:41:00,1
16.73187716950164,74.19383456592263,2026-03-14 19:57:00,1
16.717274802413844,74.1997227491887,2026-02-19 04:40:00,1
16.716787792038087,74.18858645262962,2026-03-04 17:27:00,1
16.733397475625647,74.1953411712043,2026-03-22 11:19:00,1
16.723477708569643,74.19776327077186,2026-03-16 15:39:00,1
16.732416329240802,74.19990967322431,2026-03-06 23:12:00,1
16.736247452624873,74.20383786012418,2026-01-15 14:58:00,1
16.719832377300754,74.21151260066789,2026-01-16 05:55:00,1
16.718707701963393,74.20586168754215,2026-02-14 17:24:00,1
16.74339545345916,74.20769731634518,2026-03-01 07:07:00,1
16.7328125662637,74.21156883287955,2026-03-02 00:59:00,1
16.726646074746615,74.20455766305219,2026-03-12 19:13:00,1
16.72252847637883,74.19970634243505,2026-01-10 07:19:00,1
16.72591647320874,74.20807289525004,2026-01-16 14:38:00,1
16.720475421311093,74.2085840742877,2026-01-14 11:54:00,1
16.737067297392723,74.20518852670374,2026-02-18 16:40:00,1
16.723785990771148,74.18836297922371,2026-02-27 01:24:00,1
16.73874827670573,74.19326831877524,2026-01-11 09:33:00,1
16.72679496864184,74.19780116716775,2026-03-20 04:24:00,1
16.72165319853106,74.2062369681659,2026-01-28 07:26:00,1
16.72658958729589,74.19982922864745,2026-03-01 10:29:00,1
16.709006665779988,74.2090949490676,2026-03-09 15:30:00,-1
16.729033851386607,74.21052189302996,2026-01-04 06:12:00,1
16.72863904647096,74.20959336374942,2026-03-19 20:00:00,1
16.736597941972384,74.20964432451585,2026-03-29 08:08:00,1
16.71490956057613,74.19170404876273,2026-03-28 06:39:00,1
16.73929493088691,74.20386108399565,2026-01-13 13:20:00,1
16.736564794359982,74.19513976767236,2026-02-05 08:08:00,1
16.740016348509588,74.18680746934913,2026-01-21 22:20:00,1
16.72957822899197,74.19770023094355,2026-02-10 13:44:00,1
16.738111174672824,74.21059789572502,2026-03-29 17:55:00,1
16.735704380521636,74.21614247497286,2026-03-11 09:25:00,1
16.7238306979032,74.20141784116215,2026-02-07 23:22:00,1
16.71678878534062,74.21958242202875,2026-03-26 07:00:00,-1
16.721006875854684,74.20142016980414,2026-03-24 19:19:00,1
16.730044249109035,74.20017984236924,2026-03-14 14:17:00,1
16.72340560633426,74.18976487929663,2026-03-15 07:15:00,1
16.73300858825357,74.20888450192234,2026-02-28 15:44:00,1
16.715534099559967,74.19598299896847,2026-01-09 13:55:00,1
16.712983219651072,74.19482361888473,2026-01-26 14:38:00,1
16.740979099473147,74.2102498445101,2026-03-11 04:35:00,1
16.737230401035212,74.20926578135037,2026-01-30 10:03:00,1
16.72160562531269,74.20905641093769,2026-01-16 12:22:00,1
16.729976002852236,74.19710247092756,2026-03-27 06:06:00,1
16.73815605648161,74.19959219307756,2026-02-13 22:49:00,1
16.733353604866327,74.19952116481844,2026-03-19 10:57:00,1
16.73118578476947,74.20626014544538,2026-01-26 13:47:00,1
16.7387612326505,74.21242851734796,2026-02-02 08:29:00,1
16.72415430019839,74.20294517244159,2026-01-31 21:31:00,1
16.730249427589317,74.21579912868286,2026-02-03 14:15:00,1
16.729857210893663,74.20717755534427,2026-02-09 09:11:00,1
16.727817903618632,74.19812160484709,2026-01-27 19:01:00,1
16.726881555908633,74.20662969124903,2026-03-15 06:41:00,1
16.73058294590263,74.21364752222968,2026-01-30 08:26:00,1
16.730275259967886,74.21598631186673,2026-02-09 17:40:00,1
16.721612578859723,74.20949513075679,2026-03-19 11:02:00,1
16.736414367279203,74.20020539562927,2026-02-09 08:15:00,1
16.72218891833787,74.19826645396756,2026-01-01 22:41:00,1
16.728254132443624,74.20460855602849,2026-01-01 01:03:00,1
16.72763775621824,74.21339179596217,2026-02-09 05:52:00,1
16.732864828901274,74.20347015297772,2026-02-28 08:47:00,1
16.713047168478262,74.20363625497495,2026-03-26 20:32:00,1
16.737127278519438,74.20041118283454,2026-01-12 18:32:00,1
16.724584077219102,74.19737687149895,2026-02-18 20:05:00,1
16.739759706358218,74.19870292394685,2026-01-27 00:07:00,1
16.726174680603872,74.20108340788197,2026-02-10 12:57:00,1
16.729609251314127,74.21374479996992,2026-02-09 20:05:00,1
16.74531028832055,74.19808228977176,2026-01-29 02:43:00,1
16.727781294329652,74.2004208966073,2026-01-02 15:22:00,1
16.73991079907739,74.19307697871675,2026-01-07 15:39:00,1
16.73031236068452,74.20573304853178,2026-02-17 00:21:00,1
16.733323350642348,74.21093343342974,2026-01-21 04:53:00,1
16.73055966871529,74.21299598276765,2026-01-30 10:22:00,1
16.7367828130104,74.20162691619757,2026-01-09 03:23:00,1
16.724515747097175,74.20459483426623,2026-01-05 11:10:00,1
16.722127611815846,74.19877159742265,2026-01-12 09:40:00,1
16.724891390476984,74.20422414943756,2026-02-03 22:54:00,1
16.730797683010593,74.20251172121999,2026-01-15 17:11:00,1
16.7282334497156,74.20046611509801,2026-01-21 19:53:00,1
16.73568219901177,74.20110202953822,2026-01-28 04:23:00,1
16.74043785359857,74.20361537826716,2026-01-27 05:15:00,1
16.72219329330212,74.19764678052124,2026-01-01 23:47:00,1
16.724128409667088,74.19806002566338,2026-01-11 13:30:00,1
16.7185100846535,74.21365889610938,2026-03-27 12:18:00,1
16.746242983926074,74.22168437415077,2026-03-02 02:52:00,-1
16.732437355992975,74.19036506441174,2026-01-12 03:26:00,1
16.733838418560413,74.189924230365,2026-01-26 12:48:00,1
16.719278332919753,74.19234277737753,2026-02-04 11:36:00,1
16.729990640087944,74.1991736926797,2026-03-23 12:14:00,1
16.734073983875305,74.2071662440883,2026-03-21 03:46:00,1
16.727977938475725,74.20473002353638,2026-03-11 08:07:00,1
16.73860564499861,74.20137624909425,2026-01-10 14:11:00,1
16.748494649005142,74.20423148437567,2026-02-14 03:28:00,1
16.72242349738325,74.19446331074698,2026-02-13 12:35:00,1
16.72182330203219,74.19804701782598,2026-02-27 09:02:00,1
16.722977951475773,74.199839243613,2026-03-18 00:43:00,1
16.742849593280134,74.18732626928903,2026-01-29 21:18:00,1
16.738338842536237,74.19070951836223,2026-02-20 03:02:00,1
16.72891577745765,74.19102747150978,2026-01-24 17:49:00,1
16.730292477315206,74.20611286578948,2026-01-19 22:20:00,1
16.723467650990425,74.20196283958859,2026-01-29 04:46:00,1
16.737120217261946,74.20488848960059,2026-03-08 04:42:00,1
16.726960785407133,74.18528276008158,2026-02-09 09:42:00,1
16.72791938768436,74.18813146651159,2026-03-03 07:41:00,1
16.734870318172234,74.20530572352206,2026-03-04 04:53:00,1
16.728496040495333,74.17777064286668,2026-02-02 14:19:00,1
16.728120272052017,74.2097970348608,2026-03-27 22:53:00,1
16.730084601644233,74.18541346285183,2026-01-05 03:59:00,1
16.736362843310346,74.2067467591354,2026-03-22 17:18:00,1
16.743171944603873,74.19289132300194,2026-01-01 16:59:00,1
16.73468388985797,74.20839122972137,2026-02-04 09:52:00,1
16.736426513788995,74.22566528731133,2026-03-16 06:50:00,-1
16.72840116750319,74.18181457895903,2026-03-03 13:58:00,1
16.72433761709465,74.20556301718288,2026-01-29 22:33:00,1
16.735231889857882,74.18553469829125,2026-03-21 16:53:00,1
16.731369926596805,74.20341415137774,2026-01-13 09:34:00,1
16.718618970810002,74.19834582269159,2026-03-02 08:43:00,1
16.727375443012594,74.2010382585797,2026-02-16 16:04:00,1
16.729336823812147,74.19270650978937,2026-01-19 15:27:00,1
16.725916337063772,74.20624432887597,2026-03-24 20:59:00,1
16.74185388475634,74.18841313729624,2026-03-10 21:29:00,1
16.733838712295217,74.20993309810319,2026-01-01 18:19:00,1
16.74098539934311,74.19672599754712,2026-01-08 19:35:00,1
16.732107402093217,74.18877847458077,2026-01-06 01:16:00,1
16.7306511026914,74.21275949458673,2026-02-07 09:17:00,1
16.722507217459118,74.19946125877753,2026-02-07 12:49:00,1
16.73009543626557,74.21526108776354,2026-03-07 03:48:00,1
16.730104431405405,74.20977084903451,2026-03-02 20:05:00,1
16.719063088927726,74.19361483436171,2026-01-02 08:34:00,1
16.725683780241837,74.1993200815925,2026-02-12 20:22:00,1
16.72741373921187,74.20096830351731,2026-03-12 15:07:00,1
16.733307836352445,74.21221042559989,2026-03-22 18:42:00,1
16.733690800895886,74.20350014170694,2026-01-27 07:04:00,1
16.72534945214428,74.20141034096878,2026-01-04 23:13:00,1
16.733750956820334,74.19840096330321,2026-01-14 18:12:00,1
16.728543368565212,74.19959554371317,2026-01-31 14:42:00,1
16.70704303980116,74.21043673668542,2026-02-09 21:16:00,-1
16.72612238374439,74.20002964280638,2026-02-01 14:54:00,1
16.73863190912114,74.19684002182962,2026-01-09 03:33:00,1
16.71654555394698,74.1954839426751,2026-01-31 14:40:00,1
16.730901529603326,74.19556987876932,2026-01-27 02:10:00,1
16.742682089713483,74.18878323203167,2026-02-13 21:24:00,1
16.723915096375915,74.19399699753339,2026-01-08 02:59:00,1
16.730017192643423,74.2119873622052,2026-03-13 03:38:00,1
16.71956786994218,74.19834720591547,2026-02-07 12:44:00,1
16.74301784913331,74.20563529334845,2026-01-29 14:37:00,1
16.729333338984027,74.1801699478568,2026-03-23 14:05:00,1
16.73037301474235,74.20454649047173,2026-03-09 00:05:00,1
16.740834403724044,74.19870917836505,2026-01-13 07:34:00,1
16.735291827157166,74.19614847981688,2026-01-14 04:21:00,1
16.724821776607303,74.1960333979695,2026-02-20 11:09:00,1
16.73395945043619,74.1830090006409,2026-02-01 22:12:00,1
16.725007031559496,74.20737798352938,2026-02-03 18:11:00,1
16.713062053503037,74.2019441404908,2026-02-15 20:17:00,1
16.729574073610888,74.19748846036202,2026-02-18 12:41:00,1
16.718158298711003,74.19227051702342,2026-01-01 02:06:00,1
16.74293025402851,74.18824113987115,2026-01-10 16:44:00,1
16.731414301102106,74.20179114165654,2026-03-13 00:35:00,1
16.72275859954605,74.2129075276818,2026-03-27 19:28:00,1
16.724410940682702,74.20162533181393,2026-03-17 08:16:00,1
16.71488481929701,74.18893790715126,2026-03-23 13:25:00,1
16.721204304905758,74.20180093381632,2026-02-11 17:11:00,1
16.738130585620326,74.19957325630203,2026-03-16 09:00:00,1
16.74785428916394,74.20691234900859,2026-03-21 09:36:00,1
16.735811172105592,74.2048538654193,2026-03-22 08:24:00,1
16.729263659691032,74.17611341972713,2026-01-14 10:39:00,-1
16.72654432499477,74.20436193763543,2026-01-14 04:50:00,1
16.72234803349139,74.19197216472396,2026-02-06 05:37:00,1
16.746478127194717,74.18862617006842,2026-02-15 08:02:00,1
16.728490010385084,74.19849221271701,2026-03-28 05:34:00,1
16.7469250386405,74.20328776887224,2026-01-29 14:41:00,1
16.741148156076882,74.1868741231177,2026-03-16 20:07:00,1
16.716073628549232,74.20563661133646,2026-03-21 20:45:00,1
16.724672380833926,74.20610671078026,2026-03-28 20:55:00,1
16.72464763900661,74.2003758095704,2026-01-18 01:11:00,1
16.729361229087154,74.19305901095818,2026-01-22 18:27:00,1
16.72951748597509,74.19216497596649,2026-01-20 19:04:00,1
16.753969912763186,74.20820745705265,2026-03-08 04:00:00,-1
16.7213821770042,74.18791021850804,2026-03-03 19:18:00,1
16.731831759485317,74.20851576368656,2026-02-06 15:18:00,1
16.734932061939745,74.19867840672696,2026-01-09 00:01:00,1
16.729987423964246,74.19923332400286,2026-02-16 20:57:00,1
16.730881444622252,74.1863352983567,2026-03-07 21:54:00,1
16.72164152884555,74.19882626695897,2026-02-12 16:31:00,1
16.73085188955682,74.2049086841281,2026-01-25 03:09:00,1
16.734091191969394,74.18930871929719,2026-02-23 07:10:00,1
16.73262080467417,74.20398908693802,2026-03-01 11:37:00,1
16.734561607231296,74.20071209802944,2026-02-23 05:08:00,1
16.74130086320509,74.19484995508934,2026-03-20 13:45:00,1
16.737495732335315,74.20683738469194,2026-01-29 06:05:00,1
16.73057035690798,74.18238194584818,2026-02-24 20:45:00,1
16.720625933184934,74.20277344598995,2026-03-18 22:51:00,1
16.72519995780231,74.21295548126459,2026-01-20 03:23:00,1
16.72824295078466,74.21151954511281,2026-01-26 08:13:00,1
16.732018766650732,74.2031184537643,2026-01-05 10:11:00,1
16.726173337908005,74.19758655379096,2026-02-03 17:57:00,1
16.722514134406527,74.19491357954762,2026-01-05 00:21:00,1
16.72049441048704,74.19757659364876,2026-03-09 04:10:00,1
16.716790577927558,74.20435045798335,2026-01-08 23:50:00,1
16.728120394369803,74.19354204955633,2026-03-04 07:37:00,1
16.718242676463436,74.20605939054441,2026-02-22 04:24:00,1
16.72199579452674,74.21706528414403,2026-03-30 21:51:00,1
16.726848785017246,74.19950493411898,2026-02-01 08:09:00,1
16.719312661524867,74.18924484157374,2026-02-01 00:45:00,1
16.73303801750799,74.18924204202948,2026-01-22 21:06:00,1
16.735921784508847,74.2062125244137,2026-02-18 08:30:00,1
16.725604583841797,74.19952203056832,2026-01-20 17:42:00,1
16.72650378153912,74.20701464716852,2026-01-11 04:55:00,1
16.734299438161113,74.19573092600673,2026-03-27 08:56:00,1
16.724288039222124,74.20664498838032,2026-03-03 02:59:00,1
16.72373812870722,74.19873360661241,2026-01-11 16:38:00,1
16.739571987825492,74.1941399675574,2026-02-25 15:00:00,1
16.737073501909702,74.19679201216958,2026-01-28 10:23:00,1
16.73481240001875,74.19042356515662,2026-01-17 04:55:00,1
16.737405156971153,74.21591487646866,2026-02-12 10:23:00,1
16.71418177019706,74.19922894549154,2026-03-12 21:16:00,1
16.740830684374345,74.20515611270946,2026-01-01 00:58:00,1
16.73313649693267,74.19570504693704,2026-02-01 23:13:00,1
16.738086251072048,74.19158457742417,2026-03-24 21:15:00,1
16.73309729423293,74.19812895591267,2026-02-05 11:45:00,1
16.73039139859744,74.20880954026704,2026-01-09 22:03:00,1
16.727797526301103,74.19583414566881,2026-02-08 13:44:00,1
16.73293715501509,74.19303574421816,2026-03-03 10:08:00,1
16.727506016728764,74.20124371395495,2026-03-31 16:03:00,1
16.73694300880052,74.20399218080574,2026-02-26 14:20:00,1
16.717308346843584,74.21314278535083,2026-01-05 13:08:00,1
16.725667393105645,74.20283000382699,2026-03-14 19:34:00,1
16.746358585987814,74.20515194142826,2026-03-12 05:01:00,1
16.724991356291422,74.20575420189536,2026-02-28 14:59:00,1
16.728090530215493,74.19077587694454,2026-03-22 16:31:00,1
16.7229393525332,74.19229334343625,2026-03-11 05:52:00,1
16.732686765383086,74.19132882968316,2026-01-21 21:36:00,1
16.724109880878864,74.18934283395447,2026-02-07 21:53:00,1
16.728515112521546,74.20636367899897,2026-02-15 16:03:00,1
16.73679093228828,74.20232040073331,2026-02-13 23:36:00,1
16.724409892649483,74.20063596850474,2026-02-27 11:47:00,1
16.736308888954124,74.17925826787679,2026-03-05 03:35:00,1
16.736577834524482,74.21644381486895,2026-01-10 08:33:00,1
16.738439648757755,74.19284582396678,2026-02-21 03:48:00,1
16.731124327959346,74.21641450204751,2026-01-04 11:50:00,1
16.755930072615815,74.18840606815479,2026-02-16 00:55:00,-1
16.738436269572336,74.19350079073155,2026-02-07 23:54:00,1
16.732599020995256,74.18237720493993,2026-01-19 12:00:00,1
16.722992604687345,74.20289699980755,2026-03-31 04:10:00,1
16.729223526993007,74.1911899454335,2026-01-24 05:30:00,1
16.7414106158152,74.19141599876721,2026-01-06 01:39:00,1
16.74367627692501,74.18901988626261,2026-02-02 06:21:00,1
16.741826632803523,74.2062188405019,2026-03-10 03:59:00,1
16.736281538453838,74.20569170921254,2026-01-01 20:03:00,1
16.719954718349637,74.21449627112864,2026-02-14 08:35:00,1
16.733897294542604,74.19451434703142,2026-02-07 13:30:00,1
16.720068780975577,74.20175055496837,2026-03-19 22:04:00,1
16.718100230452954,74.18968531842079,2026-01-01 05:58:00,1
16.731913269476618,74.19731968781812,2026-01-02 13:25:00,1
16.734185595578158,74.19584923749375,2026-02-20 20:26:00,1
16.73722701678785,74.20371559965997,2026-01-17 03:27:00,1
16.73397708992309,74.20813617445135,2026-03-05 08:42:00,1
16.73425268788594,74.20792853352665,2026-01-26 00:44:00,1
16.72212277932006,74.19325750182226,2026-02-20 14:14:00,1
16.729160186522524,74.20798774323698,2026-01-04 09:30:00,1
16.717943065714923,74.19964731890315,2026-03-04 10:00:00,1
16.7139730469648,74.19740322483283,2026-02-16 15:24:00,1
16.735925141678745,74.19433190810545,2026-01-01 00:01:00,1
16.723975004849674,74.1955205136451,2026-01-24 22:09:00,1
16.736979988017143,74.21393851076957,2026-01-06 08:23:00,1
16.73886678062304,74.20245928613195,2026-01-05 00:51:00,1
16.725045461403013,74.20139689478002,2026-03-04 20:40:00,1
16.734722488756443,74.19790202513171,2026-02-08 12:14:00,1
16.72471074617109,74.21956782889151,2026-03-14 06:15:00,1
16.715232969002987,74.21044008391077,2026-01-24 04:47:00,1
16.73098647523554,74.19423150308161,2026-03-06 14:14:00,1
16.726233008962275,74.19781107956237,2026-02-25 08:40:00,1
16.726479287915303,74.19828604365304,2026-03-01 16:06:00,1
16.745802744942765,74.20116697582627,2026-03-16 12:30:00,1
16.717793144138138,74.19439019205895,2026-03-05 15:56:00,1
16.733062969082972,74.2035105321869,2026-03-09 02:29:00,1
16.722041542102843,74.21161670505631,2026-03-08 13:30:00,1
16.73726609127414,74.18949097512797,2026-02-10 05:31:00,1
16.7323874498894,74.19097482610327,2026-03-07 04:39:00,1
16.733034754793444,74.19613473155762,2026-03-17 19:04:00,1
16.722440883059182,74.19650563551915,2026-03-08 10:05:00,1
16.723875296693695,74.21598772699797,2026-02-24 16:36:00,1
16.737418004058767,74.20801367376012,2026-01-07 15:52:00,1
16.74416638177382,74.20755457881695,2026-02-09 07:02:00,1
16.733842462537794,74.19788507445189,2026-01-06 16:39:00,1
16.72282063423383,74.1977094927457,2026-01-10 08:14:00,1
16.732711508179698,74.18838635668988,2026-02-02 12:01:00,1
16.749419776354703,74.20625392182438,2026-02-11 18:30:00,1
16.730819382485752,74.20392843683847,2026-02-17 11:36:00,1
16.74169472687515,74.21028797891744,2026-03-23 00:36:00,1
16.724077365073292,74.19831336229315,2026-03-10 15:15:00,1
16.729663311586908,74.1988657668304,2026-02-08 01:26:00,1
16.734956521649003,74.20136036422849,2026-01-31 02:58:00,1
16.72386889055911,74.18823827502322,2026-01-25 18:15:00,1
16.723523860342954,74.2058884490699,2026-03-21 12:36:00,1
16.737906275224823,74.19983603550261,2026-03-12 07:55:00,1
16.7395324065012,74.19153090185637,2026-03-03 10:14:00,1
16.742097148464975,74.18332315397878,2026-01-23 10:34:00,1
16.744431443866024,74.19890821030498,2026-02-25 22:56:00,1
16.731076955490582,74.2115817038662,2026-03-15 21:01:00,1
16.727510406046147,74.21339747733393,2026-01-07 11:25:00,1
16.74080792751023,74.20284300968537,2026-01-16 22:36:00,1
16.735704554254813,74.21569604531074,2026-02-16 08:49:00,1
16.72214035793066,74.19965647133635,2026-02-02 08:27:00,1
16.72173091467585,74.20762642841315,2026-03-05 20:46:00,1
16.73393544161085,74.19639015288875,2026-02-06 02:19:00,1
16.728581802708128,74.19588320928573,2026-03-31 16:46:00,1
16.729788560362074,74.19457992706496,2026-01-27 22:56:00,1
16.738580266917683,74.183515768423,2026-02-02 10:02:00,1
16.73607229715988,74.21029673807958,2026-01-01 07:15:00,1
16.74063898598735,74.1948669404869,2026-01-23 06:34:00,1
16.714547711149013,74.19358848976196,2026-01-22 04:41:00,1
16.73202718333777,74.1905602265471,2026-03-10 15:35:00,1
16.735557508179177,74.19836512450772,2026-01-31 09:19:00,1
16.7177873131465,74.21410793848447,2026-01-19 07:29:00,1
16.72476083486952,74.21675023080658,2026-01-29 05:25:00,1
16.72327611870137,74.18671306499358,2026-02-20 15:19:00,1
16.73017358536848,74.1971644160322,2026-03-12 16:47:00,1
16.743022831749553,74.19172513783926,2026-03-30 02:18:00,1
16.723485699575413,74.20229274837835,2026-03-17 16:31:00,1
16.73421245800395,74.19490744538096,2026-02-05 00:07:00,1
16.73447038281714,74.20058058464473,2026-03-14 17:48:00,1
16.73310100617212,74.19618065102874,2026-01-04 09:02:00,1
16.733191837077914,74.212913968755,2026-02-26 08:21:00,1
16.73242994001961,74.20437567612014,2026-03-25 18:11:00,1
16.743500560966453,74.20535858736733,2026-01-04 12:31:00,1
16.738819732114944,74.17866466017574,2026-03-13 02:51:00,-1
16.721518768819216,74.19946569056937,2026-01-11 06:56:00,1
16.736365768647044,74.21666568767247,2026-03-30 09:28:00,1
16.737138986996094,74.2106090325603,2026-03-08 23:50:00,1
16.732519738297214,74.18522328331264,2026-03-23 21:56:00,1
16.739051394964022,74.19749259333854,2026-03-22 18:59:00,1
16.731504592274394,74.19038784427265,2026-01-29 10:09:00,1
16.73160374176861,74.2136888124829,2026-02-07 10:23:00,1
16.730969924357417,74.20195422625821,2026-03-04 05:49:00,1
16.713854047313603,74.19385763552215,2026-01-16 17:45:00,1
16.729356812848753,74.20027326354833,2026-01-28 14:09:00,1
16.724653995404363,74.17914107576746,2026-01-09 21:56:00,-1
16.72050841617446,74.19132030957235,2026-03-21 22:32:00,1
16.741472146277918,74.20029154980661,2026-01-23 07:24:00,1
16.734033660148278,74.20676540294762,2026-02-06 23:13:00,1
16.729761351352444,74.18446948703523,2026-02-10 17:24:00,1
16.725481573191182,74.19695075753839,2026-02-03 19:55:00,1
16.73236935667703,74.20807748590815,2026-03-12 00:23:00,1
16.73793148874654,74.18838837340502,2026-03-24 06:23:00,1
16.723384273251625,74.20183346267828,2026-02-21 13:28:00,1
16.729961373021787,74.20052779602486,2026-03-17 07:21:00,1
16.736944531990808,74.21371504256285,2026-01-10 23:23:00,1
16.714511990967328,74.1981589104551,2026-03-28 23:27:00,1
16.72953944190076,74.198627195213,2026-01-11 10:20:00,1
16.72656566903562,74.20683967802532,2026-01-06 23:36:00,1
16.72892936113796,74.1893892106556,2026-01-03 00:01:00,1
16.725986971549027,74.1982329343476,2026-01-22 21:36:00,1
16.731100996841658,74.19635419991327,2026-03-17 08:17:00,1
16.745389017763383,74.19888870549836,2026-01-28 01:51:00,1
16.72740862020857,74.2067872515917,2026-03-13 04:20:00,1
16.732333688072753,74.20443329188066,2026-02-08 04:36:00,1
16.745957971347273,74.19401054153177,2026-01-10 08:30:00,1
16.72559987537302,74.20109359362662,2026-02-12 13:57:00,1
16.74451740279143,74.2119235329128,2026-01-21 21:52:00,1
16.730042584053017,74.19334907440962,2026-01-27 05:34:00,1
16.74425516980692,74.20116133424318,2026-02-16 13:16:00,1
16.736001608999572,74.1984547145845,2026-03-13 03:22:00,1
16.73245686690066,74.1994959598733,2026-02-22 19:31:00,1
16.72947495454491,74.18695473902201,2026-01-21 02:12:00,1
16.725007668480966,74.2112861028345,2026-03-06 13:44:00,1
16.730606332399717,74.1938051847929,2026-03-04 16:28:00,1
16.737178891672162,74.20820857576123,2026-01-22 08:03:00,1
16.72989510855203,74.19502898713563,2026-03-18 15:49:00,1
16.727467017559505,74.19499596278483,2026-03-17 21:20:00,1
16.72799373972658,74.20970498600373,2026-02-24 07:59:00,1
16.737939812908664,74.20795107682783,2026-01-27 15:41:00,1
16.7398012916408,74.20166932719171,2026-02-01 20:58:00,1
16.724662795889852,74.20608920439845,2026-02-09 13:10:00,1
16.724651297140422,74.19769157775795,2026-01-17 21:50:00,1
16.733034871357336,74.19993305897825,2026-01-28 12:48:00,1
16.74222025651806,74.19470700486029,2026-01-13 02:11:00,1
16.7391679224665,74.2072325195944,2026-01-14 21:49:00,1
16.719985182302562,74.19445269335067,2026-03-08 23:25:00,1
16.727887392240067,74.2118812507595,2026-01-12 13:14:00,1
16.722555171562483,74.19747332665344,2026-02-12 05:19:00,1
16.72785989982468,74.20016406851214,2026-02-08 15:09:00,1
16.742835279968283,74.20606982416524,2026-01-05 04:03:00,1
16.718619194809737,74.20019091536952,2026-03-16 19:38:00,1
16.71704907765376,74.19761673348572,2026-03-30 13:05:00,1
16.72337156677253,74.19975981241754,2026-02-27 10:58:00,1
16.732298484820607,74.20715054682846,2026-03-02 10:00:00,1
16.734966038565126,74.19469718222291,2026-01-21 22:38:00,1
16.733499587478892,74.19899010394181,2026-03-17 23:26:00,1
16.73940548322585,74.2000822938187,2026-03-12 13:59:00,1
16.71589531524613,74.20691668156422,2026-02-09 10:29:00,1
16.739506692306872,74.19920123700904,2026-03-05 12:33:00,1
16.72750323743963,74.21446639275595,2026-03-27 23:44:00,1
16.735851954478438,74.19874769137829,2026-02-24 06:08:00,1
16.719412596585894,74.19809853089276,2026-01-18 22:58:00,1
16.730039653576075,74.19863174302706,2026-01-30 17:46:00,1
16.731890166164714,74.18946686857073,2026-01-17 15:53:00,1
16.739246008299986,74.19170618522594,2026-01-30 20:05:00,1
16.717317963019138,74.19575466488209,2026-03-22 03:07:00,1
16.73024602038828,74.20908663879081,2026-01-18 01:50:00,1
16.72131811767086,74.1997349915251,2026-03-22 06:06:00,1
16.734043968353667,74.19612284648308,2026-01-26 15:53:00,1
16.73621773229165,74.20981227796486,2026-02-14 21:52:00,1
16.740297361940065,74.21240941706314,2026-02-17 13:17:00,1
16.725719764365532,74.21004305968727,2026-01-12 07:41:00,1
16.73741781188551,74.19317528002212,2026-01-17 13:26:00,1
16.740887212699818,74.19603801103845,2026-01-28 11:16:00,1
16.716854024241158,74.21450988856252,2026-01-06 09:32:00,1
16.73489875936079,74.201929117536,2026-03-09 20:58:00,1
16.73766809003024,74.19785898348083,2026-02-19 03:52:00,1
16.7279301889089,74.20574678369064,2026-03-18 03:20:00,1
16.7203138113798,74.20805839253887,2026-03-19 16:20:00,1
16.737543646048877,74.19542840343257,2026-02-01 06:56:00,1
16.72040392937954,74.20175551966896,2026-03-15 12:58:00,1
16.728573188523914,74.20741248055374,2026-01-06 12:15:00,1
16.729679007537573,74.19071770283233,2026-02-08 16:08:00,1
16.735724304413633,74.20009876365941,2026-03-01 21:58:00,1
16.7249869475239,74.1910848827756,2026-02-11 23:03:00,1
16.724523330489376,74.19213135602459,2026-03-08 13:18:00,1
16.730791323830104,74.19549519938016,2026-03-19 06:34:00,1
16.73805112382096,74.20381695630304,2026-02-08 03:52:00,1
16.748299600005225,74.1974238189709,2026-01-25 16:49:00,1
16.71794015040177,74.19481265500026,2026-02-22 11:29:00,1
16.732522736142293,74.2004124365066,2026-03-20 03:55:00,1
16.721307719790126,74.19082429817387,2026-03-30 20:43:00,1
16.738150489945653,74.20343042574268,2026-03-15 09:34:00,1
16.722491643621527,74.20905109409567,2026-01-23 01:11:00,1
16.724602814254542,74.1993663676721,2026-01-19 11:24:00,1
16.72528583312749,74.1983788080536,2026-02-21 13:37:00,1
16.729390408490243,74.20298752282572,2026-02-06 04:43:00,1
16.73258558077487,74.18377224464935,2026-02-24 23:40:00,1
16.73386961114887,74.20429453965279,2026-03-25 02:23:00,1
16.729953859630537,74.22481508642996,2026-02-19 10:04:00,-1
16.719360871820477,74.19901859023109,2026-02-01 23:58:00,1
16.73582228920248,74.19904699973027,2026-03-20 05:19:00,1
16.729576330690698,74.2059488560008,2026-02-09 12:35:00,1
16.73929387832012,74.21316266134559,2026-02-24 10:48:00,1
16.72433808976416,74.20779974275547,2026-01-13 04:14:00,1
16.71718180218119,74.18275514497134,2026-02-15 17:02:00,1
16.729727791978537,74.2045071907013,2026-02-08 08:49:00,1
16.740367621506273,74.22057544116194,2026-01-12 01:42:00,-1
16.73128753709293,74.20497952837408,2026-01-20 01:04:00,1
16.728402641606618,74.19076318469384,2026-03-05 06:55:00,1
16.72303722385874,74.20225463699535,2026-01-17 06:04:00,1
16.744062131733447,74.18975450198927,2026-01-12 21:21:00,1
16.721763179240924,74.20986242951416,2026-01-06 04:18:00,1
16.724196845938973,74.19235293929577,2026-01-03 09:23:00,1
16.734560273568672,74.20059394907754,2026-02-09 02:20:00,1
16.715151834480906,74.19313775998407,2026-02-13 23:13:00,1
16.740196725323052,74.19562841553962,2026-02-26 04:33:00,1
16.73499354491374,74.21188920516688,2026-02-21 12:28:00,1
16.73719384857449,74.20082765731915,2026-02-18 07:28:00,1
16.7344649360956,74.1955263802102,2026-03-31 21:57:00,1
16.728711011860348,74.19083817623292,2026-01-23 11:56:00,1
16.721494810318756,74.18502638810881,2026-03-06 02:37:00,1
16.7288793964702,74.18998975493182,2026-01-08 03:57:00,1
16.722198109505978,74.20089567393156,2026-03-18 08:57:00,1
16.73388924248061,74.20784187014978,2026-02-02 15:21:00,1
16.736454238644384,74.19551718806062,2026-02-01 04:11:00,1
16.741814469049586,74.21256434880576,2026-01-13 03:59:00,1
16.732974141124423,74.19425999662218,2026-02-15 19:15:00,1
16.737396602852762,74.19809590621696,2026-02-05 23:08:00,1
16.72762284210216,74.1913633862373,2026-03-29 16:25:00,1
16.726173782895934,74.20792609387655,2026-01-17 00:30:00,1
16.733789375126534,74.21678008491236,2026-02-07 13:33:00,1
16.726908217018266,74.18590546431251,2026-03-23 00:24:00,1
16.732153486310622,74.19723070345093,2026-03-14 15:44:00,1
16.721510462485316,74.2101182387764,2026-03-10 19:19:00,1
16.72294697854019,74.1884244358286,2026-02-17 08:08:00,1
16.735083274408147,74.20453347125577,2026-03-20 14:11:00,1
16.73709352060325,74.20977177760166,2026-01-21 03:45:00,1
16.722114750648267,74.20062583051485,2026-03-14 20:48:00,1
16.73536491448405,74.20440210456752,2026-02-22 05:42:00,1
16.72573811461572,74.21408721908902,2026-02-01 11:54:00,1
16.730132041409604,74.21558741243281,2026-01-20 15:00:00,1
16.741335555326327,74.19950426229573,2026-02-16 22:43:00,1
16.736459897872184,74.1957409772056,2026-01-01 06:32:00,1
16.73636697590418,74.19264015911142,2026-03-06 07:47:00,1
16.745270322867658,74.20781571320343,2026-01-22 05:32:00,1
16.7243689652716,74.18902579553767,2026-02-05 00:42:00,1
16.72211300020006,74.19797940769607,2026-01-18 09:11:00,1
16.72422302183817,74.20082151816764,2026-02-11 21:14:00,1
16.727963991572746,74.19597597989825,2026-02-03 09:11:00,1
16.711163595085665,74.20223856212016,2026-01-17 21:32:00,1
16.728340574106426,74.22051610654634,2026-03-21 23:22:00,-1
16.725643434144843,74.19902721127723,2026-03-10 08:17:00,1
16.73627007813918,74.19651675498058,2026-02-04 21:45:00,1
16.73281935503208,74.20812265459506,2026-01-06 04:29:00,1
16.725194426977847,74.20191666915316,2026-03-18 01:36:00,1
16.734719686762904,74.21151468616969,2026-03-04 17:22:00,1
16.735786104478592,74.20131750095857,2026-02-20 00:07:00,1
16.72385163368167,74.19801261433624,2026-02-24 10:01:00,1
16.726055805956943,74.18573020089525,2026-01-01 16:26:00,1
16.712197094503217,74.18704212244951,2026-02-12 15:31:00,-1
16.721274720205045,74.18531441047658,2026-01-17 23:40:00,1
16.72406024351661,74.20303471333028,2026-02-28 14:51:00,1
16.730593329412848,74.18910200416106,2026-03-25 19:33:00,1
16.72243693856512,74.21004461892736,2026-02-17 18:33:00,1
16.725892384103606,74.20024197251885,2026-02-24 09:00:00,1
16.720197354547338,74.1980465046472,2026-03-02 01:42:00,1
16.73136891118825,74.19324915939836,2026-03-25 15:49:00,1
16.73340571675668,74.20497806998617,2026-01-04 10:28:00,1
16.73321892278736,74.19356401744366,2026-01-28 21:51:00,1
16.730098889055242,74.19211697596744,2026-01-25 03:39:00,1
16.71767141602799,74.20950679936485,2026-03-06 11:46:00,1
16.72504037068886,74.20283696928621,2026-02-10 07:28:00,1
16.72674154662145,74.19812056457401,2026-03-11 11:34:00,1
16.726773637496635,74.20513146387788,2026-02-12 12:24:00,1
16.730599849743918,74.2000714549849,2026-03-29 19:30:00,1
16.74140433097897,74.20306410520362,2026-03-11 00:40:00,1
16.73649676970148,74.193465216781,2026-01-02 15:15:00,1
16.72209985776121,74.21656318887129,2026-03-30 23:04:00,1
16.73542722300237,74.1953630402586,2026-03-27 16:49:00,1
16.735122418941327,74.2124481306156,2026-01-04 21:46:00,1
16.723551460216388,74.19848904920556,2026-02-05 05:50:00,1
16.736790927381083,74.20645677692524,2026-03-29 08:25:00,1
16.72871698691244,74.20587378799222,2026-03-17 10:03:00,1
16.718720372079886,74.2091748140412,2026-02-12 03:28:00,1
16.733641621797098,74.19327501034269,2026-02-19 00:34:00,1
16.731735694588917,74.20860508321023,2026-01-03 16:02:00,1
16.728178578966514,74.2147715188073,2026-02-20 19:38:00,1
16.729700375320135,74.19793045616606,2026-03-01 23:18:00,1
16.724247316168892,74.20027764853714,2026-02-02 08:15:00,1
16.734881044030377,74.19581242686016,2026-01-28 14:36:00,1
16.729652394923928,74.19722850998252,2026-03-16 13:30:00,1
16.731331590751587,74.21369138239146,2026-02-10 09:08:00,1
16.73285713539543,74.19196612379096,2026-01-24 18:16:00,1
16.72076331508459,74.1924630494252,2026-02-03 17:36:00,1
16.722845735824944,74.21288720749132,2026-02-14 07:14:00,1
16.71232044432307,74.2049963874071,2026-01-24 08:31:00,1
16.734517938067924,74.21696296199234,2026-02-20 09:58:00,1
16.720302319810028,74.1963964908974,2026-03-19 12:14:00,1
16.731060557679164,74.2010102490979,2026-03-08 19:50:00,1
16.732967905799516,74.19471458444983,2026-01-21 19:41:00,1
16.73481882271114,74.20114640934918,2026-02-12 10:43:00,1
16.72036786468931,74.18580722642173,2026-02-18 22:23:00,1
16.729478707054874,74.20547963645325,2026-03-03 05:24:00,1
16.743362243366303,74.20258779266794,2026-03-10 01:53:00,1
16.743714517439876,74.19953956270028,2026-02-13 16:14:00,1
16.737898584752216,74.1968770854032,2026-01-29 08:30:00,1
16.73269994511055,74.19284196810106,2026-03-01 08:07:00,1
16.721959148889237,74.20582170329627,2026-01-12 07:37:00,1
16.73574897300313,74.19063128011437,2026-03-02 16:08:00,1
16.728735830170027,74.2040951672964,2026-03-22 16:01:00,1
16.734484226202184,74.21659561115848,2026-03-05 20:23:00,1
16.724937252361183,74.21188417190916,2026-02-09 00:40:00,1
16.72861653509728,74.18795897645863,2026-03-16 02:19:00,1
16.73131317888061,74.19570609551725,2026-02-17 21:34:00,1
16.731970224731953,74.20337160592445,2026-02-18 15:57:00,1
16.733949781715683,74.19943774462389,2026-03-18 16:34:00,1
16.7253664401238,74.18880475425374,2026-01-18 09:28:00,1
16.71925372438312,74.20308252761178,2026-03-12 04:16:00,1
16.7429982803192,74.19991986483907,2026-03-03 04:01:00,1
16.749914033352187,74.21531460326884,2026-02-17 14:42:00,-1
16.733579365689618,74.19797417037907,2026-01-07 22:34:00,1
16.71940806324216,74.20934402708262,2026-03-10 21:58:00,1
16.723814439065258,74.18986329277496,2026-01-20 16:56:00,1
16.73407294055241,74.19177592561682,2026-03-22 14:16:00,1
16.74072892489345,74.20577329567848,2026-03-13 07:03:00,1
16.720296874923665,74.20866984624486,2026-02-02 17:26:00,1
16.729005337433208,74.19234085819141,2026-02-09 03:45:00,1
16.731567456515553,74.20019261925188,2026-01-03 07:07:00,1
16.736916627610288,74.18894736661177,2026-02-14 19:46:00,1
16.727251191244797,74.19855024138955,2026-01-06 05:09:00,1
16.717489482469425,74.20669538228499,2026-03-30 20:46:00,1
16.734969580475624,74.19652033200691,2026-02-27 14:40:00,1
16.738998367721372,74.19800772235246,2026-01-22 03:58:00,1
16.72933926830604,74.19096163681364,2026-03-14 08:01:00,1
16.733241920730453,74.19481313269101,2026-01-02 18:14:00,1
16.726204070164584,74.21406488732971,2026-02-19 10:31:00,1
16.723233817642193,74.20058339913373,2026-01-11 00:33:00,1
16.73821140544438,74.1919815378668,2026-01-05 21:36:00,1
16.733099966782515,74.19748182440065,2026-01-23 00:07:00,1
16.733922948795215,74.18722057903067,2026-01-27 11:48:00,1
16.742016921183957,74.19188672246288,2026-03-07 07:59:00,1
16.72156126132545,74.21088271791237,2026-03-22 04:10:00,1
16.725583789854724,74.1988601406049,2026-03-11 19:46:00,1
16.73126346679068,74.2151258414088,2026-03-08 14:06:00,1
16.72548549409791,74.19923721729204,2026-02-20 21:27:00,1
16.73626509228218,74.19971217043047,2026-02-03 09:44:00,1
16.72850080623277,74.20512715326834,2026-01-23 22:54:00,1
16.72205973754002,74.17861929934224,2026-03-27 02:54:00,-1
16.7305261734015,74.20163951458923,2026-02-16 22:57:00,1
16.731362710166454,74.19960810809552,2026-02-20 18:58:00,1
16.73747745650317,74.21188831114813,2026-01-02 08:18:00,1
16.73314512722518,74.20771743515331,2026-02-11 05:14:00,1
16.73368917113088,74.19093046651562,2026-03-03 08:41:00,1
16.732562333472057,74.20993710894902,2026-02-14 13:28:00,1
16.728494219829663,74.19790148379535,2026-02-25 06:52:00,1
16.732310706813276,74.20157682600697,2026-01-02 23:04:00,1
16.72733500187293,74.1983778451547,2026-03-23 09:29:00,1
16.743518580963528,74.21230772251224,2026-03-15 12:44:00,1
16.740737458358186,74.20272497622793,2026-02-07 18:59:00,1
16.735062713058813,74.20164527136708,2026-03-10 17:00:00,1
16.733027735514344,74.20720517666285,2026-01-06 23:42:00,1
16.729296327592152,74.20874297294475,2026-01-28 17:45:00,1
16.728270622213426,74.21135570778252,2026-02-27 04:24:00,1
16.730811200267244,74.20486945930331,2026-03-19 01:21:00,1
16.731835651795556,74.20134121171782,2026-02-24 03:13:00,1
16.733756290936128,74.2099133764967,2026-03-06 00:57:00,1
16.737370641583023,74.19927283087935,2026-01-13 21:16:00,1
16.72446276742646,74.20026597213077,2026-03-26 01:28:00,1
16.72453539514233,74.21377261533839,2026-01-18 09:26:00,1
16.741606853437947,74.21297539302364,2026-02-17 08:53:00,1
16.736167852713546,74.19993459354461,2026-03-03 11:43:00,1
16.726873832462935,74.19637158738156,2026-03-19 02:21:00,1
16.72914231064838,74.21170538800168,2026-03-26 00:28:00,1
16.729178288426603,74.20640334686333,2026-02-23 21:14:00,1
16.73025259297825,74.20252465003358,2026-02-21 20:46:00,1
16.73378146473791,74.19742501831848,2026-02-07 13:00:00,1
16.7502799419688,74.20265357262971,2026-02-21 02:28:00,-1
16.731518052489303,74.1998263323209,2026-03-02 17:39:00,1
16.735300785203403,74.19468529456341,2026-02-28 04:49:00,1
16.71650818635048,74.2010323386287,2026-02-23 07:26:00,1
16.72612080005777,74.20212339236512,2026-02-09 15:38:00,1
16.739830520021734,74.19699683946465,2026-01-18 14:50:00,1
16.733218523130855,74.20723060550888,2026-01-05 21:00:00,1
16.69488708332108,74.21031065913849,2026-02-07 20:51:00,0
16.73539218561853,74.20775918154925,2026-02-05 16:26:00,1
16.74534531515703,74.19779001291829,2026-02-24 17:24:00,1
16.71403273931104,74.20604657203351,2026-03-23 00:32:00,1
16.742155101405164,74.20062369117969,2026-03-05 03:19:00,1
16.707824354954994,74.19011403217148,2026-03-14 10:41:00,-1
16.737503991560427,74.20538183502798,2026-02-22 00:43:00,1
16.729930810991902,74.20116905312766,2026-03-25 11:14:00,1
16.711200230278042,74.22074838401656,2026-03-26 13:24:00,0
16.733569102617917,74.21165816690623,2026-01-14 18:06:00,1
16.739206717993216,74.20568920125548,2026-02-27 12:51:00,1
16.732911096030573,74.2019933640103,2026-02-15 12:52:00,1
16.734678621096478,74.20130977804047,2026-03-29 11:33:00,1
16.726706591101287,74.19197048477093,2026-02-22 15:00:00,1
16.715108881958233,74.18608810218241,2026-01-02 10:26:00,-1
16.735534912178696,74.19301952712735,2026-01-19 21:26:00,1
16.74399803135557,74.19961826385465,2026-01-12 15:45:00,1
16.73903664683382,74.18315568577434,2026-01-19 02:05:00,1
16.71409699336319,74.19564542566182,2026-01-09 14:56:00,1
16.717880844742314,74.198019095735,2026-03-12 09:11:00,1
16.72323225806562,74.19827658757212,2026-02-14 11:19:00,1
16.71725619638976,74.1947062112145,2026-03-02 11:12:00,1
16.73035351935645,74.19726788948495,2026-03-31 23:48:00,1
16.733147326441443,74.213791150625,2026-02-28 05:55:00,1
16.71855797373406,74.20529716225192,2026-02-13 03:07:00,1
16.736217027674204,74.19551759378481,2026-01-25 00:41:00,1
16.73480883155216,74.1994532176931,2026-03-09 21:43:00,1
16.72561472700125,74.19977349331478,2026-02-15 14:37:00,1
16.72861982411213,74.19385635653008,2026-03-10 02:54:00,1
16.714401590594775,74.19384695825805,2026-01-03 01:49:00,1
16.727341902749703,74.20808419216262,2026-01-15 16:22:00,1
16.730059079793044,74.19664172497987,2026-01-12 16:41:00,1
16.731349980761827,74.19124242890375,2026-03-03 07:47:00,1
16.733031015296163,74.19965487724745,2026-02-16 15:25:00,1
16.731953933945846,74.20094407802503,2026-01-29 12:38:00,1
16.727885250421874,74.18421836620645,2026-01-28 20:53:00,1
16.732289559540433,74.19967402913747,2026-02-24 14:42:00,1
16.738016255946484,74.20694383947479,2026-03-28 21:50:00,1
16.729236015413523,74.20360983508418,2026-03-31 14:06:00,1
16.732540759126653,74.21783836092156,2026-02-12 10:24:00,1
16.728510631498686,74.2100088758585,2026-03-02 08:17:00,1
16.724825928668164,74.21159147219801,2026-01-08 12:29:00,1
16.73418303733534,74.22240068748732,2026-03-27 02:09:00,-1
16.725558192446638,74.2060652500942,2026-01-02 14:32:00,1
16.733089175207937,74.20130456166346,2026-01-31 19:14:00,1
16.73022604297208,74.20778992234746,2026-03-07 06:33:00,1
16.727568522587838,74.19552610853285,2026-03-29 06:37:00,1
16.727374857342827,74.20086149055597,2026-01-16 10:27:00,1
16.725935032060676,74.19481817885537,2026-03-01 11:47:00,1
16.71683359062329,74.2031838764605,2026-01-17 21:40:00,1
16.733063160761294,74.19478472729584,2026-01-05 12:35:00,1
16.731852374602227,74.19450457200111,2026-02-08 03:25:00,1
16.736797362019587,74.20330778634485,2026-02-21 21:30:00,1
16.725748344781547,74.19889830847376,2026-01-24 18:22:00,1
16.745163069003812,74.18457983091427,2026-03-29 13:49:00,1
16.726962112417205,74.1883555446295,2026-02-25 11:48:00,1
16.722999122862443,74.19082186806831,2026-02-09 10:44:00,1
16.722050520641258,74.1929362247511,2026-02-13 17:05:00,1
16.716128620774164,74.20331538663584,2026-02-11 18:44:00,1
16.742261023139147,74.20175151077657,2026-01-11 00:43:00,1
16.74096853912615,74.2085222349736,2026-02-24 13:48:00,1
16.734805961303078,74.20602241458354,2026-03-12 15:02:00,1
16.722831289537794,74.20857522364946,2026-02-07 21:50:00,1
16.744490141452474,74.20486716953168,2026-02-08 07:51:00,1
16.727186246707827,74.20167743447273,2026-03-23 22:35:00,1
16.727847793350186,74.2087948139383,2026-02-24 23:24:00,1
16.741498072643488,74.20735530233392,2026-01-27 19:18:00,1
16.735271284675846,74.20300876294043,2026-01-01 08:30:00,1
16.74760882511004,74.21016857496689,2026-03-16 02:11:00,1
16.731989778082553,74.18123369405997,2026-02-26 09:01:00,1
16.72682375360337,74.19767629460688,2026-02-26 08:27:00,1
16.725105560932324,74.1975536762748,2026-01-26 10:57:00,1
16.715224030582476,74.20922146301986,2026-01-17 18:03:00,1
16.72777123381755,74.21257115997561,2026-02-14 11:50:00,1
16.73915674671062,74.18839856503833,2026-03-10 04:52:00,1
16.734790673381248,74.2112893373932,2026-01-27 19:04:00,1
16.730162464052484,74.1906284385118,2026-02-17 10:24:00,1
16.7318149841441,74.19812571438139,2026-01-20 17:49:00,1
16.738102509641564,74.19745434822295,2026-01-21 18:37:00,1
16.73344575405176,74.18753266176226,2026-01-22 05:39:00,1
16.731333881357067,74.20519902378794,2026-03-24 03:46:00,1
16.72362433877375,74.20543521939781,2026-02-17 14:08:00,1
16.736937454512898,74.2084323327693,2026-03-24 14:48:00,1
16.704944761450047,74.19653235736178,2026-03-27 07:09:00,-1
16.733062765670923,74.19968333828022,2026-02-07 21:21:00,1
16.750562575847557,74.19975658268078,2026-01-05 22:38:00,-1
16.717933012901344,74.21350396353175,2026-01-28 08:38:00,1
16.72806904436239,74.17732604173894,2026-02-18 22:34:00,1
16.729936712079002,74.1923444452081,2026-02-04 07:02:00,1
16.726299337487546,74.20004432674234,2026-01-01 04:52:00,1
16.738290993940474,74.19131543812068,2026-03-31 00:58:00,1
16.733779608114844,74.19793343714183,2026-01-28 06:54:00,1
16.731218402980378,74.19899139570904,2026-02-25 16:35:00,1
16.736378180489353,74.19473851112966,2026-03-27 04:58:00,1
16.730134005672575,74.20051575140883,2026-02-19 00:43:00,1
16.755438915910588,74.20502519422206,2026-03-04 12:00:00,-1
16.731210775469254,74.19810986843976,2026-01-04 05:34:00,1
16.731562256787917,74.19637444212826,2026-03-04 17:00:00,1
16.716316255603413,74.19867388066677,2026-03-18 07:20:00,1
16.725652397381573,74.19994050922683,2026-03-24 15:30:00,1
16.739179021454397,74.18607744347733,2026-01-08 13:01:00,1
16.71931634519712,74.2036924313437,2026-01-21 13:17:00,1
16.712739542605586,74.19639199016443,2026-01-05 05:27:00,1
16.7302585237695,74.21009228059849,2026-03-24 14:43:00,1
16.7409659560598,74.20472842780514,2026-01-25 17:41:00,1
16.73033904982957,74.20936053123376,2026-02-17 20:02:00,1
16.72731100317899,74.19191196965028,2026-02-12 19:42:00,1
16.715132096498074,74.1970289068705,2026-03-03 23:42:00,1
16.733618032981617,74.19006033210034,2026-03-22 13:49:00,1
16.735290200871066,74.19435847032857,2026-01-30 03:17:00,1
16.71574614000719,74.21001684339608,2026-03-13 02:34:00,1
16.739076259589577,74.21189992462338,2026-01-27 04:26:00,1
16.736125564207136,74.19081493364156,2026-01-18 18:53:00,1
16.73905852754038,74.19633377865347,2026-01-10 13:30:00,1
16.734668200734667,74.19939043462381,2026-02-03 11:41:00,1
16.735229461670492,74.20468484513448,2026-02-20 10:39:00,1
16.734165767189616,74.18592151789171,2026-03-12 05:19:00,1
16.73694777857201,74.18717599934777,2026-03-18 08:28:00,1
16.71544993784701,74.20391700915098,2026-02-17 10:31:00,1
16.71799152453103,74.18440769144865,2026-02-06 19:19:00,1
16.724111936798483,74.19642562075089,2026-01-16 16:54:00,1
16.72896143862662,74.20129673446847,2026-03-24 06:26:00,1
16.733105095386467,74.20332532775947,2026-02-05 15:28:00,1
16.732597453225832,74.19886625523566,2026-03-10 19:37:00,1
16.738936846491647,74.19707394624763,2026-02-26 08:01:00,1
16.739187962388645,74.20675656687773,2026-03-25 19:59:00,1
16.72302091913365,74.20228164741093,2026-03-29 14:10:00,1
16.731908608880403,74.1948238670244,2026-03-05 14:45:00,1
16.723217347618224,74.20030178317346,2026-03-01 13:30:00,1
16.728494023693173,74.20306535218126,2026-01-13 08:29:00,1
16.73257433095239,74.21374589793162,2026-01-02 10:58:00,1
16.702730303388226,74.20629058934634,2026-02-19 03:25:00,-1
16.749289952317117,74.20971645484764,2026-03-05 10:49:00,1
16.73453126941918,74.1951151408296,2026-03-09 03:40:00,1
16.72523437379669,74.19580653674996,2026-01-23 13:52:00,1
16.745418958041842,74.1981169600575,2026-02-15 06:55:00,1
16.727220550636112,74.19885141882689,2026-03-19 14:15:00,1
16.731060155086624,74.19193580033757,2026-01-09 14:43:00,1
16.726103073516818,74.21012746901246,2026-02-04 13:12:00,1
16.743215934699545,74.20706681310207,2026-03-27 00:10:00,1
16.729160122349555,74.19755457710959,2026-01-18 23:10:00,1
16.731195872805916,74.20513368519211,2026-01-29 12:00:00,1
16.739630257224203,74.20178319330404,2026-02-12 02:45:00,1
16.73468111565969,74.20575862384746,2026-03-03 22:56:00,1
16.729565215478928,74.1892455430118,2026-01-23 23:13:00,1
16.73888312777886,74.19883471141442,2026-03-13 07:23:00,1
16.750307865835424,74.19953569177676,2026-01-22 05:22:00,-1
16.732539283590395,74.2049891367969,2026-02-03 03:21:00,1
16.73093408070298,74.19497249919054,2026-02-21 14:14:00,1
16.731365016668953,74.18000055420734,2026-01-02 02:06:00,1
16.740483436006652,74.19134640225855,2026-03-11 01:28:00,1
16.725206418119736,74.19951161611432,2026-03-02 04:38:00,1
16.727773459522307,74.20051107380402,2026-03-17 03:30:00,1
16.717700456406988,74.213469984981,2026-01-25 17:45:00,1
16.72052905709888,74.20466197152527,2026-02-05 18:58:00,1
16.725857599978415,74.20065224223386,2026-03-22 20:54:00,1
16.72955250404752,74.19974086978576,2026-01-07 00:17:00,1
16.744152666606162,74.20883346705736,2026-02-14 04:59:00,1
16.7342879424394,74.19527911638275,2026-02-13 13:23:00,1
16.72270337191848,74.19887772969808,2026-02-10 06:35:00,1
16.72417615611709,74.19128593503889,2026-02-09 00:58:00,1
16.740997989465846,74.21135124838956,2026-03-09 06:07:00,1
16.739012882789034,74.20313999149602,2026-01-18 17:28:00,1
16.730225199281794,74.19433981363197,2026-03-22 04:52:00,1
16.72645978827569,74.19908435991745,2026-03-22 15:40:00,1
16.738999462685637,74.20407720610565,2026-01-17 03:29:00,1
16.722053382986203,74.19799424869822,2026-03-29 16:09:00,1
16.73313624318446,74.1957242350263,2026-01-24 14:01:00,1
16.748181271927148,74.19476581051212,2026-01-05 15:46:00,1
16.731642845458012,74.20271169519393,2026-02-05 19:49:00,1
16.723795124165907,74.19713556576632,2026-03-13 14:48:00,1
16.733282949621373,74.1963699381219,2026-03-18 00:19:00,1
16.72623993024788,74.18931150595957,2026-02-28 02:44:00,1
16.71884707324997,74.20062112461223,2026-03-15 00:09:00,1
16.735608288214976,74.19855021248966,2026-01-24 12:42:00,1
16.7389426752044,74.19742681321087,2026-03-21 02:37:00,1
16.727512746623418,74.20159016541992,2026-02-27 03:56:00,1
16.72698211460723,74.20598401810189,2026-01-13 00:32:00,1
16.722307476871027,74.20561252377553,2026-01-12 13:52:00,1
16.72880051519626,74.2044218280072,2026-01-25 01:22:00,1
16.725501052936615,74.19807463777092,2026-01-07 05:55:00,1
16.721911738506375,74.19546401331247,2026-01-26 10:44:00,1
16.745137350643198,74.19164867486943,2026-03-31 09:56:00,1
16.733731942533996,74.19525474794129,2026-01-22 14:36:00,1
16.734579160864236,74.2001572007611,2026-02-27 06:33:00,1
16.73706719655146,74.19370971102678,2026-03-29 23:27:00,1
16.736168289734078,74.20076845711294,2026-01-23 18:57:00,1
16.726695120377627,74.1922763465767,2026-03-04 15:45:00,1
16.732180420983774,74.18671206488794,2026-02-10 12:04:00,1
16.733507708998214,74.19620468323707,2026-03-27 12:11:00,1
16.732733527087667,74.19330373077422,2026-03-01 02:29:00,1
16.726938717913086,74.19124922286963,2026-02-09 11:38:00,1
16.719365610216627,74.20338428779785,2026-03-15 02:07:00,1
16.731169896455725,74.21099926169174,2026-03-23 00:57:00,1
16.728365844097542,74.19677540911195,2026-03-12 08:00:00,1
16.71487702201833,74.1982754930027,2026-03-20 04:37:00,1
16.73406129415111,74.20857305471911,2026-01-29 23:32:00,1
16.737722736897943,74.18551643436514,2026-01-31 23:22:00,1
16.75022685180167,74.21573494914331,2026-01-21 22:36:00,-1
16.726870419973434,74.21955280241862,2026-03-04 15:22:00,1
16.72569030482761,74.17834929976465,2026-03-14 06:50:00,1
16.721124631756485,74.19921997416867,2026-03-01 10:40:00,1
16.79475155355373,74.27329427986474,2026-02-23 22:16:00,-1
16.680144001509536,74.25090519069538,2026-03-11 09:49:00,0
16.632465324267528,74.18438656167348,2026-01-17 07:57:00,-1
16.611183083674927,74.16518399943918,2026-02-02 22:24:00,-1
16.727234386617074,74.27969019543703,2026-03-05 15:11:00,-1
16.79667597023529,74.28534034323746,2026-01-05 16:49:00,-1
16.779158899369257,74.18180146223813,2026-03-23 23:31:00,-1
16.740420913497285,74.31905677770987,2026-01-16 09:26:00,-1
16.798119585798574,74.16720680472211,2026-03-12 19:54:00,-1
16.744565652408422,74.1174661064937,2026-02-25 11:45:00,-1
16.66785022468028,74.2499669612069,2026-03-18 06:51:00,-1
16.720243626612035,74.1267676432079,2026-03-11 18:12:00,-1
16.615953328497113,74.16916601606661,2026-02-16 10:13:00,-1
16.64433649804451,74.2267965982621,2026-03-10 01:03:00,-1
16.6835080471857,74.17158990558931,2026-02-01 04:26:00,-1
16.640363698712612,74.153749085605,2026-02-22 12:45:00,-1
16.790700202965635,74.2757963537264,2026-03-24 08:32:00,-1
16.79911950534893,74.23674983535057,2026-01-08 15:04:00,-1
16.674187184024333,74.30994031206257,2026-02-02 00:31:00,-1
16.74184579721544,74.24530989866386,2026-01-02 13:20:00,-1
16.681554146132648,74.22086180294343,2026-02-18 02:01:00,0
16.627901840877243,74.16531408790269,2026-03-12 09:25:00,-1
16.667385369540423,74.29801646877281,2026-01-04 11:16:00,-1
16.646674339743132,74.14921775214108,2026-02-19 10:39:00,-1
16.665615644081484,74.16055710274328,2026-02-07 08:52:00,-1
16.643004337679546,74.31039714918826,2026-03-12 10:39:00,-1
16.62246902381165,74.2852981314323,2026-01-20 19:29:00,-1
16.643485685872484,74.25321837224487,2026-01-15 15:37:00,-1
16.781151406365968,74.10973013269664,2026-01-09 12:31:00,-1
16.617044335155306,74.13181440457117,2026-02-06 16:02:00,-1
16.664951328751048,74.2249893650469,2026-02-13 21:03:00,0
16.705689978900526,74.28658473087071,2026-03-24 17:24:00,-1
16.670902531235672,74.21602521604795,2026-02-11 22:16:00,0
16.703521419003778,74.10432325610368,2026-01-16 10:39:00,-1
16.608684012046872,74.1460674996667,2026-03-04 21:52:00,-1
16.729713926672876,74.24719167490505,2026-01-06 12:53:00,-1
16.712695760311213,74.273554264922,2026-02-01 01:49:00,0
16.73619325317094,74.10835707817797,2026-02-28 19:29:00,-1
16.71345156316545,74.11083293836512,2026-01-23 20:33:00,-1
16.687580716485133,74.16532752886408,2026-02-23 12:11:00,-1
16.670028308458818,74.12087542384664,2026-02-10 19:07:00,-1
16.645287038019955,74.23548655804834,2026-03-27 16:23:00,-1
16.700013545361323,74.13092549548917,2026-01-26 20:53:00,-1
16.605210490475503,74.26205483372534,2026-03-23 13:58:00,-1
16.665648165619867,74.2943063298269,2026-02-26 07:52:00,-1
16.735574458712907,74.34262916593802,2026-03-09 10:46:00,-1
16.612578248463908,74.16834128755882,2026-01-02 17:22:00,-1
16.730435721058274,74.10735240065578,2026-03-07 18:26:00,-1
16.67955494422847,74.18235305402794,2026-02-13 05:38:00,-1
16.760365007309876,74.27712002967816,2026-01-28 19:06:00,-1
16.787462260794264,74.11495030231814,2026-03-22 15:34:00,-1
16.791408090746515,74.18992816441785,2026-01-30 09:13:00,-1
16.685118570778837,74.17450863688673,2026-02-09 00:41:00,-1
16.652865444855006,74.15483640895474,2026-03-07 04:16:00,-1
16.721722747748498,74.27653268868258,2026-03-28 14:14:00,-1
16.72563858518565,74.26477425125609,2026-03-22 21:48:00,-1
16.72446898721518,74.23387352350858,2026-02-28 17:22:00,-1
16.664355722743778,74.3276936599204,2026-01-10 22:28:00,-1
16.612750347283463,74.12578471318257,2026-01-10 20:25:00,-1
16.64200096776512,74.13742230611953,2026-03-04 08:34:00,-1
16.630883885604447,74.19586241980485,2026-02-15 20:01:00,-1
16.624780069156664,74.26397051296571,2026-01-12 23:30:00,-1
16.785256664214316,74.24601982306135,2026-03-04 14:31:00,-1
16.602769529194795,74.11851067186697,2026-03-26 19:22:00,-1
16.720371547847265,74.33960620093661,2026-01-06 21:11:00,-1
16.789494759148027,74.17626620411534,2026-03-16 07:24:00,-1
16.672010625498828,74.18974315344576,2026-02-01 00:26:00,-1
16.705419617834494,74.25590744976085,2026-02-05 19:12:00,0
16.739156732695033,74.33629137936492,2026-03-06 12:53:00,-1
16.66343393893165,74.26567205977581,2026-01-23 05:15:00,-1
16.69553039754145,74.33869333238692,2026-01-15 03:16:00,-1
16.76342057006655,74.14689777970511,2026-03-28 17:56:00,-1
16.749071133056052,74.25470248224323,2026-02-01 08:24:00,-1
16.76168988229857,74.30721972296907,2026-01-16 06:18:00,-1
16.797468032725533,74.2272561170637,2026-03-04 02:12:00,-1
16.674065494987236,74.19054341895733,2026-01-20 12:06:00,-1
16.749418252587155,74.34618963250796,2026-03-11 19:10:00,-1
16.7205569134204,74.13524683509915,2026-01-07 08:13:00,-1
16.73332095344424,74.20273238188216,2026-02-16 15:59:00,1
16.747974780966587,74.31834343814016,2026-02-06 06:23:00,-1
16.749946263389266,74.32512018662648,2026-03-28 02:48:00,-1
16.777149029858965,74.34509552538994,2026-02-16 21:58:00,-1
16.66986433504721,74.3212118980661,2026-03-25 06:42:00,-1
16.73069627122238,74.11273925634684,2026-01-23 08:48:00,-1
16.656058086319373,74.33244162490686,2026-02-12 14:37:00,-1
16.718913741023396,74.20704179785169,2026-03-15 05:51:00,1
16.750235028034385,74.26290479686413,2026-01-15 10:11:00,-1
16.75820021723233,74.19856896729178,2026-03-25 11:54:00,-1
16.684024900597827,74.30341701915339,2026-03-11 13:31:00,-1
16.70174404464027,74.24397981908069,2026-03-02 22:03:00,0
16.666769970234036,74.31138616063849,2026-01-22 21:10:00,-1
16.633807269307926,74.14844286788019,2026-03-15 14:57:00,-1
16.65210348103851,74.14624577368872,2026-03-17 20:29:00,-1
16.782427400979966,74.21009420039618,2026-01-27 08:02:00,-1
16.661793908481865,74.10118788624061,2026-02-22 20:13:00,-1
16.794951866709123,74.27321323872405,2026-01-06 10:59:00,-1
16.64829561704308,74.17401343195199,2026-02-05 11:14:00,-1
16.74461421749621,74.2393248365536,2026-01-14 13:26:00,-1
16.714780658714368,74.11750089011521,2026-02-20 01:47:00,-1
16.73937400990496,74.14266108984567,2026-02-19 09:28:00,-1
16.728791589321837,74.25571479250547,2026-02-17 22:52:00,-1
16.74134971671952,74.17641565677775,2026-03-02 22:39:00,-1
16.781109409687094,74.1536804856464,2026-03-25 05:25:00,-1
16.712693899212496,74.15721162520194,2026-01-18 16:56:00,-1
16.6135697565808,74.15370484118137,2026-01-20 07:01:00,-1
16.654165086889382,74.25571273735763,2026-01-20 09:18:00,-1
16.741643796081753,74.14192280361736,2026-03-25 12:49:00,-1
16.698814925595137,74.19067658979496,2026-01-09 08:08:00,-1
16.70971039652394,74.27197171639835,2026-01-03 19:41:00,0
16.71931609107606,74.22841776433691,2026-01-15 10:33:00,0
16.676525854596914,74.24932021769386,2026-03-11 05:28:00,0
16.754779105017573,74.16272674486594,2026-02-22 03:59:00,-1
16.74470697677931,74.3331787182913,2026-03-24 18:28:00,-1
16.742859882438623,74.20346981207908,2026-01-19 09:16:00,1
16.77807160033085,74.3260815460146,2026-02-19 23:38:00,-1
16.719078555888657,74.26382240381609,2026-01-07 13:49:00,0
16.793414439899394,74.2534864657846,2026-03-24 16:02:00,-1
16.62383853687813,74.32168366304154,2026-03-14 10:04:00,-1
16.726391795318772,74.11463507156785,2026-01-13 22:31:00,-1
16.74338530918716,74.30941987800189,2026-03-17 20:35:00,-1
16.695444082190875,74.26946609107627,2026-02-10 09:23:00,0
16.657641677291387,74.18999819869502,2026-01-31 06:18:00,-1
16.71000749054222,74.16408783563095,2026-03-27 03:41:00,-1
16.67294953605814,74.12620147497039,2026-02-16 16:09:00,-1
16.781824814213564,74.33526854256166,2026-01-21 10:44:00,-1
16.67135848250665,74.13547802583238,2026-03-14 20:27:00,-1
16.71527782803309,74.27277679489237,2026-01-18 06:48:00,0
16.679198518276074,74.2775381094715,2026-03-02 23:06:00,-1
16.61917962896017,74.14019217615065,2026-02-26 14:35:00,-1
16.712968470199584,74.3035327901914,2026-01-25 18:45:00,-1
16.70756928223314,74.22757181729409,2026-02-08 18:09:00,0
16.63463941732664,74.31211416952877,2026-03-17 12:53:00,-1
16.71952763379197,74.12182134746188,2026-01-16 16:44:00,-1
16.7134717947715,74.11070749977341,2026-03-07 00:14:00,-1
16.75472252460832,74.25924759537358,2026-03-16 19:54:00,-1
16.67231398596853,74.13750594927745,2026-03-26 07:22:00,-1
16.649751904732728,74.23123726143332,2026-01-30 05:18:00,-1
16.790243977394155,74.10352718982112,2026-01-24 23:52:00,-1
16.712243504556557,74.29498231513705,2026-03-26 02:21:00,-1
16.60542799177684,74.32488254254461,2026-02-11 15:35:00,-1
16.76414233682235,74.30972069049106,2026-02-21 04:53:00,-1
16.639351612183788,74.3395882032876,2026-02-16 04:07:00,-1
16.75720726352917,74.3257739386647,2026-02-16 07:20:00,-1
16.741032485431194,74.21100450457259,2026-02-26 05:01:00,1
16.793762744852632,74.1995870521109,2026-02-08 02:20:00,-1
16.793115860318906,74.32404591699289,2026-02-05 06:49:00,-1
16.654882124931152,74.3317346988393,2026-02-06 01:26:00,-1
16.753289916244686,74.3432089870795,2026-03-01 01:37:00,-1
16.663371017155985,74.29207930871068,2026-03-15 14:48:00,-1
16.72583958776592,74.15049720748534,2026-02-19 23:04:00,-1
16.71954921699092,74.33623853402767,2026-03-02 23:24:00,-1
16.610908703124235,74.33678536670405,2026-02-07 04:11:00,-1
16.601036349967075,74.26653284097824,2026-03-11 15:10:00,-1
16.611552802918965,74.31432006658737,2026-02-05 10:34:00,-1
16.62558840950635,74.24029410529099,2026-02-07 21:32:00,-1
16.78139104464851,74.12348409914802,2026-01-24 12:42:00,-1
16.70372653506934,74.31599092412118,2026-03-08 11:01:00,-1
16.75937834776816,74.11387590725928,2026-01-08 19:37:00,-1
16.767662350421443,74.1847767630545,2026-01-21 03:47:00,-1
16.74698861971811,74.13383141065381,2026-03-11 21:34:00,-1
16.678277024884114,74.21978377311572,2026-03-20 14:00:00,0
16.772771878768197,74.1580615394981,2026-02-07 08:59:00,-1
16.748409950664186,74.33801809483349,2026-02-06 14:53:00,-1
16.74863028868101,74.23983033341335,2026-02-15 19:55:00,-1
16.780314865433116,74.32443268407593,2026-03-11 07:30:00,-1
16.719732694491537,74.16951461726278,2026-02-12 05:46:00,-1
16.705714885992435,74.10649438998664,2026-01-16 14:36:00,-1
16.778032511519417,74.29391375092098,2026-02-08 19:15:00,-1
16.69089234563284,74.27559441499298,2026-01-23 22:02:00,0
16.76231413920577,74.23637291141854,2026-03-03 13:13:00,-1
16.610769272088962,74.3038356824323,2026-01-13 20:14:00,-1
16.600257988891265,74.31002109316202,2026-02-24 18:51:00,-1
16.705658497920872,74.24697582700453,2026-01-12 16:30:00,0
16.61472237876328,74.34148194796347,2026-03-29 11:38:00,-1
16.795308602690614,74.27992798690433,2026-02-27 14:31:00,-1
16.601100234807962,74.26921884404065,2026-01-13 12:01:00,-1
16.74362992729973,74.19035544813966,2026-03-28 07:13:00,1
16.648676939157244,74.10056464464999,2026-02-21 14:48:00,-1
16.793510401054412,74.16023566847353,2026-02-24 14:19:00,-1
16.67630833012558,74.29098012670366,2026-01-06 16:35:00,-1
16.605456685252776,74.27746781360929,2026-01-17 21:32:00,-1
16.605387153081757,74.18275553620752,2026-03-14 17:06:00,-1
16.71067467434494,74.2563957436346,2026-02-12 02:01:00,0
16.797342395806258,74.14882186986827,2026-02-25 11:13:00,-1
16.795954707009145,74.16590692981725,2026-03-30 20:14:00,-1
16.667454594457855,74.33685202347561,2026-02-08 13:17:00,-1
16.696540729837782,74.20329514323389,2026-02-04 06:44:00,-1
16.620091161159564,74.1612468985747,2026-03-14 04:49:00,-1
16.704435371198347,74.22177706170974,2026-01-06 22:36:00,0
16.719940319809655,74.19675396994684,2026-02-10 22:48:00,1
16.650212333122266,74.28238225933727,2026-03-18 22:21:00,-1
16.722422887183036,74.34052902662272,2026-01-21 12:01:00,-1
16.779938550339253,74.24793435611441,2026-01-28 08:39:00,-1
16.600191066684697,74.24778679673422,2026-02-12 12:36:00,-1
16.64578675486159,74.19120846468087,2026-01-07 16:28:00,-1
16.641983912664788,74.24115773299381,2026-01-07 08:59:00,-1
16.624777240606768,74.17983221659678,2026-01-23 15:06:00,-1
16.63322024254742,74.10027301857808,2026-03-22 19:22:00,-1
16.72518250907308,74.31652404321962,2026-01-20 23:08:00,-1
16.62053887803013,74.20736102138042,2026-03-07 18:52:00,-1
16.747706321804145,74.2230221212635,2026-02-08 08:18:00,-1
16.777404518111677,74.12087522885648,2026-03-10 10:16:00,-1
16.785317544835674,74.30927762835134,2026-01-30 17:13:00,-1
16.73203516286394,74.14258426759439,2026-03-20 16:54:00,-1
16.639479282126725,74.20265528969607,2026-02-03 09:00:00,-1
16.617059315107984,74.31006638676597,2026-03-13 05:47:00,-1
16.6464049907614,74.21444573505337,2026-03-16 19:51:00,-1
16.792391437157008,74.3327880838666,2026-02-08 20:48:00,-1
16.79246904035014,74.15232857585517,2026-03-02 00:34:00,-1
16.67638377678367,74.27880820748868,2026-01-11 16:15:00,-1
16.66515830821951,74.34449963089043,2026-02-14 16:17:00,-1
16.702002116451816,74.23740340930507,2026-02-03 14:28:00,0
16.65833761829348,74.27304597466099,2026-03-27 21:31:00,-1
16.795932490331115,74.19830666490024,2026-03-26 01:37:00,-1
16.644244278004916,74.28783433493136,2026-03-12 12:02:00,-1
16.673828536436556,74.32721851413093,2026-03-27 10:02:00,-1
16.685874175140036,74.27576389176262,2026-03-29 19:58:00,0
16.625012804616233,74.33398217784524,2026-03-11 02:36:00,-1
16.67656496535403,74.24716316299808,2026-02-23 10:39:00,-1
16.771346144020395,74.24428436011273,2026-01-19 09:34:00,-1
16.628072200291353,74.17615684702729,2026-03-15 09:15:00,-1
16.716804390165237,74.27740687279093,2026-01-18 12:00:00,-1
16.681327427612004,74.32048813043903,2026-01-17 16:02:00,-1
16.63410734522349,74.26157905653223,2026-03-21 04:18:00,-1
16.602467232889843,74.15825980514964,2026-01-11 07:10:00,-1
16.654668660697983,74.23602727868041,2026-01-13 18:32:00,-1
16.612365792139602,74.28898435423785,2026-02-15 23:43:00,-1
16.67535369425935,74.33484082871819,2026-02-22 13:44:00,-1
16.76204197113987,74.13914901238013,2026-01-05 02:27:00,-1
16.743937052175525,74.13187427274164,2026-02-04 01:01:00,-1
16.789476742340355,74.20323588255822,2026-01-21 06:32:00,-1
16.685403083467413,74.13140279236565,2026-01-28 04:20:00,-1
16.74156027971837,74.34510722812627,2026-01-17 06:39:00,-1
16.733068344420406,74.20607609182063,2026-03-02 23:08:00,1
16.643409260631653,74.23340262976697,2026-02-12 13:39:00,-1
16.660716501046533,74.15677194532319,2026-03-28 08:40:00,-1
16.705965906679552,74.21228153088423,2026-01-01 17:56:00,-1
16.759331463801185,74.3461734837153,2026-03-11 23:41:00,-1
16.69236254689259,74.22217178784173,2026-03-23 21:00:00,0
16.645548307235106,74.10220598145112,2026-02-13 18:06:00,-1
16.798693138056073,74.16063188256265,2026-03-04 22:36:00,-1
16.623115761270736,74.34461370761962,2026-02-09 15:56:00,-1
16.791177781498266,74.34726687835268,2026-02-23 13:16:00,-1
16.76777870386157,74.25381602196096,2026-02-17 17:17:00,-1
16.7589835166183,74.11922708262635,2026-02-22 00:42:00,-1
16.641634188260927,74.24436041061115,2026-03-30 19:16:00,-1
16.72651647547905,74.1314801753716,2026-02-14 16:44:00,-1
16.75134996249019,74.30466538091066,2026-01-16 14:04:00,-1
16.749137158420332,74.33489374690056,2026-03-03 10:55:00,-1
16.654313074108817,74.14324670201236,2026-03-04 08:37:00,-1
16.636223877552737,74.2156780421487,2026-01-22 08:15:00,-1
16.665624596782912,74.12551074961866,2026-03-07 14:02:00,-1
16.69596889607548,74.18478500176823,2026-01-06 17:40:00,-1
16.714756149412736,74.11627443869013,2026-01-29 19:12:00,-1
16.767390072463833,74.16613663200435,2026-03-18 23:02:00,-1
16.753806845540925,74.34755591677232,2026-02-25 13:49:00,-1
16.735230105133304,74.11115081683035,2026-02-24 15:41:00,-1
16.652697858588553,74.31474208240466,2026-02-25 21:15:00,-1
16.69577609978699,74.11936314443852,2026-01-15 20:08:00,-1
16.667087174825593,74.23224923277934,2026-03-28 12:27:00,0
16.64698563591011,74.21302994810684,2026-01-27 19:47:00,-1
16.602049072076696,74.33288866500516,2026-03-12 18:42:00,-1
16.66789239411414,74.14976246557127,2026-03-31 02:15:00,-1
16.651223253542927,74.1449205038449,2026-01-22 16:23:00,-1
16.714380465393365,74.28717852214196,2026-02-27 02:21:00,-1
16.612460354056743,74.28142986827508,2026-01-04 19:26:00,-1
16.65410391934204,74.27479544262319,2026-02-27 06:00:00,-1
16.608953897997683,74.1065317790431,2026-02-09 16:36:00,-1
16.728283580902687,74.16498992168123,2026-01-07 11:52:00,-1
16.713637911713725,74.30997379446357,2026-03-02 11:32:00,-1
16.667496004614897,74.25021453036419,2026-03-29 05:01:00,-1
16.62946692008711,74.25054873018304,2026-01-08 11:27:00,-1
16.79158396655375,74.17397915135119,2026-03-22 08:24:00,-1
16.716878489477725,74.16504327213923,2026-03-17 22:02:00,-1
16.735822673314413,74.33663872200455,2026-02-19 07:12:00,-1
16.70626975065389,74.2819388197133,2026-03-23 02:58:00,-1
16.761306649529242,74.13171652945046,2026-01-28 20:16:00,-1
16.779276009909626,74.33442673553594,2026-03-06 19:21:00,-1
16.676542108719527,74.24559253795451,2026-03-04 19:47:00,-1
16.738005062446124,74.18334059173927,2026-02-22 05:50:00,1
16.645977496909282,74.19928486159989,2026-03-17 00:05:00,-1
16.73037100943241,74.28135112758815,2026-03-20 20:46:00,-1
16.67983112599531,74.19406816292151,2026-03-12 18:01:00,-1
16.601356319880264,74.24468619977965,2026-02-22 22:54:00,-1
16.791105573684526,74.2776248741621,2026-03-29 22:25:00,-1
16.773688309107744,74.14884374932649,2026-02-20 00:00:00,-1
16.658167310069206,74.33606037156063,2026-02-27 07:36:00,-1
16.799551462846573,74.18904319285885,2026-01-17 23:50:00,-1
16.66342553491131,74.20484368926923,2026-01-29 21:50:00,-1
16.691768837291818,74.27462859196694,2026-03-23 10:08:00,0
16.770251805234885,74.25219627234694,2026-02-14 19:31:00,-1
16.66091927026561,74.21002995923479,2026-02-16 00:16:00,-1
16.690108056877502,74.26243551007519,2026-03-15 11:14:00,0
16.733117433424653,74.32570707689301,2026-01-30 08:19:00,-1
16.626093510954487,74.30007090416134,2026-01-24 21:08:00,-1
16.684470073738346,74.3060647524887,2026-01-01 19:10:00,-1
16.661881987472327,74.16460210214183,2026-01-21 19:50:00,-1
16.735354861172965,74.2048508373244,2026-02-16 02:05:00,1
16.627193878012076,74.23845478541351,2026-03-07 05:38:00,-1
16.64654629582019,74.11104770479037,2026-01-30 14:55:00,-1
16.742275240750498,74.29244804509433,2026-02-09 23:57:00,-1
16.631244873944823,74.18086585610376,2026-01-20 22:46:00,-1
16.68440385244798,74.17064901951025,2026-03-15 11:47:00,-1
16.742576144418525,74.16482300233903,2026-02-17 05:41:00,-1
16.753093676886003,74.17084481635501,2026-01-13 22:21:00,-1
16.618976235734333,74.18450370803946,2026-02-24 20:40:00,-1
16.770399121883898,74.25120613951903,2026-01-31 05:06:00,-1
16.744794460225993,74.245891330475,2026-03-19 20:42:00,-1
16.667858917738663,74.16392793840046,2026-01-25 03:05:00,-1
16.752760570466048,74.1516060691433,2026-03-19 19:49:00,-1
16.745659773068134,74.30658954751783,2026-03-04 19:23:00,-1
16.72017824530168,74.12318083441909,2026-01-13 04:23:00,-1
16.71169623468117,74.22820571030023,2026-03-10 08:09:00,0
16.74694069777992,74.23014021854732,2026-03-06 20:28:00,-1
16.799851980341092,74.2435342017029,2026-02-11 00:57:00,-1
16.715710449863177,74.32141252897678,2026-01-15 11:07:00,-1
16.76174357435245,74.25597848502369,2026-02-13 00:32:00,-1
16.748854743463117,74.343408441562,2026-02-24 18:36:00,-1
16.771161680406767,74.31783827083717,2026-01-12 21:11:00,-1
16.790904972276827,74.1536850648718,2026-01-31 16:44:00,-1
16.638616641492163,74.16029582755633,2026-03-05 03:56:00,-1
16.633091927279025,74.18619353397878,2026-02-19 18:13:00,-1
16.71727036568298,74.19787860377002,2026-03-31 07:24:00,1
16.6898590125773,74.23824878007692,2026-01-20 12:09:00,0
16.714144538583835,74.15812815822407,2026-03-12 00:18:00,-1
16.759608546897102,74.15558629527844,2026-02-08 06:57:00,-1
16.78634289600985,74.19534748934201,2026-01-21 01:55:00,-1
16.683483165039714,74.26800577830318,2026-03-27 14:31:00,0
16.743586529108725,74.27203140327404,2026-02-26 01:56:00,-1
16.639359837568282,74.34402918501007,2026-02-18 04:31:00,-1
16.706910389870906,74.15060385848045,2026-01-27 13:06:00,-1
16.604360955556107,74.19821478796423,2026-03-21 07:55:00,-1
16.700750113426622,74.34116937448476,2026-01-03 17:10:00,-1
16.7090672918251,74.27250218566638,2026-01-11 08:41:00,0
16.747089067155667,74.2480696312055,2026-01-17 04:25:00,-1
16.7298969580414,74.23491151285033,2026-02-28 18:30:00,-1
16.67167934686116,74.11887759503406,2026-01-10 05:36:00,-1
16.601146180142624,74.32334345220397,2026-03-13 17:52:00,-1
16.62309717472459,74.25637630385377,2026-01-18 15:12:00,-1
16.79461213070349,74.242916851982,2026-03-02 21:10:00,-1
16.78446663166306,74.23487508583045,2026-03-13 14:30:00,-1
16.66501863261623,74.19797855183027,2026-03-21 01:45:00,-1
16.651770587984778,74.16366617284022,2026-01-27 08:31:00,-1
16.68728325873801,74.28883049633362,2026-01-07 17:21:00,-1
16.737988005922414,74.2273918794404,2026-03-10 03:12:00,-1
16.671365534531596,74.1084848830723,2026-02-10 09:12:00,-1
16.61345876954623,74.19977362494303,2026-03-27 09:32:00,-1
16.680559018488882,74.33215090955571,2026-01-17 22:22:00,-1
16.65211779889629,74.1934736403852,2026-02-21 16:25:00,-1
16.664986002242244,74.20330825198138,2026-01-11 17:21:00,-1
16.632591449157463,74.25599028076375,2026-02-13 16:28:00,-1
16.73176801388913,74.30041870095397,2026-01-01 02:13:00,-1
16.705326186649046,74.26711527942618,2026-03-09 12:16:00,0
16.654172623459072,74.31251368278073,2026-02-24 10:33:00,-1
16.71077249626125,74.12849264676017,2026-01-09 17:42:00,-1
16.69854156943345,74.33114813832965,2026-02-14 22:51:00,-1
16.759194971313207,74.32598048310284,2026-02-08 12:56:00,-1
16.79119685386804,74.22978714664639,2026-03-02 15:04:00,-1
16.62613410179573,74.25618555944679,2026-02-14 21:27:00,-1
16.7767826957816,74.15320326255035,2026-02-11 07:23:00,-1
16.740959387656982,74.21198685949534,2026-03-16 19:04:00,1
16.738510709059582,74.15067584022995,2026-02-16 17:11:00,-1
16.674860179428496,74.10549416973525,2026-03-15 06:42:00,-1
16.668781639092984,74.34522576703176,2026-03-21 16:20:00,-1
16.601127896964506,74.16478662892754,2026-03-18 08:15:00,-1
16.796440974927464,74.24827707722446,2026-03-27 23:58:00,-1
16.72130116647461,74.17506259588446,2026-03-04 19:24:00,-1
16.680465724784785,74.1926554050526,2026-02-20 13:24:00,-1
16.708753764378436,74.19944038964556,2026-02-17 18:00:00,-1
16.608105406819252,74.18376168283119,2026-01-19 09:43:00,-1
16.634730191058335,74.25934993983498,2026-03-16 12:13:00,-1
16.724671984992682,74.34023406762215,2026-03-04 09:28:00,-1
16.702852345936726,74.20715866250156,2026-03-20 14:17:00,-1
16.75741496458553,74.34333168101357,2026-03-05 03:12:00,-1
16.731748538089068,74.26694930933618,2026-02-13 05:50:00,-1
16.72028713519588,74.25178404875524,2026-01-27 13:42:00,0
16.763053140861064,74.15927596294972,2026-03-30 17:01:00,-1
16.613652621110383,74.11573017647484,2026-03-08 00:36:00,-1
16.738177359286258,74.31298369257296,2026-03-20 17:36:00,-1
16.743118142657803,74.24349526598606,2026-02-22 15:37:00,-1
16.655032709936002,74.20360346560622,2026-02-15 22:36:00,-1
16.63912992729748,74.30299183052212,2026-01-04 02:05:00,-1
16.642770495091202,74.17764509564432,2026-01-07 05:39:00,-1
16.6396281726864,74.29590431399112,2026-03-05 14:36:00,-1
16.70475643818072,74.18199095885144,2026-01-21 04:54:00,-1
16.627125262273168,74.33022029660104,2026-01-08 09:07:00,-1
16.73185717228387,74.1669917186142,2026-03-11 21:01:00,-1
16.621015651789754,74.13438852939363,2026-02-25 20:20:00,-1
16.60537792806205,74.27452417708734,2026-01-11 00:05:00,-1
16.663858048489175,74.1407118132662,2026-02-14 23:42:00,-1
16.63837194474661,74.33734076257224,2026-02-12 06:46:00,-1
16.797732411082016,74.26388877809721,2026-01-01 08:01:00,-1
16.660599260123444,74.15771516532112,2026-02-24 10:28:00,-1
16.644412817205104,74.15220473357135,2026-02-05 16:50:00,-1
16.639353964699843,74.3309687597801,2026-03-21 01:13:00,-1
16.6747705809607,74.25196447821247,2026-01-11 09:57:00,-1
16.721169779066315,74.3234340016681,2026-03-18 05:45:00,-1
16.756389055009258,74.12755630121146,2026-01-01 13:52:00,-1
16.672915249548616,74.33134804889478,2026-03-10 18:50:00,-1
16.72519419600856,74.23001232799852,2026-03-12 10:23:00,-1
16.696411979655878,74.26710547908283,2026-02-06 16:37:00,0
16.769299069250682,74.19321886788532,2026-01-26 05:59:00,-1
16.713808355431688,74.11478508050145,2026-01-13 19:15:00,-1
16.657978334375823,74.33949311033545,2026-01-31 14:15:00,-1
16.740717451435653,74.34864958227712,2026-03-02 06:26:00,-1
16.7640128976046,74.1911367121901,2026-03-07 05:44:00,-1
16.693088131352795,74.335966982438,2026-01-17 07:35:00,-1
16.797439447776465,74.14193157274039,2026-01-02 00:03:00,-1
16.775819375838264,74.13867111241464,2026-02-20 12:26:00,-1
16.6393909339331,74.11827796000229,2026-02-22 06:29:00,-1
16.75735117443125,74.19781735189603,2026-03-30 06:15:00,-1
16.720190248869955,74.11307556254539,2026-03-10 12:29:00,-1
16.706962259561568,74.19866429740321,2026-02-19 12:40:00,-1
16.702787717315914,74.1345976071624,2026-02-23 06:21:00,-1
16.77068222855649,74.28263194889324,2026-02-28 02:24:00,-1
16.72217455778069,74.3083406623341,2026-02-10 15:44:00,-1
16.707541197010748,74.27195385694907,2026-03-02 23:33:00,0
16.60977198135161,74.15012353810903,2026-01-18 14:09:00,-1
16.689660573951713,74.29171204822698,2026-03-16 17:38:00,-1
16.7816083124091,74.16237504925832,2026-03-19 13:13:00,-1
16.742347345868925,74.28987214924213,2026-02-09 03:33:00,-1
16.61019079561123,74.2418493937241,2026-02-11 02:24:00,-1
16.77679845643021,74.1916781290728,2026-02-14 18:37:00,-1
16.765333444275413,74.120873094504,2026-03-15 13:31:00,-1
16.709336842313906,74.30687737745176,2026-01-16 20:05:00,-1
16.60448109303646,74.33491323019955,2026-01-31 17:41:00,-1
16.71248592360676,74.26647944500016,2026-02-25 07:42:00,0
16.61091780998529,74.34113539167335,2026-03-04 09:46:00,-1
16.664075791927498,74.33352785476075,2026-01-27 14:50:00,-1
16.72578192378055,74.14865210020093,2026-01-11 13:06:00,-1
16.782582616776434,74.28280308714955,2026-02-15 16:28:00,-1
16.671559127451896,74.18732620485942,2026-02-27 11:16:00,-1
16.772004756576692,74.2218793401414,2026-03-10 23:45:00,-1
16.783672202080105,74.1392413577872,2026-01-01 06:24:00,-1
16.604208776091465,74.34369485701441,2026-01-02 13:57:00,-1
16.647885567550507,74.2815343457691,2026-02-04 18:50:00,-1
16.7419724598455,74.16672707740774,2026-02-20 18:03:00,-1
16.75136860861591,74.192867922542,2026-01-01 07:42:00,-1
16.678483370043413,74.20562073170719,2026-01-16 14:38:00,0
16.731350922554572,74.28688343103596,2026-02-07 16:50:00,-1
16.722431723472408,74.33142431669239,2026-01-26 03:28:00,-1
16.747954992320214,74.18036003324613,2026-03-05 22:46:00,-1
16.743731685549026,74.2181250220701,2026-01-04 02:58:00,-1
16.617174159598072,74.24830189320868,2026-03-21 22:49:00,-1
16.631650036188013,74.19833599810008,2026-01-16 06:02:00,-1
16.626545429451866,74.22604533084142,2026-02-09 15:46:00,-1
16.786496013968563,74.12642690725502,2026-03-30 19:07:00,-1
16.7827085296706,74.14191859693004,2026-03-01 15:21:00,-1
16.759482453919397,74.20027531430503,2026-03-31 20:48:00,-1
16.623343712135192,74.32873475294264,2026-01-02 18:28:00,-1
16.71485429398392,74.18733951143615,2026-03-06 18:52:00,1
16.63744612521797,74.16244820215125,2026-01-07 19:30:00,-1
16.673676787511763,74.28571555521232,2026-02-25 01:36:00,-1
16.653418255327484,74.33728254151914,2026-01-30 08:03:00,-1
16.765786196297494,74.21478090426588,2026-03-11 22:20:00,-1
16.628890279903857,74.10215123889179,2026-01-12 04:36:00,-1
16.729235833722015,74.2720373328689,2026-03-22 16:33:00,-1
16.737410916650727,74.26841138415405,2026-02-16 17:41:00,-1
16.615846697801395,74.16942912895729,2026-02-21 09:35:00,-1
16.781569900392505,74.10060203595424,2026-01-04 04:12:00,-1
16.72861593553792,74.18612405468639,2026-01-28 22:29:00,1
16.69126219592104,74.27619808565323,2026-03-05 20:17:00,0
16.731938495708224,74.1982783207523,2026-03-28 11:23:00,1
16.77580886609453,74.1547935349133,2026-03-30 14:44:00,-1
16.69542544558305,74.21600171603352,2026-02-18 05:06:00,0
16.70626429656245,74.2880871308246,2026-01-24 05:23:00,-1
16.690489479843592,74.12985827169807,2026-02-12 23:33:00,-1
16.614518285264733,74.27293800841166,2026-02-11 17:05:00,-1
16.757414025385472,74.26683600595098,2026-02-05 18:02:00,-1
16.62528234872837,74.19268446992126,2026-02-02 12:21:00,-1
16.678914002057663,74.34258404784487,2026-03-20 03:35:00,-1
16.677364569121547,74.32367632487008,2026-02-05 03:24:00,-1
16.65600815841735,74.17904037020051,2026-01-03 15:11:00,-1
16.680501425178885,74.10777277334846,2026-03-06 22:13:00,-1
16.723601822076485,74.17707620168626,2026-03-01 20:33:00,-1
16.662277462441544,74.15118048563525,2026-02-04 01:21:00,-1
16.634502387539655,74.23681297851189,2026-02-26 16:47:00,-1
16.773873502101456,74.32968610529554,2026-03-26 16:44:00,-1
16.794166529971427,74.31758437750938,2026-03-25 04:44:00,-1
16.691716764775265,74.1764572889162,2026-03-13 01:39:00,-1
16.665403942468917,74.20714938338891,2026-02-22 12:01:00,-1
16.609496415555647,74.10913554976989,2026-01-03 11:43:00,-1
16.60737030812201,74.23604087691228,2026-02-16 02:22:00,-1
16.67857639912908,74.11584199501267,2026-03-15 16:03:00,-1
16.786048403660192,74.33465154155726,2026-03-18 00:58:00,-1
16.746141708680312,74.31673345871306,2026-03-11 13:22:00,-1
16.669853883774156,74.15354690660936,2026-03-30 18:51:00,-1
16.793609285036414,74.27484216996551,2026-02-16 11:37:00,-1
16.65535854879493,74.30033942812904,2026-02-14 17:07:00,-1
16.685270648944872,74.21891302668787,2026-01-29 16:25:00,0
16.642308645396767,74.14794299266644,2026-03-17 04:44:00,-1
16.77712775404016,74.25996085003071,2026-03-11 22:37:00,-1
16.67223466208354,74.12007008174898,2026-02-08 05:32:00,-1
16.731593792898867,74.2461469977921,2026-02-04 22:36:00,-1
16.677809439765433,74.15317620136611,2026-01-15 08:26:00,-1
16.78034628359279,74.27123410928088,2026-01-04 21:14:00,-1
16.728476150343127,74.30701079043202,2026-01-29 03:51:00,-1
16.69765037805626,74.12738118232052,2026-01-22 16:35:00,-1
16.62642859383627,74.20006713803714,2026-01-24 20:50:00,-1
16.78038333257044,74.283380396944,2026-03-31 20:42:00,-1
16.709363373654355,74.1409257653797,2026-03-03 07:05:00,-1
16.657010594592286,74.24163091750893,2026-02-19 15:00:00,-1
16.775585378363342,74.26795974546893,2026-01-17 02:21:00,-1
16.610888085478884,74.18869840180984,2026-03-17 16:52:00,-1
16.662815383465915,74.30799556855064,2026-02-28 00:42:00,-1
16.707365680240432,74.22766454626168,2026-02-16 07:59:00,0
16.66796286720866,74.25674870998512,2026-02-11 22:29:00,-1
16.695346851075772,74.1352181991762,2026-02-19 17:32:00,-1
16.652863250466197,74.10579004363316,2026-03-17 13:40:00,-1
16.62601661818658,74.11268714270624,2026-03-06 19:28:00,-1
16.607370827723372,74.32598003704955,2026-02-13 15:35:00,-1
16.63152931298243,74.32066059606205,2026-03-02 02:04:00,-1
16.790589302804964,74.30189785979046,2026-03-25 16:22:00,-1
16.715080626667348,74.14990302280872,2026-01-30 08:40:00,-1
16.69779202505559,74.23136466298737,2026-03-23 01:00:00,0
16.676864767861144,74.29902927513709,2026-02-24 14:40:00,-1
16.741684029196676,74.26866729531393,2026-01-17 16:13:00,-1
16.62825189518122,74.12888029841898,2026-03-29 00:37:00,-1
16.655225973530534,74.3238852999531,2026-03-03 18:07:00,-1
16.731180423932752,74.14017059819449,2026-02-04 17:37:00,-1
16.695812872917045,74.14294892335333,2026-01-20 07:35:00,-1
16.75401850779182,74.32525215729267,2026-03-24 10:05:00,-1
16.779421968791333,74.22115423477362,2026-03-16 02:20:00,-1
16.76467451827413,74.19322295648911,2026-01-05 00:09:00,-1
16.63684154285215,74.23841418557451,2026-02-27 05:09:00,-1
16.618294047105397,74.34534933320802,2026-01-11 07:34:00,-1
16.63388812010901,74.12990761381026,2026-01-27 11:17:00,-1
16.756706138320048,74.28923721219802,2026-02-21 02:55:00,-1
16.782766217898544,74.18358146556102,2026-01-23 10:06:00,-1
16.785089773540772,74.1292623177119,2026-02-16 02:58:00,-1
16.65964315787409,74.20548333883823,2026-02-08 15:53:00,-1
16.76806827560271,74.23718821943132,2026-02-22 08:02:00,-1
16.70724710700442,74.15149040943203,2026-03-14 01:33:00,-1
16.764558369669643,74.20131736477414,2026-01-14 23:11:00,-1
16.709672968476003,74.25891900636806,2026-03-13 15:42:00,0
16.629178643955825,74.24411200493005,2026-01-21 00:18:00,-1
16.615843910214622,74.2807901485137,2026-01-04 00:05:00,-1
16.791443829841867,74.30910113323435,2026-02-10 04:16:00,-1
16.685160511286316,74.20228508294234,2026-01-28 04:56:00,0
16.670104128979464,74.20574181886555,2026-01-17 14:34:00,0
16.671260616953663,74.22417303361378,2026-02-08 01:21:00,0
16.675786882295096,74.24158834459531,2026-03-20 04:43:00,0
16.788999365578867,74.12708066855947,2026-02-22 16:51:00,-1
16.612540917480636,74.17815883854868,2026-03-07 12:07:00,-1
16.623812257476462,74.14297294884425,2026-01-14 10:58:00,-1
16.75793030309637,74.19646319058603,2026-01-07 19:47:00,-1
16.70988189826803,74.3433385181435,2026-01-31 04:12:00,-1
16.62570735159219,74.24568273917023,2026-03-11 16:45:00,-1
16.60689202735567,74.20734537998013,2026-03-21 16:53:00,-1
16.644846869655847,74.24148422380593,2026-01-10 03:46:00,-1
16.652162147542054,74.26726913885679,2026-02-12 21:20:00,-1
16.60284260591493,74.2087383658226,2026-02-05 16:27:00,-1
16.64321810766744,74.21192745106322,2026-03-08 23:20:00,-1
16.74766378739048,74.27535028234543,2026-01-19 11:53:00,-1
16.7710867379274,74.11521564580141,2026-02-13 15:07:00,-1
16.779647165953943,74.23502014207207,2026-03-18 11:35:00,-1
16.67798280652871,74.23683195305442,2026-02-11 20:21:00,0
16.66388274518071,74.28918806528209,2026-03-12 07:33:00,-1
16.799972169641578,74.34566118808416,2026-02-25 23:21:00,-1
16.75386809018432,74.2989386966967,2026-02-23 18:23:00,-1
16.70747041618151,74.22594715316261,2026-01-24 08:13:00,0
16.650954286537882,74.14236329490178,2026-03-31 07:46:00,-1
16.66426109057702,74.24706524290829,2026-01-23 11:34:00,-1
16.70307286976588,74.30857472167817,2026-03-25 18:56:00,-1
16.70841658395815,74.33310351591133,2026-03-31 01:00:00,-1
16.602735728854736,74.30632759487352,2026-02-16 00:35:00,-1
16.791880017054297,74.14724215159063,2026-03-20 05:01:00,-1
16.715121249470315,74.27814396608733,2026-03-06 08:35:00,-1
16.717831648881827,74.32003873687145,2026-03-08 09:33:00,-1
16.642294226750764,74.27025424165674,2026-01-07 03:58:00,-1
16.75299743576025,74.27143801023205,2026-01-13 08:13:00,-1
16.74745290401837,74.22504057156276,2026-01-07 06:22:00,-1
16.619031594680955,74.25924405553137,2026-01-03 17:17:00,-1
16.718998874451984,74.17359517980574,2026-03-17 05:42:00,-1
16.731638749065976,74.12220252169644,2026-01-16 18:53:00,-1
16.767113634914775,74.30692872618634,2026-01-01 13:41:00,-1
16.641218235783544,74.33578607684787,2026-03-26 09:29:00,-1
16.775526959361283,74.31420558384423,2026-01-26 02:06:00,-1
16.61930472386113,74.12338253782697,2026-03-28 10:43:00,-1
16.621124244302177,74.17003459690784,2026-02-17 01:50:00,-1
16.639560890734636,74.31070884395247,2026-03-25 09:42:00,-1
16.656550141197062,74.2639536269083,2026-03-29 04:33:00,-1
16.69928116089196,74.34167356102573,2026-01-13 23:39:00,-1
16.749750239548913,74.18567025460926,2026-01-14 04:37:00,-1
16.637345180403887,74.2378680300729,2026-02-03 07:04:00,-1
16.798530358899907,74.29750955540955,2026-02-20 07:45:00,-1
16.632304386354065,74.15849798568294,2026-03-12 17:50:00,-1
16.71987559354443,74.34102249366491,2026-01-17 11:45:00,-1
16.785788087174268,74.24809941812295,2026-01-18 09:44:00,-1
16.766501484575365,74.10197439082991,2026-01-28 13:53:00,-1
16.729577840332635,74.10628831890699,2026-01-25 10:12:00,-1
16.74309859935818,74.32055400410039,2026-03-26 14:41:00,-1
16.626841125341073,74.26132038194027,2026-02-05 15:20:00,-1
16.60193261075205,74.29076812976596,2026-03-20 03:28:00,-1
16.686829756872076,74.29600400023922,2026-01-06 00:42:00,-1
16.61790378526766,74.20511494406269,2026-01-10 03:53:00,-1
16.671550512382566,74.29965281153557,2026-03-14 07:48:00,-1
16.64474855871395,74.33438311120312,2026-01-23 11:00:00,-1
16.78326934447615,74.1430427769424,2026-01-08 10:27:00,-1
16.776011199801612,74.2910340998855,2026-02-23 12:08:00,-1
16.763788569706204,74.17694800190388,2026-01-14 06:07:00,-1
16.742788859682797,74.18037325076345,2026-01-06 12:31:00,-1
16.630814385820806,74.20318871275909,2026-02-06 13:12:00,-1
16.60967348523983,74.31592987997702,2026-02-19 12:10:00,-1
16.73077757157094,74.10551401682751,2026-02-17 11:05:00,-1
16.72845162743502,74.20848155170256,2026-02-22 14:30:00,1
16.6738848569509,74.2700119123923,2026-01-03 03:01:00,-1
16.69453733328712,74.12760386457063,2026-01-27 04:29:00,-1
16.6978298776476,74.29806339925435,2026-01-31 21:52:00,-1
16.647985626549303,74.33547564947433,2026-01-27 09:08:00,-1
16.66283332238152,74.12273370526924,2026-02-20 07:32:00,-1
16.6836779109327,74.13823703445772,2026-01-21 14:48:00,-1
16.72063580598232,74.34352430623655,2026-02-26 21:06:00,-1
16.791163841203478,74.14946391019643,2026-03-26 05:03:00,-1
16.70769692190381,74.1197349189258,2026-03-01 11:13:00,-1
16.746232781908642,74.33804813409897,2026-02-04 23:57:00,-1
16.76140022047911,74.32315567745236,2026-02-09 02:59:00,-1
16.622701624261712,74.26393136818328,2026-02-22 16:10:00,-1
16.73062493351079,74.23785773182188,2026-03-07 03:46:00,-1
16.696422144050885,74.32980817407568,2026-01-28 03:24:00,-1
16.71448618844958,74.26388001877785,2026-01-04 10:58:00,0
16.60768338715381,74.26459916482877,2026-03-05 05:45:00,-1
16.78124314730948,74.31092139105048,2026-03-01 12:55:00,-1
16.79055682991509,74.2633114193231,2026-01-10 03:06:00,-1
16.600696384736924,74.22591922175941,2026-02-26 09:21:00,-1
16.6425583184083,74.1974303744746,2026-01-07 10:44:00,-1
16.63603883474179,74.22578347319781,2026-02-27 21:05:00,-1
16.75626090345597,74.23061966227179,2026-03-08 23:39:00,-1
16.719616011822364,74.19020797027956,2026-01-02 09:31:00,1
16.63546673265935,74.21202960224508,2026-03-07 09:36:00,-1
16.762794191063772,74.30046798321588,2026-01-11 20:09:00,-1
16.67069497436115,74.20412834216897,2026-01-24 20:24:00,0
16.69217137525862,74.10638994165885,2026-03-05 10:27:00,-1
16.67746132106413,74.17075483044346,2026-02-01 22:54:00,-1
16.704276041288246,74.15793546602292,2026-03-29 22:23:00,-1
16.696028493765745,74.29839550295799,2026-03-28 03:40:00,-1
16.65491680053249,74.21232326461795,2026-03-30 19:43:00,-1
16.684911207498768,74.17007763575877,2026-01-10 09:21:00,-1
16.78166742997086,74.30267622096041,2026-01-16 20:46:00,-1
16.70057882729585,74.10480420113915,2026-01-17 11:35:00,-1
16.783277282084477,74.1435627106828,2026-02-22 16:21:00,-1
16.710025409563595,74.30673870484894,2026-02-08 16:52:00,-1
16.753763458652834,74.2376629319151,2026-03-09 03:03:00,-1
16.658718261931945,74.29341244364487,2026-01-26 09:20:00,-1
16.75808269800888,74.30954400369052,2026-01-18 23:28:00,-1
16.652864322596997,74.33549087214713,2026-02-28 09:51:00,-1
16.603909994328596,74.11585614982583,2026-02-25 13:17:00,-1
16.63214578863554,74.29980868582462,2026-03-04 03:41:00,-1
16.604330575006408,74.27719153705495,2026-01-29 02:03:00,-1
16.789412528378286,74.15175640016913,2026-02-17 08:59:00,-1
16.79999540408354,74.33292556658502,2026-03-25 13:14:00,-1
16.752446052723904,74.2010504700766,2026-02-25 00:11:00,-1
16.62162563275032,74.3219026318637,2026-03-25 22:10:00,-1
16.77978909206653,74.25127842616622,2026-02-09 00:11:00,-1
16.74875523665322,74.23168698663524,2026-01-05 00:51:00,-1
16.66644890308042,74.13988098347399,2026-03-10 10:26:00,-1
16.700455582361787,74.32858190607182,2026-02-11 10:35:00,-1
16.732351868252394,74.23916547684055,2026-01-04 18:55:00,-1
16.604810095134656,74.1015231013742,2026-01-13 11:40:00,-1
16.70030818241998,74.10457113526756,2026-01-29 03:50:00,-1
16.746479086650996,74.2944081512545,2026-01-18 04:33:00,-1
16.637645074379268,74.14048408834459,2026-03-03 14:22:00,-1
16.68875811469587,74.24968460890703,2026-02-25 00:06:00,0
16.706506025836987,74.27027049048348,2026-01-30 16:02:00,0
16.747113074391848,74.16984139823712,2026-01-08 14:51:00,-1
16.792890742158622,74.24232845210285,2026-01-08 01:38:00,-1
16.76965510960086,74.16006468649726,2026-03-27 02:34:00,-1
16.724303684045992,74.33657885684198,2026-02-01 01:13:00,-1
16.716728134966964,74.31504253908729,2026-01-10 15:45:00,-1
16.720637338614534,74.17201069787436,2026-03-06 00:49:00,-1
16.709035728531955,74.23220362273759,2026-03-20 07:07:00,0
16.611872576051788,74.22515821428847,2026-01-11 23:29:00,-1
16.739659278917642,74.34000581448751,2026-03-27 01:01:00,-1
16.74326736002592,74.19850719504596,2026-03-07 05:12:00,1
16.702496072453407,74.24055688865539,2026-01-23 16:24:00,0
16.77407752108051,74.33217664872186,2026-03-11 18:59:00,-1
16.734487360551338,74.14070276279413,2026-02-07 19:05:00,-1
16.672532931571403,74.23762140081958,2026-02-27 04:14:00,0
16.603938870719727,74.12641823009045,2026-01-12 10:06:00,-1
16.61183232929954,74.25437473295462,2026-01-22 23:32:00,-1
16.670359652328358,74.19142080084674,2026-03-11 14:36:00,-1
16.69242106503974,74.3419090182949,2026-03-14 11:26:00,-1
16.633374223901686,74.20385229528712,2026-01-01 23:36:00,-1
16.63786566128453,74.13404690938542,2026-01-20 07:11:00,-1
16.646042271755867,74.3084999902321,2026-02-24 16:16:00,-1
16.756102667915254,74.30521667285572,2026-03-23 12:34:00,-1
16.754257568190354,74.2737149048857,2026-03-02 16:29:00,-1
16.676587797082757,74.28720295047106,2026-03-05 14:21:00,-1
16.63447287631688,74.16617880442234,2026-02-04 23:27:00,-1
16.622181677012694,74.26051337510569,2026-01-05 22:11:00,-1
16.617425862409437,74.10950496780134,2026-03-10 22:22:00,-1
16.678255850179877,74.1492225359725,2026-03-13 22:27:00,-1
16.609108486664226,74.33306986188826,2026-02-09 21:31:00,-1
16.66672700742527,74.28480882427066,2026-02-15 13:53:00,-1
16.792306648508227,74.1576681352473,2026-01-22 03:42:00,-1
16.70150092312201,74.12784577237981,2026-02-10 17:43:00,-1
16.76452893136704,74.33722986121712,2026-01-22 18:37:00,-1
16.625853189179082,74.12804691651503,2026-02-07 20:18:00,-1
16.65361575648194,74.1642675120118,2026-01-13 01:32:00,-1
16.789309288908804,74.14565849824986,2026-02-24 14:19:00,-1
16.676710379386805,74.10186595510294,2026-01-23 06:39:00,-1
16.729681225689667,74.1785336935245,2026-03-07 05:05:00,1
16.795225355832518,74.34354471789969,2026-02-16 14:20:00,-1
16.71015755126615,74.18547582645233,2026-03-22 15:18:00,-1
16.661069189845747,74.22607621986694,2026-01-20 21:43:00,0
16.706389691190413,74.28648394598044,2026-01-25 13:33:00,-1
16.610927439866174,74.2377700255198,2026-01-22 20:58:00,-1
16.62247397481854,74.28589787685307,2026-02-26 18:28:00,-1
16.601434221010454,74.26540896704762,2026-01-10 14:48:00,-1
16.776842008313,74.25214075574975,2026-03-03 18:30:00,-1
16.73425608577992,74.26241222680294,2026-03-15 17:08:00,-1
16.65966595302655,74.29979109051956,2026-03-02 17:33:00,-1
16.64423228384146,74.27754784870027,2026-01-13 02:53:00,-1
16.736615320231557,74.29794373017629,2026-02-14 08:52:00,-1
16.78390641295706,74.13639940957087,2026-02-18 00:19:00,-1
16.659827818210424,74.26941843317763,2026-02-05 04:36:00,-1
16.66431182187736,74.28425547808138,2026-02-11 23:15:00,-1
16.770848145038755,74.1749916081242,2026-03-10 14:44:00,-1
16.77867516317675,74.31864433196081,2026-03-17 02:45:00,-1
16.782807313365957,74.17617790082566,2026-01-28 00:01:00,-1
16.65863084160134,74.16095802984412,2026-01-30 16:26:00,-1
16.62406251351927,74.31677420387012,2026-01-19 17:23:00,-1
16.68799951439971,74.1617549595291,2026-02-06 03:50:00,-1
16.659152973028238,74.20387561560794,2026-02-19 02:59:00,-1
16.776773333362367,74.1919807075092,2026-03-06 05:17:00,-1
16.60732698836071,74.32451545563956,2026-01-25 02:02:00,-1
16.726776093927256,74.21380893457199,2026-01-20 11:17:00,1
16.781236273149624,74.27357723332405,2026-01-03 23:47:00,-1
16.795334073361214,74.29850972616096,2026-01-09 10:48:00,-1
16.73002611985961,74.25697589518678,2026-01-05 15:24:00,-1
16.789984591404476,74.33592362458123,2026-01-19 15:55:00,-1
16.615131892525014,74.30062688231399,2026-03-04 13:13:00,-1
16.67185566919925,74.20005165691872,2026-03-11 16:17:00,-1
16.60174293946535,74.33770296081441,2026-03-29 13:59:00,-1
16.796236754438166,74.23114370831783,2026-02-19 01:24:00,-1
16.780545295753342,74.10564433073621,2026-02-10 22:07:00,-1
16.60561051124964,74.16500331991323,2026-03-22 22:39:00,-1
16.603626530091955,74.25543239675932,2026-01-14 05:39:00,-1
16.673393898821274,74.1392037255811,2026-02-26 17:20:00,-1
16.651707593358182,74.2460170112233,2026-03-15 15:03:00,-1
16.7693864554485,74.19039950557688,2026-02-15 05:30:00,-1
16.632096880654373,74.23359637001457,2026-01-24 12:42:00,-1
16.758129892540172,74.1004687119683,2026-02-25 21:04:00,-1
16.710891939998135,74.31210533866717,2026-03-31 14:33:00,-1
16.675478354280997,74.19048137194387,2026-01-22 05:38:00,-1
16.629143952346677,74.13503960856949,2026-02-20 16:39:00,-1
16.799538261191934,74.20947896425126,2026-01-05 13:39:00,-1
16.72359722418431,74.2215443233722,2026-01-21 22:29:00,-1
16.6878764465136,74.25935067762404,2026-03-11 00:52:00,0
16.674225511310546,74.23114061008806,2026-02-14 15:22:00,0
16.781145646126173,74.11088089551676,2026-01-18 22:19:00,-1
16.764238361638153,74.31787808051944,2026-01-31 04:25:00,-1
16.762237157673646,74.21412723294674,2026-01-11 21:15:00,-1
16.72323969459248,74.11924694313325,2026-03-12 03:39:00,-1
16.777591316539162,74.29320705913229,2026-03-26 20:35:00,-1
16.659855674424417,74.26503860469576,2026-01-10 12:33:00,-1
16.740741227032657,74.2623594431923,2026-01-22 09:56:00,-1
16.68088954847838,74.20672850043388,2026-03-19 03:07:00,0
16.71999976171194,74.20262426565525,2026-03-21 01:55:00,1
16.79963060012254,74.23408465909684,2026-03-11 01:26:00,-1
16.796904956135066,74.11264860322477,2026-03-06 08:30:00,-1
16.70252380329349,74.17473944105447,2026-03-19 12:32:00,-1
16.714772690432966,74.34697354339059,2026-02-03 14:42:00,-1
16.77946435382746,74.26554812228201,2026-03-22 13:11:00,-1
16.79712714250277,74.20473354135433,2026-03-21 19:05:00,-1
16.755721560525217,74.1555907757351,2026-01-21 16:19:00,-1
16.613036891591726,74.28630234047505,2026-01-07 13:41:00,-1
16.664527946868773,74.16507257742654,2026-02-16 21:22:00,-1
16.779312467984063,74.14059252596157,2026-03-10 05:56:00,-1
16.753670501170095,74.13862872505857,2026-03-18 11:49:00,-1
16.748446614204887,74.28231581979118,2026-01-13 19:42:00,-1
16.73358464609363,74.26070256357217,2026-02-03 23:09:00,-1
16.683052769926476,74.1174515248428,2026-03-11 02:33:00,-1
16.680648264068942,74.12876070384054,2026-01-06 10:28:00,-1
16.761786497518163,74.25846171683838,2026-03-07 01:32:00,-1
16.658756058353017,74.24277902546804,2026-01-27 05:55:00,-1
16.736966374540195,74.27149976509295,2026-01-03 00:29:00,-1
16.74524170468479,74.1445097270908,2026-01-22 18:32:00,-1
16.768911197872306,74.28164697655428,2026-03-08 18:20:00,-1
16.663977118141403,74.33402411683264,2026-03-20 07:20:00,-1
16.748377853367643,74.25026257863385,2026-01-08 07:34:00,-1
16.621297979515738,74.14903250491069,2026-02-11 17:54:00,-1
16.627612345790382,74.26988596382103,2026-01-19 02:32:00,-1
16.68346720803468,74.18577042088651,2026-03-03 12:27:00,-1
16.61104515527105,74.11232193659643,2026-03-12 06:17:00,-1
16.78953966429307,74.17558467383812,2026-03-28 14:10:00,-1
16.780379162101873,74.32639627548753,2026-02-01 22:38:00,-1
16.60978673910517,74.20278483004398,2026-01-27 22:14:00,-1
16.767662344378458,74.31616633450777,2026-01-28 21:14:00,-1
16.701774834818007,74.22716483588069,2026-03-10 12:11:00,0
16.74039257767471,74.22924449723989,2026-02-10 01:22:00,-1
16.777386233859637,74.10130408026622,2026-01-03 01:10:00,-1
16.71539489741554,74.25927601832224,2026-03-27 06:51:00,0
16.623265420056928,74.1269534612576,2026-01-10 08:53:00,-1
16.60051572209732,74.21968710367051,2026-03-25 12:51:00,-1
16.69938430645029,74.16507921391452,2026-01-15 13:37:00,-1
16.789846426424873,74.19809574145732,2026-02-18 10:22:00,-1
16.71452437432264,74.23426933891669,2026-01-29 02:49:00,0
16.674587827617646,74.10361602865049,2026-03-03 19:28:00,-1
16.606184403416183,74.1711458958179,2026-02-06 06:27:00,-1
16.78299588345564,74.34740298357296,2026-02-03 01:27:00,-1
16.66543133217161,74.11434978145513,2026-02-12 22:21:00,-1
16.740955480263022,74.17984837203933,2026-03-29 09:01:00,-1
16.738847440422294,74.18035536874116,2026-01-23 01:54:00,-1
16.65077663227375,74.19484648023318,2026-01-20 18:35:00,-1
16.612755501292146,74.27119522961058,2026-01-06 23:01:00,-1
16.67700007573437,74.16193594967073,2026-03-08 11:29:00,-1
16.66342620276744,74.21506733603401,2026-03-02 23:26:00,0
16.740051279774466,74.2612158917131,2026-02-24 18:55:00,-1
16.763956499131968,74.18058051458215,2026-01-03 03:06:00,-1
16.644489083478337,74.33719314512581,2026-03-13 03:39:00,-1
16.70564621395529,74.34491815873567,2026-03-14 20:27:00,-1
16.608121669477633,74.12991839192188,2026-03-27 01:13:00,-1
16.642851164586695,74.1859549711002,2026-03-25 14:58:00,-1
16.752352321064418,74.15199301745162,2026-01-24 16:27:00,-1
16.758679664097816,74.14669739888927,2026-03-05 22:23:00,-1
16.628477584997654,74.24095677703372,2026-02-23 15:16:00,-1
16.710206945493685,74.20641301014939,2026-01-30 22:11:00,1
16.68454168288868,74.16813871827434,2026-03-01 03:09:00,-1
16.798297259359018,74.1696553935634,2026-03-27 17:57:00,-1
16.730813973811667,74.34803203908518,2026-02-28 16:47:00,-1
16.787040418279148,74.33091934349756,2026-03-24 21:02:00,-1
16.629070061001688,74.11897471024733,2026-03-25 20:28:00,-1
16.690174654620048,74.26413766299902,2026-01-11 16:46:00,0
16.754321520021175,74.2142194018712,2026-03-28 18:54:00,-1
16.67357154560608,74.27220352429978,2026-03-15 15:28:00,-1
16.72650169923073,74.24924017638513,2026-02-08 09:41:00,-1
16.702340434474735,74.3223131000206,2026-02-24 00:10:00,-1
16.7983858818436,74.1167470785722,2026-02-25 12:53:00,-1
16.6347745080131,74.18739947801443,2026-03-12 18:35:00,-1
16.787069739066027,74.34637353144389,2026-03-14 06:03:00,-1
16.68031419076066,74.14557133724765,2026-01-10 05:16:00,-1
16.69359859327546,74.13183335987665,2026-01-01 02:14:00,-1
16.705720376737997,74.28224300150013,2026-01-23 04:25:00,-1
16.653073309886718,74.29435879000437,2026-02-17 10:21:00,-1
16.792731488522158,74.26806838691866,2026-03-18 10:15:00,-1
16.782297441046957,74.29404895718997,2026-02-28 18:12:00,-1
16.794581020042273,74.27343039302329,2026-01-13 05:30:00,-1
16.799383914441904,74.13394267057228,2026-03-06 13:09:00,-1
16.733960019036196,74.25205547436963,2026-02-12 03:16:00,-1
16.77014678029926,74.31637915158112,2026-03-11 10:46:00,-1
16.60476097556727,74.16155881067093,2026-01-27 14:35:00,-1
16.7668808089427,74.13185769023463,2026-02-25 16:19:00,-1
16.6994572048422,74.29527261089564,2026-01-17 09:25:00,-1
16.734644005416683,74.1641370862589,2026-02-04 08:10:00,-1
16.674809212268503,74.10798236958021,2026-02-20 04:52:00,-1
16.673724630773364,74.30630339091232,2026-02-26 02:34:00,-1
16.60634343056218,74.22649778345271,2026-03-24 17:41:00,-1
16.684757886085805,74.1816582831071,2026-01-27 03:08:00,-1
16.681670839083868,74.10285727630789,2026-03-22 15:18:00,-1
16.644958220373617,74.10883186117698,2026-03-15 11:52:00,-1
16.649464654707955,74.29815581764007,2026-02-02 09:31:00,-1
16.716827916088505,74.2224264712412,2026-01-13 14:34:00,-1
16.663554288507903,74.13743051232412,2026-01-24 04:58:00,-1
16.76605038180346,74.18962640681225,2026-03-01 04:52:00,-1
16.622277021371413,74.14132628688438,2026-03-12 23:47:00,-1
16.71552898931501,74.12822038829509,2026-02-25 02:30:00,-1
16.63200894542782,74.16907695516853,2026-03-07 05:57:00,-1
16.705648125384133,74.23737713686559,2026-01-10 03:39:00,0
16.710509177390065,74.15250165195305,2026-02-15 11:32:00,-1
16.728459537305145,74.18591777032118,2026-03-20 15:22:00,1
16.68548498945458,74.2194827209891,2026-02-05 00:18:00,0
16.701894937025852,74.20500743479579,2026-03-22 21:35:00,-1
16.63619052321626,74.13215694978031,2026-01-12 03:24:00,-1
16.692603069947268,74.10971640888397,2026-03-30 02:04:00,-1
16.674606077818858,74.10886468173723,2026-03-12 15:53:00,-1
16.733226220930884,74.18754475450696,2026-02-26 08:39:00,1
16.686964344699298,74.27970051963433,2026-02-25 13:43:00,0
16.755868330196044,74.13281382468232,2026-03-26 06:28:00,-1
16.68519841971474,74.2967450290911,2026-02-03 22:03:00,-1
16.647154234594794,74.27891857732845,2026-01-15 20:15:00,-1
16.654737743791717,74.1009858727214,2026-03-24 16:34:00,-1
16.60905704501833,74.10668696824546,2026-01-10 05:57:00,-1
16.707983762120183,74.1487583038845,2026-03-01 08:53:00,-1
16.766176176780064,74.11403022776264,2026-01-24 22:32:00,-1
16.753822341363517,74.23283577631757,2026-03-25 15:09:00,-1
16.687557893267694,74.1099068153646,2026-03-29 15:07:00,-1
16.639224071028902,74.30066145949884,2026-02-12 16:43:00,-1
16.772696888659492,74.22324051723645,2026-02-17 23:50:00,-1
16.611356206809017,74.28198859166811,2026-02-10 21:58:00,-1
16.6798445450405,74.28767563773395,2026-02-08 06:28:00,-1
16.77132302847679,74.22669098491755,2026-03-26 08:26:00,-1
16.67863533748084,74.33134071906336,2026-01-26 20:08:00,-1
16.623575094151395,74.34756019346382,2026-03-28 09:08:00,-1
16.65318990006916,74.18980367150363,2026-02-28 12:54:00,-1
16.72000588834859,74.1314660350623,2026-03-28 11:15:00,-1
16.630407181538917,74.19080954466196,2026-02-25 02:07:00,-1
16.73098706536847,74.15583847425356,2026-03-15 16:49:00,-1
16.68763238623985,74.23275141676544,2026-02-14 02:20:00,0
16.666877900164106,74.1945969003131,2026-02-11 14:47:00,-1
16.648185096104633,74.2201123535717,2026-01-24 04:10:00,-1
16.764665997171342,74.290796894019,2026-01-19 22:14:00,-1
16.679334789492682,74.16850524363545,2026-01-04 09:24:00,-1
16.747695853121247,74.23436868115992,2026-02-04 12:13:00,-1
16.68807103852748,74.18379031233216,2026-03-30 21:31:00,-1
16.618373437377358,74.29624021603016,2026-03-26 10:43:00,-1
16.688101195033454,74.25988415810191,2026-03-04 02:52:00,0
16.701537555947155,74.10212618262764,2026-02-02 17:16:00,-1
16.691568438698678,74.2650128352763,2026-02-16 19:59:00,0
16.763248342349655,74.14254050201664,2026-03-10 02:30:00,-1
16.782170269808606,74.28111844755075,2026-01-01 04:20:00,-1
16.757355735042207,74.24183466671136,2026-03-25 01:41:00,-1
16.716556380442192,74.20037066943078,2026-03-20 08:09:00,1
16.70828999211098,74.27351660730181,2026-03-29 08:02:00,0
16.72892320602473,74.31414832146719,2026-01-09 11:48:00,-1
16.657566059287877,74.29468592846551,2026-03-27 06:58:00,-1
16.762369369229738,74.23634481914297,2026-02-25 05:09:00,-1
16.771369635520735,74.28067358006487,2026-02-19 22:55:00,-1
16.65344343263637,74.20347863859818,2026-01-17 03:46:00,-1
16.780563641628017,74.29725653039078,2026-02-14 06:27:00,-1
16.769746544798334,74.3072629729057,2026-02-02 16:43:00,-1
16.684897353496503,74.13432345921909,2026-03-30 21:18:00,-1
16.78180004041855,74.15950783989848,2026-01-31 13:46:00,-1
16.624087798762304,74.16749718433728,2026-01-20 15:16:00,-1
16.60559731184178,74.14152042974551,2026-03-27 04:10:00,-1
16.66957336511881,74.19813375172436,2026-01-17 21:03:00,-1
16.71308713976547,74.1482583028624,2026-03-23 09:42:00,-1
16.670288522906574,74.24888482773164,2026-03-28 16:28:00,-1
16.788413546734272,74.1254038607244,2026-01-28 15:53:00,-1
16.650942045811032,74.16747978825668,2026-03-04 00:39:00,-1
16.656242678718538,74.26638016148658,2026-03-13 16:59:00,-1
16.726965522508973,74.19963628078334,2026-02-18 06:24:00,1
16.600772776468343,74.20536568546335,2026-03-04 17:29:00,-1
16.74551141047092,74.2994813132396,2026-01-12 21:13:00,-1
16.675493896618633,74.34612788832274,2026-02-16 10:37:00,-1
16.79554957352866,74.24126694581355,2026-02-16 04:35:00,-1
16.73828351860595,74.1197667928659,2026-02-20 23:35:00,-1
16.61044299101647,74.1257257435559,2026-03-26 23:31:00,-1
16.618525561748395,74.34212518050735,2026-03-16 05:21:00,-1
16.617633621384833,74.26980872818712,2026-02-24 06:14:00,-1
16.79052445197839,74.28811727958345,2026-02-06 07:12:00,-1
16.73681030824352,74.26894093942138,2026-02-06 09:59:00,-1
16.68552120145779,74.14490440042378,2026-01-02 19:33:00,-1
16.640096537976007,74.21209054020619,2026-02-19 14:22:00,-1
16.77472794928716,74.29952010940484,2026-01-23 17:18:00,-1
16.64031118553427,74.3165907407355,2026-03-21 18:04:00,-1
16.741335843295165,74.15933387868658,2026-03-11 15:00:00,-1
16.75266487230907,74.24899044770845,2026-03-24 03:45:00,-1
16.658931217771084,74.13927547568461,2026-03-31 14:57:00,-1
16.70098294743413,74.33956921828043,2026-02-06 00:11:00,-1
16.64459785646368,74.16305107224812,2026-02-08 13:19:00,-1
16.675785931491102,74.28165878215097,2026-02-24 17:24:00,-1
16.793026879656004,74.15777823605671,2026-02-08 17:54:00,-1
16.738627606930887,74.25401348571963,2026-01-26 03:04:00,-1
16.769322841238104,74.26481607675566,2026-03-05 15:24:00,-1
16.70811991429335,74.18210702586369,2026-02-10 14:20:00,-1
16.647807948430273,74.3047084663565,2026-03-26 18:23:00,-1
16.74257597133344,74.32134272456186,2026-01-20 18:56:00,-1
16.700113592158115,74.31376748256349,2026-02-09 22:35:00,-1
16.635369773621413,74.18269955486618,2026-02-17 19:58:00,-1
16.682485977923644,74.28608506475315,2026-03-23 16:57:00,-1
16.72696804380326,74.2398726887173,2026-02-22 00:59:00,-1
16.747066371336448,74.248157081123,2026-01-07 05:09:00,-1
16.648644159178072,74.21935627131461,2026-01-31 09:43:00,-1
16.775199467869868,74.25006528699221,2026-03-21 17:57:00,-1
16.675910221414938,74.13391353950894,2026-01-25 11:46:00,-1
16.65422734357855,74.20221180827936,2026-01-31 15:47:00,-1
16.639024011090747,74.14441794049698,2026-01-14 14:12:00,-1
16.760834266880597,74.17002638274285,2026-03-06 17:53:00,-1
16.670832914993213,74.13195363398053,2026-01-13 13:24:00,-1
16.69667980557759,74.1531239013055,2026-02-03 02:27:00,-1
16.644563964712777,74.29548231394692,2026-03-06 00:45:00,-1
16.73721821423379,74.23745911554441,2026-03-22 14:15:00,-1
16.756206681510484,74.10591077962805,2026-01-20 22:44:00,-1
16.66788504979067,74.29713112095052,2026-01-30 21:30:00,-1
16.78901587707428,74.32736709898236,2026-01-11 14:49:00,-1
16.606122121912048,74.32010731894566,2026-02-09 09:49:00,-1
16.62658862065481,74.30575422071833,2026-03-31 21:33:00,-1
16.7177574063121,74.34805411070023,2026-01-28 09:07:00,-1
16.740281372409676,74.24660048888448,2026-01-24 09:25:00,-1
16.650136597901813,74.34064690712871,2026-02-05 23:23:00,-1
16.71081421937827,74.33721105812535,2026-03-22 15:27:00,-1
16.663677249408565,74.17830968262585,2026-02-19 05:38:00,-1
16.710817849124318,74.31585843901397,2026-02-24 19:50:00,-1
16.731865535552853,74.29811816638968,2026-03-12 05:57:00,-1
16.794561610713814,74.29394969435026,2026-03-06 08:33:00,-1
16.691139372004237,74.32407019282297,2026-02-23 21:31:00,-1
16.729643208054277,74.19604750248007,2026-02-20 11:35:00,1
16.715607849583986,74.20001374147184,2026-02-17 23:48:00,1
16.663510978777516,74.2600130773009,2026-01-17 06:33:00,-1
16.650612826339547,74.28445113445358,2026-02-07 06:57:00,-1
16.797574144348946,74.3199342756644,2026-03-18 05:37:00,-1
16.641370472340306,74.31896133016481,2026-01-04 13:04:00,-1
16.758055053414846,74.28033490609656,2026-03-16 12:25:00,-1
16.629317478204154,74.33922319445537,2026-02-20 22:25:00,-1
16.760870253872252,74.14465715473655,2026-02-01 11:19:00,-1
16.63714568859791,74.33758496179502,2026-01-11 06:22:00,-1
16.793431328803234,74.1160478705084,2026-03-10 17:55:00,-1
16.737197531314905,74.23890547029798,2026-01-01 01:31:00,-1
16.618023648735168,74.12254923925202,2026-02-18 20:58:00,-1
